[{"stream_name":"stderr","time":8.319963332,"data":"0.00s - Debugger warning: It seems that frozen modules are being used, which may\n"}
,{"stream_name":"stderr","time":8.320050904,"data":"0.00s - make the debugger miss breakpoints. Please pass -Xfrozen_modules=off\n"}
,{"stream_name":"stderr","time":8.320057503,"data":"0.00s - to python to disable frozen modules.\n"}
,{"stream_name":"stderr","time":8.320061146,"data":"0.00s - Note: Debugging will proceed. Set PYDEVD_DISABLE_FILE_VALIDATION=1 to disable this validation.\n"}
,{"stream_name":"stderr","time":8.945946506,"data":"0.00s - Debugger warning: It seems that frozen modules are being used, which may\n"}
,{"stream_name":"stderr","time":8.945975178,"data":"0.00s - make the debugger miss breakpoints. Please pass -Xfrozen_modules=off\n"}
,{"stream_name":"stderr","time":8.945980566,"data":"0.00s - to python to disable frozen modules.\n"}
,{"stream_name":"stderr","time":8.945984283,"data":"0.00s - Note: Debugging will proceed. Set PYDEVD_DISABLE_FILE_VALIDATION=1 to disable this validation.\n"}
,{"stream_name":"stdout","time":13.284387169,"data":"\u001b[?25l   \u001b[90m━━━━━━━━━━━━━━━━━━━━━━━━━━━━━━━━━━━━━━━━\u001b[0m \u001b[32m0.0/1.5 MB\u001b[0m \u001b[31m?\u001b[0m eta \u001b[36m-:--:--\u001b[0m\r\u001b[2K   \u001b[91m━━━━━━━━━━━━━━\u001b[0m\u001b[90m╺\u001b[0m\u001b[90m━━━━━━━━━━━━━━━━━━━━━━━━━\u001b[0m \u001b[32m0.5/1.5 MB\u001b[0m \u001b[31m16.3 MB/s\u001b[0m eta \u001b[36m0:00:01\u001b[0m\r\u001b[2K   \u001b[90m━━━━━━━━━━━━━━━━━━━━━━━━━━━━━━━━━━━━━━━━\u001b[0m \u001b[32m1.5/1.5 MB\u001b[0m \u001b[31m24.4 MB/s\u001b[0m eta \u001b[36m0:00:00\u001b[0m\r\n"}
,{"stream_name":"stdout","time":13.284448079,"data":"\u001b[?25h\u001b[?25l   \u001b[90m━━━━━━━━━━━━━━━━━━━━━━━━━━━━━━━━━━━━━━━━\u001b[0m \u001b[32m0.0/44.8 kB\u001b[0m \u001b[31m?\u001b[0m eta \u001b[36m-:--:--\u001b[0m\r\u001b[2K   \u001b[90m━━━━━━━━━━━━━━━━━━━━━━━━━━━━━━━━━━━━━━━━\u001b[0m \u001b[32m44.8/44.8 kB\u001b[0m \u001b[31m2.8 MB/s\u001b[0m eta \u001b[36m0:00:00\u001b[0m\r\n"}
,{"stream_name":"stdout","time":79.902596447,"data":"\u001b[?25hUsing device: cuda\n"}
,{"stream_name":"stderr","time":80.129328402,"data":"\r  0%|          | 0.00/2.64G [00:00\u003c?, ?B/s]\n"}
,{"stream_name":"stderr","time":80.266986979,"data":"\r  0%|          | 0.00/2.64G [00:00\u003c?, ?B/s]\r  0%|          | 65.5k/2.64G [00:00\u003c1:31:36, 480kB/s]\n"}
,{"stream_name":"stderr","time":80.405261479,"data":"\r  0%|          | 65.5k/2.64G [00:00\u003c1:31:36, 480kB/s]\r  0%|          | 164k/2.64G [00:00\u003c1:11:26, 616kB/s] \n"}
,{"stream_name":"stderr","time":80.543874406,"data":"\r  0%|          | 164k/2.64G [00:00\u003c1:11:26, 616kB/s] \r  0%|          | 295k/2.64G [00:00\u003c57:22, 767kB/s]  \n"}
,{"stream_name":"stderr","time":80.682588094,"data":"\r  0%|          | 295k/2.64G [00:00\u003c57:22, 767kB/s]  \r  0%|          | 492k/2.64G [00:00\u003c42:56, 1.02MB/s]\n"}
,{"stream_name":"stderr","time":80.821110274,"data":"\r  0%|          | 492k/2.64G [00:00\u003c42:56, 1.02MB/s]\r  0%|          | 754k/2.64G [00:00\u003c32:53, 1.34MB/s]\n"}
,{"stream_name":"stderr","time":80.960060409,"data":"\r  0%|          | 754k/2.64G [00:00\u003c32:53, 1.34MB/s]\r  0%|          | 1.11M/2.64G [00:00\u003c24:53, 1.77MB/s]\n"}
,{"stream_name":"stderr","time":81.097888392,"data":"\r  0%|          | 1.11M/2.64G [00:00\u003c24:53, 1.77MB/s]\r  0%|          | 1.61M/2.64G [00:00\u003c18:41, 2.35MB/s]\n"}
,{"stream_name":"stderr","time":81.236254923,"data":"\r  0%|          | 1.61M/2.64G [00:00\u003c18:41, 2.35MB/s]\r  0%|          | 2.23M/2.64G [00:01\u003c14:28, 3.04MB/s]\n"}
,{"stream_name":"stderr","time":81.374825442,"data":"\r  0%|          | 2.23M/2.64G [00:01\u003c14:28, 3.04MB/s]\r  0%|          | 3.05M/2.64G [00:01\u003c11:09, 3.94MB/s]\n"}
,{"stream_name":"stderr","time":81.513288232,"data":"\r  0%|          | 3.05M/2.64G [00:01\u003c11:09, 3.94MB/s]\r  0%|          | 4.06M/2.64G [00:01\u003c08:48, 4.99MB/s]\n"}
,{"stream_name":"stderr","time":81.651390381,"data":"\r  0%|          | 4.06M/2.64G [00:01\u003c08:48, 4.99MB/s]\r  0%|          | 5.34M/2.64G [00:01\u003c06:59, 6.29MB/s]\n"}
,{"stream_name":"stderr","time":81.789343443,"data":"\r  0%|          | 5.34M/2.64G [00:01\u003c06:59, 6.29MB/s]\r  0%|          | 6.98M/2.64G [00:01\u003c05:30, 7.98MB/s]\n"}
,{"stream_name":"stderr","time":81.928110627,"data":"\r  0%|          | 6.98M/2.64G [00:01\u003c05:30, 7.98MB/s]\r  0%|          | 9.04M/2.64G [00:01\u003c04:21, 10.1MB/s]\n"}
,{"stream_name":"stderr","time":82.066554983,"data":"\r  0%|          | 9.04M/2.64G [00:01\u003c04:21, 10.1MB/s]\r  0%|          | 11.5M/2.64G [00:01\u003c03:30, 12.5MB/s]\n"}
,{"stream_name":"stderr","time":82.205137499,"data":"\r  0%|          | 11.5M/2.64G [00:01\u003c03:30, 12.5MB/s]\r  1%|          | 14.5M/2.64G [00:02\u003c02:52, 15.2MB/s]\n"}
,{"stream_name":"stderr","time":82.344226476,"data":"\r  1%|          | 14.5M/2.64G [00:02\u003c02:52, 15.2MB/s]\r  1%|          | 18.0M/2.64G [00:02\u003c02:24, 18.2MB/s]\n"}
,{"stream_name":"stderr","time":82.483189351,"data":"\r  1%|          | 18.0M/2.64G [00:02\u003c02:24, 18.2MB/s]\r  1%|          | 22.0M/2.64G [00:02\u003c02:02, 21.4MB/s]\n"}
,{"stream_name":"stderr","time":82.622724606,"data":"\r  1%|          | 22.0M/2.64G [00:02\u003c02:02, 21.4MB/s]\r  1%|          | 26.6M/2.64G [00:02\u003c01:44, 25.0MB/s]\n"}
,{"stream_name":"stderr","time":82.762597956,"data":"\r  1%|          | 26.6M/2.64G [00:02\u003c01:44, 25.0MB/s]\r  1%|          | 30.7M/2.64G [00:02\u003c01:39, 26.3MB/s]\n"}
,{"stream_name":"stderr","time":82.900648206,"data":"\r  1%|          | 30.7M/2.64G [00:02\u003c01:39, 26.3MB/s]\r  1%|▏         | 34.4M/2.64G [00:02\u003c01:38, 26.4MB/s]\n"}
,{"stream_name":"stderr","time":83.04083479,"data":"\r  1%|▏         | 34.4M/2.64G [00:02\u003c01:38, 26.4MB/s]\r  1%|▏         | 38.1M/2.64G [00:02\u003c01:38, 26.5MB/s]\n"}
,{"stream_name":"stderr","time":83.140458495,"data":"\r  1%|▏         | 38.1M/2.64G [00:02\u003c01:38, 26.5MB/s]\r  2%|▏         | 41.1M/2.64G [00:03\u003c01:35, 27.2MB/s]\n"}
,{"stream_name":"stderr","time":83.283843151,"data":"\r  2%|▏         | 41.1M/2.64G [00:03\u003c01:35, 27.2MB/s]\r  2%|▏         | 43.8M/2.64G [00:03\u003c01:45, 24.6MB/s]\n"}
,{"stream_name":"stderr","time":83.415022088,"data":"\r  2%|▏         | 43.8M/2.64G [00:03\u003c01:45, 24.6MB/s]\r  2%|▏         | 46.4M/2.64G [00:03\u003c01:52, 23.0MB/s]\n"}
,{"stream_name":"stderr","time":83.552683045,"data":"\r  2%|▏         | 46.4M/2.64G [00:03\u003c01:52, 23.0MB/s]\r  2%|▏         | 48.7M/2.64G [00:03\u003c02:02, 21.1MB/s]\n"}
,{"stream_name":"stderr","time":83.653145841,"data":"\r  2%|▏         | 48.7M/2.64G [00:03\u003c02:02, 21.1MB/s]\r  2%|▏         | 51.1M/2.64G [00:03\u003c01:59, 21.7MB/s]\n"}
,{"stream_name":"stderr","time":83.783633198,"data":"\r  2%|▏         | 51.1M/2.64G [00:03\u003c01:59, 21.7MB/s]\r  2%|▏         | 53.3M/2.64G [00:03\u003c02:07, 20.3MB/s]\n"}
,{"stream_name":"stderr","time":83.884244734,"data":"\r  2%|▏         | 53.3M/2.64G [00:03\u003c02:07, 20.3MB/s]\r  2%|▏         | 55.7M/2.64G [00:03\u003c02:01, 21.2MB/s]\n"}
,{"stream_name":"stderr","time":84.014990111,"data":"\r  2%|▏         | 55.7M/2.64G [00:03\u003c02:01, 21.2MB/s]\r  2%|▏         | 58.0M/2.64G [00:03\u003c02:08, 20.0MB/s]\n"}
,{"stream_name":"stderr","time":84.116319263,"data":"\r  2%|▏         | 58.0M/2.64G [00:03\u003c02:08, 20.0MB/s]\r  2%|▏         | 60.5M/2.64G [00:03\u003c02:02, 21.1MB/s]\n"}
,{"stream_name":"stderr","time":84.246089929,"data":"\r  2%|▏         | 60.5M/2.64G [00:03\u003c02:02, 21.1MB/s]\r  2%|▏         | 62.8M/2.64G [00:04\u003c02:08, 20.0MB/s]\n"}
,{"stream_name":"stderr","time":84.345886528,"data":"\r  2%|▏         | 62.8M/2.64G [00:04\u003c02:08, 20.0MB/s]\r  2%|▏         | 65.2M/2.64G [00:04\u003c02:00, 21.3MB/s]\n"}
,{"stream_name":"stderr","time":84.477884884,"data":"\r  2%|▏         | 65.2M/2.64G [00:04\u003c02:00, 21.3MB/s]\r  3%|▎         | 67.6M/2.64G [00:04\u003c02:06, 20.3MB/s]\n"}
,{"stream_name":"stderr","time":84.578502234,"data":"\r  3%|▎         | 67.6M/2.64G [00:04\u003c02:06, 20.3MB/s]\r  3%|▎         | 70.1M/2.64G [00:04\u003c01:59, 21.5MB/s]\n"}
,{"stream_name":"stderr","time":84.707242387,"data":"\r  3%|▎         | 70.1M/2.64G [00:04\u003c01:59, 21.5MB/s]\r  3%|▎         | 72.5M/2.64G [00:04\u003c02:05, 20.5MB/s]\n"}
,{"stream_name":"stderr","time":84.807398842,"data":"\r  3%|▎         | 72.5M/2.64G [00:04\u003c02:05, 20.5MB/s]\r  3%|▎         | 75.1M/2.64G [00:04\u003c01:57, 21.8MB/s]\n"}
,{"stream_name":"stderr","time":84.93960616,"data":"\r  3%|▎         | 75.1M/2.64G [00:04\u003c01:57, 21.8MB/s]\r  3%|▎         | 77.5M/2.64G [00:04\u003c02:03, 20.7MB/s]\n"}
,{"stream_name":"stderr","time":85.039158984,"data":"\r  3%|▎         | 77.5M/2.64G [00:04\u003c02:03, 20.7MB/s]\r  3%|▎         | 80.1M/2.64G [00:04\u003c01:56, 22.0MB/s]\n"}
,{"stream_name":"stderr","time":85.168938556,"data":"\r  3%|▎         | 80.1M/2.64G [00:04\u003c01:56, 22.0MB/s]\r  3%|▎         | 82.5M/2.64G [00:05\u003c02:02, 21.0MB/s]\n"}
,{"stream_name":"stderr","time":85.269670229,"data":"\r  3%|▎         | 82.5M/2.64G [00:05\u003c02:02, 21.0MB/s]\r  3%|▎         | 84.7M/2.64G [00:05\u003c02:01, 21.1MB/s]\n"}
,{"stream_name":"stderr","time":85.40414518,"data":"\r  3%|▎         | 84.7M/2.64G [00:05\u003c02:01, 21.1MB/s]\r  3%|▎         | 86.8M/2.64G [00:05\u003c02:11, 19.4MB/s]\n"}
,{"stream_name":"stderr","time":85.504153213,"data":"\r  3%|▎         | 86.8M/2.64G [00:05\u003c02:11, 19.4MB/s]\r  3%|▎         | 88.8M/2.64G [00:05\u003c02:10, 19.6MB/s]\n"}
,{"stream_name":"stderr","time":85.640427013,"data":"\r  3%|▎         | 88.8M/2.64G [00:05\u003c02:10, 19.6MB/s]\r  3%|▎         | 90.8M/2.64G [00:05\u003c02:22, 17.9MB/s]\n"}
,{"stream_name":"stderr","time":85.771726587,"data":"\r  3%|▎         | 90.8M/2.64G [00:05\u003c02:22, 17.9MB/s]\r  4%|▎         | 92.7M/2.64G [00:05\u003c02:33, 16.6MB/s]\n"}
,{"stream_name":"stderr","time":85.871795117,"data":"\r  4%|▎         | 92.7M/2.64G [00:05\u003c02:33, 16.6MB/s]\r  4%|▎         | 94.6M/2.64G [00:05\u003c02:26, 17.3MB/s]\n"}
,{"stream_name":"stderr","time":86.002399972,"data":"\r  4%|▎         | 94.6M/2.64G [00:05\u003c02:26, 17.3MB/s]\r  4%|▎         | 96.4M/2.64G [00:05\u003c02:37, 16.2MB/s]\n"}
,{"stream_name":"stderr","time":86.102741785,"data":"\r  4%|▎         | 96.4M/2.64G [00:05\u003c02:37, 16.2MB/s]\r  4%|▎         | 98.3M/2.64G [00:05\u003c02:30, 16.9MB/s]\n"}
,{"stream_name":"stderr","time":86.233290202,"data":"\r  4%|▎         | 98.3M/2.64G [00:05\u003c02:30, 16.9MB/s]\r  4%|▍         | 100M/2.64G [00:06\u003c02:38, 16.1MB/s] \n"}
,{"stream_name":"stderr","time":86.334204723,"data":"\r  4%|▍         | 100M/2.64G [00:06\u003c02:38, 16.1MB/s] \r  4%|▍         | 102M/2.64G [00:06\u003c02:29, 17.0MB/s]\n"}
,{"stream_name":"stderr","time":86.464834421,"data":"\r  4%|▍         | 102M/2.64G [00:06\u003c02:29, 17.0MB/s]\r  4%|▍         | 104M/2.64G [00:06\u003c02:36, 16.2MB/s]\n"}
,{"stream_name":"stderr","time":86.565848451,"data":"\r  4%|▍         | 104M/2.64G [00:06\u003c02:36, 16.2MB/s]\r  4%|▍         | 106M/2.64G [00:06\u003c02:27, 17.2MB/s]\n"}
,{"stream_name":"stderr","time":86.696221981,"data":"\r  4%|▍         | 106M/2.64G [00:06\u003c02:27, 17.2MB/s]\r  4%|▍         | 108M/2.64G [00:06\u003c02:35, 16.3MB/s]\n"}
,{"stream_name":"stderr","time":86.796328997,"data":"\r  4%|▍         | 108M/2.64G [00:06\u003c02:35, 16.3MB/s]\r  4%|▍         | 110M/2.64G [00:06\u003c02:24, 17.5MB/s]\n"}
,{"stream_name":"stderr","time":86.927239523,"data":"\r  4%|▍         | 110M/2.64G [00:06\u003c02:24, 17.5MB/s]\r  4%|▍         | 112M/2.64G [00:06\u003c02:33, 16.4MB/s]\n"}
,{"stream_name":"stderr","time":87.027881578,"data":"\r  4%|▍         | 112M/2.64G [00:06\u003c02:33, 16.4MB/s]\r  4%|▍         | 114M/2.64G [00:06\u003c02:22, 17.7MB/s]\n"}
,{"stream_name":"stderr","time":87.158596799,"data":"\r  4%|▍         | 114M/2.64G [00:06\u003c02:22, 17.7MB/s]\r  4%|▍         | 116M/2.64G [00:07\u003c02:32, 16.6MB/s]\n"}
,{"stream_name":"stderr","time":87.258713739,"data":"\r  4%|▍         | 116M/2.64G [00:07\u003c02:32, 16.6MB/s]\r  4%|▍         | 118M/2.64G [00:07\u003c02:20, 18.0MB/s]\n"}
,{"stream_name":"stderr","time":87.389235552,"data":"\r  4%|▍         | 118M/2.64G [00:07\u003c02:20, 18.0MB/s]\r  5%|▍         | 120M/2.64G [00:07\u003c02:30, 16.8MB/s]\n"}
,{"stream_name":"stderr","time":87.489679975,"data":"\r  5%|▍         | 120M/2.64G [00:07\u003c02:30, 16.8MB/s]\r  5%|▍         | 122M/2.64G [00:07\u003c02:18, 18.1MB/s]\n"}
,{"stream_name":"stderr","time":87.620616395,"data":"\r  5%|▍         | 122M/2.64G [00:07\u003c02:18, 18.1MB/s]\r  5%|▍         | 124M/2.64G [00:07\u003c02:28, 16.9MB/s]\n"}
,{"stream_name":"stderr","time":87.720844164,"data":"\r  5%|▍         | 124M/2.64G [00:07\u003c02:28, 16.9MB/s]\r  5%|▍         | 126M/2.64G [00:07\u003c02:17, 18.2MB/s]\n"}
,{"stream_name":"stderr","time":87.851384041,"data":"\r  5%|▍         | 126M/2.64G [00:07\u003c02:17, 18.2MB/s]\r  5%|▍         | 128M/2.64G [00:07\u003c02:26, 17.1MB/s]\n"}
,{"stream_name":"stderr","time":87.952573718,"data":"\r  5%|▍         | 128M/2.64G [00:07\u003c02:26, 17.1MB/s]\r  5%|▍         | 130M/2.64G [00:07\u003c02:15, 18.5MB/s]\n"}
,{"stream_name":"stderr","time":88.082656085,"data":"\r  5%|▍         | 130M/2.64G [00:07\u003c02:15, 18.5MB/s]\r  5%|▌         | 132M/2.64G [00:07\u003c02:25, 17.3MB/s]\n"}
,{"stream_name":"stderr","time":88.184100175,"data":"\r  5%|▌         | 132M/2.64G [00:07\u003c02:25, 17.3MB/s]\r  5%|▌         | 135M/2.64G [00:08\u003c02:14, 18.6MB/s]\n"}
,{"stream_name":"stderr","time":88.314903575,"data":"\r  5%|▌         | 135M/2.64G [00:08\u003c02:14, 18.6MB/s]\r  5%|▌         | 137M/2.64G [00:08\u003c02:24, 17.4MB/s]\n"}
,{"stream_name":"stderr","time":88.416183184,"data":"\r  5%|▌         | 137M/2.64G [00:08\u003c02:24, 17.4MB/s]\r  5%|▌         | 139M/2.64G [00:08\u003c02:13, 18.7MB/s]\n"}
,{"stream_name":"stderr","time":88.545929941,"data":"\r  5%|▌         | 139M/2.64G [00:08\u003c02:13, 18.7MB/s]\r  5%|▌         | 141M/2.64G [00:08\u003c02:23, 17.5MB/s]\n"}
,{"stream_name":"stderr","time":88.646854544,"data":"\r  5%|▌         | 141M/2.64G [00:08\u003c02:23, 17.5MB/s]\r  5%|▌         | 143M/2.64G [00:08\u003c02:12, 18.9MB/s]\n"}
,{"stream_name":"stderr","time":88.777698145,"data":"\r  5%|▌         | 143M/2.64G [00:08\u003c02:12, 18.9MB/s]\r  5%|▌         | 145M/2.64G [00:08\u003c02:22, 17.5MB/s]\n"}
,{"stream_name":"stderr","time":88.878415507,"data":"\r  5%|▌         | 145M/2.64G [00:08\u003c02:22, 17.5MB/s]\r  6%|▌         | 147M/2.64G [00:08\u003c02:11, 19.0MB/s]\n"}
,{"stream_name":"stderr","time":89.009384416,"data":"\r  6%|▌         | 147M/2.64G [00:08\u003c02:11, 19.0MB/s]\r  6%|▌         | 149M/2.64G [00:08\u003c02:20, 17.7MB/s]\n"}
,{"stream_name":"stderr","time":89.109439442,"data":"\r  6%|▌         | 149M/2.64G [00:08\u003c02:20, 17.7MB/s]\r  6%|▌         | 152M/2.64G [00:08\u003c02:10, 19.1MB/s]\n"}
,{"stream_name":"stderr","time":89.240223097,"data":"\r  6%|▌         | 152M/2.64G [00:08\u003c02:10, 19.1MB/s]\r  6%|▌         | 154M/2.64G [00:09\u003c02:20, 17.7MB/s]\n"}
,{"stream_name":"stderr","time":89.341082917,"data":"\r  6%|▌         | 154M/2.64G [00:09\u003c02:20, 17.7MB/s]\r  6%|▌         | 156M/2.64G [00:09\u003c02:10, 19.1MB/s]\n"}
,{"stream_name":"stderr","time":89.471577776,"data":"\r  6%|▌         | 156M/2.64G [00:09\u003c02:10, 19.1MB/s]\r  6%|▌         | 158M/2.64G [00:09\u003c02:19, 17.8MB/s]\n"}
,{"stream_name":"stderr","time":89.571793328,"data":"\r  6%|▌         | 158M/2.64G [00:09\u003c02:19, 17.8MB/s]\r  6%|▌         | 160M/2.64G [00:09\u003c02:09, 19.1MB/s]\n"}
,{"stream_name":"stderr","time":89.703040939,"data":"\r  6%|▌         | 160M/2.64G [00:09\u003c02:09, 19.1MB/s]\r  6%|▌         | 162M/2.64G [00:09\u003c02:19, 17.8MB/s]\n"}
,{"stream_name":"stderr","time":89.802721774,"data":"\r  6%|▌         | 162M/2.64G [00:09\u003c02:19, 17.8MB/s]\r  6%|▌         | 164M/2.64G [00:09\u003c02:09, 19.1MB/s]\n"}
,{"stream_name":"stderr","time":89.933304127,"data":"\r  6%|▌         | 164M/2.64G [00:09\u003c02:09, 19.1MB/s]\r  6%|▋         | 166M/2.64G [00:09\u003c02:19, 17.8MB/s]\n"}
,{"stream_name":"stderr","time":90.033560699,"data":"\r  6%|▋         | 166M/2.64G [00:09\u003c02:19, 17.8MB/s]\r  6%|▋         | 169M/2.64G [00:09\u003c02:09, 19.1MB/s]\n"}
,{"stream_name":"stderr","time":90.163543786,"data":"\r  6%|▋         | 169M/2.64G [00:09\u003c02:09, 19.1MB/s]\r  6%|▋         | 171M/2.64G [00:10\u003c02:18, 17.8MB/s]\n"}
,{"stream_name":"stderr","time":90.264544813,"data":"\r  6%|▋         | 171M/2.64G [00:10\u003c02:18, 17.8MB/s]\r  7%|▋         | 173M/2.64G [00:10\u003c02:09, 19.1MB/s]\n"}
,{"stream_name":"stderr","time":90.396561949,"data":"\r  7%|▋         | 173M/2.64G [00:10\u003c02:09, 19.1MB/s]\r  7%|▋         | 175M/2.64G [00:10\u003c02:19, 17.7MB/s]\n"}
,{"stream_name":"stderr","time":90.496647141,"data":"\r  7%|▋         | 175M/2.64G [00:10\u003c02:19, 17.7MB/s]\r  7%|▋         | 177M/2.64G [00:10\u003c02:10, 18.9MB/s]\n"}
,{"stream_name":"stderr","time":90.607669016,"data":"\r  7%|▋         | 177M/2.64G [00:10\u003c02:10, 18.9MB/s]\r  7%|▋         | 179M/2.64G [00:10\u003c02:11, 18.7MB/s]\n"}
,{"stream_name":"stderr","time":90.776515663,"data":"\r  7%|▋         | 179M/2.64G [00:10\u003c02:11, 18.7MB/s]\r  7%|▋         | 181M/2.64G [00:10\u003c02:34, 15.9MB/s]\n"}
,{"stream_name":"stderr","time":90.889454123,"data":"\r  7%|▋         | 181M/2.64G [00:10\u003c02:34, 15.9MB/s]\r  7%|▋         | 183M/2.64G [00:10\u003c02:26, 16.8MB/s]\n"}
,{"stream_name":"stderr","time":91.008214127,"data":"\r  7%|▋         | 183M/2.64G [00:10\u003c02:26, 16.8MB/s]\r  7%|▋         | 185M/2.64G [00:10\u003c02:31, 16.2MB/s]\n"}
,{"stream_name":"stderr","time":91.142635222,"data":"\r  7%|▋         | 185M/2.64G [00:10\u003c02:31, 16.2MB/s]\r  7%|▋         | 187M/2.64G [00:11\u003c02:42, 15.1MB/s]\n"}
,{"stream_name":"stderr","time":91.259372596,"data":"\r  7%|▋         | 187M/2.64G [00:11\u003c02:42, 15.1MB/s]\r  7%|▋         | 188M/2.64G [00:11\u003c02:47, 14.6MB/s]\n"}
,{"stream_name":"stderr","time":91.372695695,"data":"\r  7%|▋         | 188M/2.64G [00:11\u003c02:47, 14.6MB/s]\r  7%|▋         | 190M/2.64G [00:11\u003c02:51, 14.3MB/s]\n"}
,{"stream_name":"stderr","time":91.490463438,"data":"\r  7%|▋         | 190M/2.64G [00:11\u003c02:51, 14.3MB/s]\r  7%|▋         | 192M/2.64G [00:11\u003c02:49, 14.5MB/s]\n"}
,{"stream_name":"stderr","time":91.602735663,"data":"\r  7%|▋         | 192M/2.64G [00:11\u003c02:49, 14.5MB/s]\r  7%|▋         | 193M/2.64G [00:11\u003c02:53, 14.1MB/s]\n"}
,{"stream_name":"stderr","time":91.721776139,"data":"\r  7%|▋         | 193M/2.64G [00:11\u003c02:53, 14.1MB/s]\r  7%|▋         | 195M/2.64G [00:11\u003c02:45, 14.7MB/s]\n"}
,{"stream_name":"stderr","time":91.83373064,"data":"\r  7%|▋         | 195M/2.64G [00:11\u003c02:45, 14.7MB/s]\r  7%|▋         | 196M/2.64G [00:11\u003c02:49, 14.4MB/s]\n"}
,{"stream_name":"stderr","time":91.95326889,"data":"\r  7%|▋         | 196M/2.64G [00:11\u003c02:49, 14.4MB/s]\r  8%|▊         | 198M/2.64G [00:11\u003c02:42, 15.0MB/s]\n"}
,{"stream_name":"stderr","time":92.063286273,"data":"\r  8%|▊         | 198M/2.64G [00:11\u003c02:42, 15.0MB/s]\r  8%|▊         | 200M/2.64G [00:11\u003c02:46, 14.6MB/s]\n"}
,{"stream_name":"stderr","time":92.184820043,"data":"\r  8%|▊         | 200M/2.64G [00:11\u003c02:46, 14.6MB/s]\r  8%|▊         | 202M/2.64G [00:12\u003c02:39, 15.3MB/s]\n"}
,{"stream_name":"stderr","time":92.294188286,"data":"\r  8%|▊         | 202M/2.64G [00:12\u003c02:39, 15.3MB/s]\r  8%|▊         | 203M/2.64G [00:12\u003c02:43, 14.9MB/s]\n"}
,{"stream_name":"stderr","time":92.394059899,"data":"\r  8%|▊         | 203M/2.64G [00:12\u003c02:43, 14.9MB/s]\r  8%|▊         | 206M/2.64G [00:12\u003c02:27, 16.5MB/s]\n"}
,{"stream_name":"stderr","time":92.526750983,"data":"\r  8%|▊         | 206M/2.64G [00:12\u003c02:27, 16.5MB/s]\r  8%|▊         | 207M/2.64G [00:12\u003c02:40, 15.2MB/s]\n"}
,{"stream_name":"stderr","time":92.646595894,"data":"\r  8%|▊         | 207M/2.64G [00:12\u003c02:40, 15.2MB/s]\r  8%|▊         | 209M/2.64G [00:12\u003c02:34, 15.8MB/s]\n"}
,{"stream_name":"stderr","time":92.756225285,"data":"\r  8%|▊         | 209M/2.64G [00:12\u003c02:34, 15.8MB/s]\r  8%|▊         | 211M/2.64G [00:12\u003c02:37, 15.5MB/s]\n"}
,{"stream_name":"stderr","time":92.85582041,"data":"\r  8%|▊         | 211M/2.64G [00:12\u003c02:37, 15.5MB/s]\r  8%|▊         | 213M/2.64G [00:12\u003c02:21, 17.1MB/s]\n"}
,{"stream_name":"stderr","time":92.989290398,"data":"\r  8%|▊         | 213M/2.64G [00:12\u003c02:21, 17.1MB/s]\r  8%|▊         | 215M/2.64G [00:12\u003c02:33, 15.8MB/s]\n"}
,{"stream_name":"stderr","time":93.109019463,"data":"\r  8%|▊         | 215M/2.64G [00:12\u003c02:33, 15.8MB/s]\r  8%|▊         | 217M/2.64G [00:12\u003c02:29, 16.2MB/s]\n"}
,{"stream_name":"stderr","time":93.217903788,"data":"\r  8%|▊         | 217M/2.64G [00:12\u003c02:29, 16.2MB/s]\r  8%|▊         | 219M/2.64G [00:13\u003c02:31, 16.0MB/s]\n"}
,{"stream_name":"stderr","time":93.340074115,"data":"\r  8%|▊         | 219M/2.64G [00:13\u003c02:31, 16.0MB/s]\r  8%|▊         | 221M/2.64G [00:13\u003c02:24, 16.7MB/s]\n"}
,{"stream_name":"stderr","time":93.449484207,"data":"\r  8%|▊         | 221M/2.64G [00:13\u003c02:24, 16.7MB/s]\r  8%|▊         | 222M/2.64G [00:13\u003c02:27, 16.4MB/s]\n"}
,{"stream_name":"stderr","time":93.550013333,"data":"\r  8%|▊         | 222M/2.64G [00:13\u003c02:27, 16.4MB/s]\r  9%|▊         | 225M/2.64G [00:13\u003c02:15, 17.9MB/s]\n"}
,{"stream_name":"stderr","time":93.681178874,"data":"\r  9%|▊         | 225M/2.64G [00:13\u003c02:15, 17.9MB/s]\r  9%|▊         | 226M/2.64G [00:13\u003c02:26, 16.5MB/s]\n"}
,{"stream_name":"stderr","time":93.781307562,"data":"\r  9%|▊         | 226M/2.64G [00:13\u003c02:26, 16.5MB/s]\r  9%|▊         | 229M/2.64G [00:13\u003c02:15, 17.8MB/s]\n"}
,{"stream_name":"stderr","time":93.912989899,"data":"\r  9%|▊         | 229M/2.64G [00:13\u003c02:15, 17.8MB/s]\r  9%|▊         | 230M/2.64G [00:13\u003c02:25, 16.6MB/s]\n"}
,{"stream_name":"stderr","time":94.013417428,"data":"\r  9%|▊         | 230M/2.64G [00:13\u003c02:25, 16.6MB/s]\r  9%|▉         | 233M/2.64G [00:13\u003c02:13, 18.0MB/s]\n"}
,{"stream_name":"stderr","time":94.143744879,"data":"\r  9%|▉         | 233M/2.64G [00:13\u003c02:13, 18.0MB/s]\r  9%|▉         | 235M/2.64G [00:14\u003c02:23, 16.8MB/s]\n"}
,{"stream_name":"stderr","time":94.243647242,"data":"\r  9%|▉         | 235M/2.64G [00:14\u003c02:23, 16.8MB/s]\r  9%|▉         | 237M/2.64G [00:14\u003c02:12, 18.2MB/s]\n"}
,{"stream_name":"stderr","time":94.374673405,"data":"\r  9%|▉         | 237M/2.64G [00:14\u003c02:12, 18.2MB/s]\r  9%|▉         | 239M/2.64G [00:14\u003c02:22, 16.9MB/s]\n"}
,{"stream_name":"stderr","time":94.475019163,"data":"\r  9%|▉         | 239M/2.64G [00:14\u003c02:22, 16.9MB/s]\r  9%|▉         | 241M/2.64G [00:14\u003c02:11, 18.3MB/s]\n"}
,{"stream_name":"stderr","time":94.606073957,"data":"\r  9%|▉         | 241M/2.64G [00:14\u003c02:11, 18.3MB/s]\r  9%|▉         | 243M/2.64G [00:14\u003c02:20, 17.0MB/s]\n"}
,{"stream_name":"stderr","time":94.729344001,"data":"\r  9%|▉         | 243M/2.64G [00:14\u003c02:20, 17.0MB/s]\r  9%|▉         | 245M/2.64G [00:14\u003c02:15, 17.6MB/s]\n"}
,{"stream_name":"stderr","time":94.836878569,"data":"\r  9%|▉         | 245M/2.64G [00:14\u003c02:15, 17.6MB/s]\r  9%|▉         | 247M/2.64G [00:14\u003c02:17, 17.4MB/s]\n"}
,{"stream_name":"stderr","time":94.936407925,"data":"\r  9%|▉         | 247M/2.64G [00:14\u003c02:17, 17.4MB/s]\r  9%|▉         | 249M/2.64G [00:14\u003c02:06, 19.0MB/s]\n"}
,{"stream_name":"stderr","time":95.069819302,"data":"\r  9%|▉         | 249M/2.64G [00:14\u003c02:06, 19.0MB/s]\r 10%|▉         | 251M/2.64G [00:14\u003c02:16, 17.5MB/s]\n"}
,{"stream_name":"stderr","time":95.168644733,"data":"\r 10%|▉         | 251M/2.64G [00:14\u003c02:16, 17.5MB/s]\r 10%|▉         | 253M/2.64G [00:15\u003c02:06, 18.9MB/s]\n"}
,{"stream_name":"stderr","time":95.300564556,"data":"\r 10%|▉         | 253M/2.64G [00:15\u003c02:06, 18.9MB/s]\r 10%|▉         | 255M/2.64G [00:15\u003c02:16, 17.5MB/s]\n"}
,{"stream_name":"stderr","time":95.421725917,"data":"\r 10%|▉         | 255M/2.64G [00:15\u003c02:16, 17.5MB/s]\r 10%|▉         | 258M/2.64G [00:15\u003c02:12, 18.0MB/s]\n"}
,{"stream_name":"stderr","time":95.528902447,"data":"\r 10%|▉         | 258M/2.64G [00:15\u003c02:12, 18.0MB/s]\r 10%|▉         | 260M/2.64G [00:15\u003c02:14, 17.7MB/s]\n"}
,{"stream_name":"stderr","time":95.629641133,"data":"\r 10%|▉         | 260M/2.64G [00:15\u003c02:14, 17.7MB/s]\r 10%|▉         | 262M/2.64G [00:15\u003c02:02, 19.4MB/s]\n"}
,{"stream_name":"stderr","time":95.762603267,"data":"\r 10%|▉         | 262M/2.64G [00:15\u003c02:02, 19.4MB/s]\r 10%|▉         | 264M/2.64G [00:15\u003c02:12, 17.9MB/s]\n"}
,{"stream_name":"stderr","time":95.884330434,"data":"\r 10%|▉         | 264M/2.64G [00:15\u003c02:12, 17.9MB/s]\r 10%|█         | 266M/2.64G [00:15\u003c02:10, 18.2MB/s]\n"}
,{"stream_name":"stderr","time":95.992571773,"data":"\r 10%|█         | 266M/2.64G [00:15\u003c02:10, 18.2MB/s]\r 10%|█         | 268M/2.64G [00:15\u003c02:12, 17.9MB/s]\n"}
,{"stream_name":"stderr","time":96.115571533,"data":"\r 10%|█         | 268M/2.64G [00:15\u003c02:12, 17.9MB/s]\r 10%|█         | 270M/2.64G [00:15\u003c02:08, 18.4MB/s]\n"}
,{"stream_name":"stderr","time":96.223718895,"data":"\r 10%|█         | 270M/2.64G [00:15\u003c02:08, 18.4MB/s]\r 10%|█         | 272M/2.64G [00:16\u003c02:10, 18.1MB/s]\n"}
,{"stream_name":"stderr","time":96.347093955,"data":"\r 10%|█         | 272M/2.64G [00:16\u003c02:10, 18.1MB/s]\r 10%|█         | 275M/2.64G [00:16\u003c02:07, 18.5MB/s]\n"}
,{"stream_name":"stderr","time":96.455303584,"data":"\r 10%|█         | 275M/2.64G [00:16\u003c02:07, 18.5MB/s]\r 10%|█         | 277M/2.64G [00:16\u003c02:10, 18.2MB/s]\n"}
,{"stream_name":"stderr","time":96.578373656,"data":"\r 10%|█         | 277M/2.64G [00:16\u003c02:10, 18.2MB/s]\r 11%|█         | 279M/2.64G [00:16\u003c02:07, 18.6MB/s]\n"}
,{"stream_name":"stderr","time":96.68694874,"data":"\r 11%|█         | 279M/2.64G [00:16\u003c02:07, 18.6MB/s]\r 11%|█         | 281M/2.64G [00:16\u003c02:09, 18.2MB/s]\n"}
,{"stream_name":"stderr","time":96.809624169,"data":"\r 11%|█         | 281M/2.64G [00:16\u003c02:09, 18.2MB/s]\r 11%|█         | 283M/2.64G [00:16\u003c02:06, 18.6MB/s]\n"}
,{"stream_name":"stderr","time":96.917894857,"data":"\r 11%|█         | 283M/2.64G [00:16\u003c02:06, 18.6MB/s]\r 11%|█         | 285M/2.64G [00:16\u003c02:09, 18.2MB/s]\n"}
,{"stream_name":"stderr","time":97.017068318,"data":"\r 11%|█         | 285M/2.64G [00:16\u003c02:09, 18.2MB/s]\r 11%|█         | 287M/2.64G [00:16\u003c01:59, 19.7MB/s]\n"}
,{"stream_name":"stderr","time":97.149567526,"data":"\r 11%|█         | 287M/2.64G [00:16\u003c01:59, 19.7MB/s]\r 11%|█         | 289M/2.64G [00:17\u003c02:09, 18.2MB/s]\n"}
,{"stream_name":"stderr","time":97.272512146,"data":"\r 11%|█         | 289M/2.64G [00:17\u003c02:09, 18.2MB/s]\r 11%|█         | 292M/2.64G [00:17\u003c02:07, 18.4MB/s]\n"}
,{"stream_name":"stderr","time":97.380619173,"data":"\r 11%|█         | 292M/2.64G [00:17\u003c02:07, 18.4MB/s]\r 11%|█         | 294M/2.64G [00:17\u003c02:08, 18.2MB/s]\n"}
,{"stream_name":"stderr","time":97.504191695,"data":"\r 11%|█         | 294M/2.64G [00:17\u003c02:08, 18.2MB/s]\r 11%|█         | 296M/2.64G [00:17\u003c02:05, 18.7MB/s]\n"}
,{"stream_name":"stderr","time":97.612386295,"data":"\r 11%|█         | 296M/2.64G [00:17\u003c02:05, 18.7MB/s]\r 11%|█▏        | 298M/2.64G [00:17\u003c02:07, 18.4MB/s]\n"}
,{"stream_name":"stderr","time":97.739236917,"data":"\r 11%|█▏        | 298M/2.64G [00:17\u003c02:07, 18.4MB/s]\r 11%|█▏        | 301M/2.64G [00:17\u003c02:05, 18.7MB/s]\n"}
,{"stream_name":"stderr","time":97.843621814,"data":"\r 11%|█▏        | 301M/2.64G [00:17\u003c02:05, 18.7MB/s]\r 11%|█▏        | 302M/2.64G [00:17\u003c02:06, 18.5MB/s]\n"}
,{"stream_name":"stderr","time":97.958879142,"data":"\r 11%|█▏        | 302M/2.64G [00:17\u003c02:06, 18.5MB/s]\r 12%|█▏        | 305M/2.64G [00:17\u003c02:01, 19.3MB/s]\n"}
,{"stream_name":"stderr","time":98.077033223,"data":"\r 12%|█▏        | 305M/2.64G [00:17\u003c02:01, 19.3MB/s]\r 12%|█▏        | 307M/2.64G [00:17\u003c02:06, 18.4MB/s]\n"}
,{"stream_name":"stderr","time":98.208326384,"data":"\r 12%|█▏        | 307M/2.64G [00:17\u003c02:06, 18.4MB/s]\r 12%|█▏        | 309M/2.64G [00:18\u003c02:06, 18.4MB/s]\n"}
,{"stream_name":"stderr","time":98.308780301,"data":"\r 12%|█▏        | 309M/2.64G [00:18\u003c02:06, 18.4MB/s]\r 12%|█▏        | 311M/2.64G [00:18\u003c02:02, 19.0MB/s]\n"}
,{"stream_name":"stderr","time":98.421272867,"data":"\r 12%|█▏        | 311M/2.64G [00:18\u003c02:02, 19.0MB/s]\r 12%|█▏        | 314M/2.64G [00:18\u003c02:00, 19.3MB/s]\n"}
,{"stream_name":"stderr","time":98.539691699,"data":"\r 12%|█▏        | 314M/2.64G [00:18\u003c02:00, 19.3MB/s]\r 12%|█▏        | 315M/2.64G [00:18\u003c02:05, 18.5MB/s]\n"}
,{"stream_name":"stderr","time":98.670626324,"data":"\r 12%|█▏        | 315M/2.64G [00:18\u003c02:05, 18.5MB/s]\r 12%|█▏        | 318M/2.64G [00:18\u003c02:06, 18.4MB/s]\n"}
,{"stream_name":"stderr","time":98.771298237,"data":"\r 12%|█▏        | 318M/2.64G [00:18\u003c02:06, 18.4MB/s]\r 12%|█▏        | 320M/2.64G [00:18\u003c02:02, 18.9MB/s]\n"}
,{"stream_name":"stderr","time":98.883558566,"data":"\r 12%|█▏        | 320M/2.64G [00:18\u003c02:02, 18.9MB/s]\r 12%|█▏        | 322M/2.64G [00:18\u003c01:59, 19.3MB/s]\n"}
,{"stream_name":"stderr","time":99.001792184,"data":"\r 12%|█▏        | 322M/2.64G [00:18\u003c01:59, 19.3MB/s]\r 12%|█▏        | 324M/2.64G [00:18\u003c02:05, 18.5MB/s]\n"}
,{"stream_name":"stderr","time":99.133142128,"data":"\r 12%|█▏        | 324M/2.64G [00:18\u003c02:05, 18.5MB/s]\r 12%|█▏        | 327M/2.64G [00:19\u003c02:05, 18.4MB/s]\n"}
,{"stream_name":"stderr","time":99.234070985,"data":"\r 12%|█▏        | 327M/2.64G [00:19\u003c02:05, 18.4MB/s]\r 12%|█▏        | 329M/2.64G [00:19\u003c02:02, 18.9MB/s]\n"}
,{"stream_name":"stderr","time":99.346224501,"data":"\r 12%|█▏        | 329M/2.64G [00:19\u003c02:02, 18.9MB/s]\r 13%|█▎        | 331M/2.64G [00:19\u003c01:59, 19.3MB/s]\n"}
,{"stream_name":"stderr","time":99.504276092,"data":"\r 13%|█▎        | 331M/2.64G [00:19\u003c01:59, 19.3MB/s]\r 13%|█▎        | 333M/2.64G [00:19\u003c02:17, 16.8MB/s]\n"}
,{"stream_name":"stderr","time":99.605579954,"data":"\r 13%|█▎        | 333M/2.64G [00:19\u003c02:17, 16.8MB/s]\r 13%|█▎        | 335M/2.64G [00:19\u003c02:10, 17.7MB/s]\n"}
,{"stream_name":"stderr","time":99.745479993,"data":"\r 13%|█▎        | 335M/2.64G [00:19\u003c02:10, 17.7MB/s]\r 13%|█▎        | 337M/2.64G [00:19\u003c02:22, 16.2MB/s]\n"}
,{"stream_name":"stderr","time":99.878286779,"data":"\r 13%|█▎        | 337M/2.64G [00:19\u003c02:22, 16.2MB/s]\r 13%|█▎        | 338M/2.64G [00:19\u003c02:33, 15.0MB/s]\n"}
,{"stream_name":"stderr","time":100.002973679,"data":"\r 13%|█▎        | 338M/2.64G [00:19\u003c02:33, 15.0MB/s]\r 13%|█▎        | 340M/2.64G [00:19\u003c02:34, 14.9MB/s]\n"}
,{"stream_name":"stderr","time":100.116448439,"data":"\r 13%|█▎        | 340M/2.64G [00:19\u003c02:34, 14.9MB/s]\r 13%|█▎        | 342M/2.64G [00:19\u003c02:38, 14.5MB/s]\n"}
,{"stream_name":"stderr","time":100.244954637,"data":"\r 13%|█▎        | 342M/2.64G [00:19\u003c02:38, 14.5MB/s]\r 13%|█▎        | 343M/2.64G [00:20\u003c02:45, 13.9MB/s]\n"}
,{"stream_name":"stderr","time":100.347145654,"data":"\r 13%|█▎        | 343M/2.64G [00:20\u003c02:45, 13.9MB/s]\r 13%|█▎        | 345M/2.64G [00:20\u003c02:41, 14.2MB/s]\n"}
,{"stream_name":"stderr","time":100.475893424,"data":"\r 13%|█▎        | 345M/2.64G [00:20\u003c02:41, 14.2MB/s]\r 13%|█▎        | 347M/2.64G [00:20\u003c02:46, 13.8MB/s]\n"}
,{"stream_name":"stderr","time":100.579322248,"data":"\r 13%|█▎        | 347M/2.64G [00:20\u003c02:46, 13.8MB/s]\r 13%|█▎        | 348M/2.64G [00:20\u003c02:41, 14.2MB/s]\n"}
,{"stream_name":"stderr","time":100.69542679,"data":"\r 13%|█▎        | 348M/2.64G [00:20\u003c02:41, 14.2MB/s]\r 13%|█▎        | 350M/2.64G [00:20\u003c02:41, 14.2MB/s]\n"}
,{"stream_name":"stderr","time":100.80676779,"data":"\r 13%|█▎        | 350M/2.64G [00:20\u003c02:41, 14.2MB/s]\r 13%|█▎        | 351M/2.64G [00:20\u003c02:45, 13.9MB/s]\n"}
,{"stream_name":"stderr","time":100.944835415,"data":"\r 13%|█▎        | 351M/2.64G [00:20\u003c02:45, 13.9MB/s]\r 13%|█▎        | 353M/2.64G [00:20\u003c03:01, 12.6MB/s]\n"}
,{"stream_name":"stderr","time":101.082055004,"data":"\r 13%|█▎        | 353M/2.64G [00:20\u003c03:01, 12.6MB/s]\r 13%|█▎        | 354M/2.64G [00:20\u003c03:16, 11.6MB/s]\n"}
,{"stream_name":"stderr","time":101.18351361,"data":"\r 13%|█▎        | 354M/2.64G [00:20\u003c03:16, 11.6MB/s]\r 13%|█▎        | 355M/2.64G [00:21\u003c03:14, 11.7MB/s]\n"}
,{"stream_name":"stderr","time":101.3135546,"data":"\r 13%|█▎        | 355M/2.64G [00:21\u003c03:14, 11.7MB/s]\r 13%|█▎        | 356M/2.64G [00:21\u003c03:28, 10.9MB/s]\n"}
,{"stream_name":"stderr","time":101.415032504,"data":"\r 13%|█▎        | 356M/2.64G [00:21\u003c03:28, 10.9MB/s]\r 14%|█▎        | 358M/2.64G [00:21\u003c03:22, 11.3MB/s]\n"}
,{"stream_name":"stderr","time":101.530131625,"data":"\r 14%|█▎        | 358M/2.64G [00:21\u003c03:22, 11.3MB/s]\r 14%|█▎        | 359M/2.64G [00:21\u003c03:29, 10.9MB/s]\n"}
,{"stream_name":"stderr","time":101.636904655,"data":"\r 14%|█▎        | 359M/2.64G [00:21\u003c03:29, 10.9MB/s]\r 14%|█▎        | 360M/2.64G [00:21\u003c03:32, 10.8MB/s]\n"}
,{"stream_name":"stderr","time":101.737752,"data":"\r 14%|█▎        | 360M/2.64G [00:21\u003c03:32, 10.8MB/s]\r 14%|█▎        | 361M/2.64G [00:21\u003c03:25, 11.1MB/s]\n"}
,{"stream_name":"stderr","time":101.853680754,"data":"\r 14%|█▎        | 361M/2.64G [00:21\u003c03:25, 11.1MB/s]\r 14%|█▎        | 362M/2.64G [00:21\u003c03:30, 10.8MB/s]\n"}
,{"stream_name":"stderr","time":101.959818278,"data":"\r 14%|█▎        | 362M/2.64G [00:21\u003c03:30, 10.8MB/s]\r 14%|█▍        | 363M/2.64G [00:21\u003c03:32, 10.7MB/s]\n"}
,{"stream_name":"stderr","time":102.060772459,"data":"\r 14%|█▍        | 363M/2.64G [00:21\u003c03:32, 10.7MB/s]\r 14%|█▍        | 365M/2.64G [00:21\u003c03:21, 11.3MB/s]\n"}
,{"stream_name":"stderr","time":102.177768327,"data":"\r 14%|█▍        | 365M/2.64G [00:21\u003c03:21, 11.3MB/s]\r 14%|█▍        | 366M/2.64G [00:22\u003c03:27, 11.0MB/s]\n"}
,{"stream_name":"stderr","time":102.283043972,"data":"\r 14%|█▍        | 366M/2.64G [00:22\u003c03:27, 11.0MB/s]\r 14%|█▍        | 367M/2.64G [00:22\u003c03:29, 10.9MB/s]\n"}
,{"stream_name":"stderr","time":102.384012631,"data":"\r 14%|█▍        | 367M/2.64G [00:22\u003c03:29, 10.9MB/s]\r 14%|█▍        | 368M/2.64G [00:22\u003c03:16, 11.6MB/s]\n"}
,{"stream_name":"stderr","time":102.500850014,"data":"\r 14%|█▍        | 368M/2.64G [00:22\u003c03:16, 11.6MB/s]\r 14%|█▍        | 370M/2.64G [00:22\u003c03:23, 11.2MB/s]\n"}
,{"stream_name":"stderr","time":102.606271916,"data":"\r 14%|█▍        | 370M/2.64G [00:22\u003c03:23, 11.2MB/s]\r 14%|█▍        | 371M/2.64G [00:22\u003c03:24, 11.1MB/s]\n"}
,{"stream_name":"stderr","time":102.707451252,"data":"\r 14%|█▍        | 371M/2.64G [00:22\u003c03:24, 11.1MB/s]\r 14%|█▍        | 372M/2.64G [00:22\u003c03:13, 11.7MB/s]\n"}
,{"stream_name":"stderr","time":102.824192396,"data":"\r 14%|█▍        | 372M/2.64G [00:22\u003c03:13, 11.7MB/s]\r 14%|█▍        | 373M/2.64G [00:22\u003c03:19, 11.4MB/s]\n"}
,{"stream_name":"stderr","time":102.928885518,"data":"\r 14%|█▍        | 373M/2.64G [00:22\u003c03:19, 11.4MB/s]\r 14%|█▍        | 374M/2.64G [00:22\u003c03:21, 11.3MB/s]\n"}
,{"stream_name":"stderr","time":103.030885931,"data":"\r 14%|█▍        | 374M/2.64G [00:22\u003c03:21, 11.3MB/s]\r 14%|█▍        | 376M/2.64G [00:22\u003c03:10, 11.9MB/s]\n"}
,{"stream_name":"stderr","time":103.147886873,"data":"\r 14%|█▍        | 376M/2.64G [00:22\u003c03:10, 11.9MB/s]\r 14%|█▍        | 377M/2.64G [00:23\u003c03:18, 11.4MB/s]\n"}
,{"stream_name":"stderr","time":103.251987827,"data":"\r 14%|█▍        | 377M/2.64G [00:23\u003c03:18, 11.4MB/s]\r 14%|█▍        | 378M/2.64G [00:23\u003c03:18, 11.4MB/s]\n"}
,{"stream_name":"stderr","time":103.352573966,"data":"\r 14%|█▍        | 378M/2.64G [00:23\u003c03:18, 11.4MB/s]\r 14%|█▍        | 380M/2.64G [00:23\u003c03:07, 12.0MB/s]\n"}
,{"stream_name":"stderr","time":103.471771486,"data":"\r 14%|█▍        | 380M/2.64G [00:23\u003c03:07, 12.0MB/s]\r 14%|█▍        | 381M/2.64G [00:23\u003c03:16, 11.5MB/s]\n"}
,{"stream_name":"stderr","time":103.575010753,"data":"\r 14%|█▍        | 381M/2.64G [00:23\u003c03:16, 11.5MB/s]\r 14%|█▍        | 382M/2.64G [00:23\u003c03:16, 11.5MB/s]\n"}
,{"stream_name":"stderr","time":103.676309096,"data":"\r 14%|█▍        | 382M/2.64G [00:23\u003c03:16, 11.5MB/s]\r 15%|█▍        | 383M/2.64G [00:23\u003c03:04, 12.2MB/s]\n"}
,{"stream_name":"stderr","time":103.796996704,"data":"\r 15%|█▍        | 383M/2.64G [00:23\u003c03:04, 12.2MB/s]\r 15%|█▍        | 385M/2.64G [00:23\u003c03:14, 11.6MB/s]\n"}
,{"stream_name":"stderr","time":103.898220142,"data":"\r 15%|█▍        | 385M/2.64G [00:23\u003c03:14, 11.6MB/s]\r 15%|█▍        | 386M/2.64G [00:23\u003c03:12, 11.7MB/s]\n"}
,{"stream_name":"stderr","time":103.998676965,"data":"\r 15%|█▍        | 386M/2.64G [00:23\u003c03:12, 11.7MB/s]\r 15%|█▍        | 387M/2.64G [00:23\u003c03:02, 12.4MB/s]\n"}
,{"stream_name":"stderr","time":104.1219507,"data":"\r 15%|█▍        | 387M/2.64G [00:23\u003c03:02, 12.4MB/s]\r 15%|█▍        | 389M/2.64G [00:23\u003c03:12, 11.7MB/s]\n"}
,{"stream_name":"stderr","time":104.222446196,"data":"\r 15%|█▍        | 389M/2.64G [00:23\u003c03:12, 11.7MB/s]\r 15%|█▍        | 390M/2.64G [00:24\u003c03:09, 11.9MB/s]\n"}
,{"stream_name":"stderr","time":104.32267361,"data":"\r 15%|█▍        | 390M/2.64G [00:24\u003c03:09, 11.9MB/s]\r 15%|█▍        | 391M/2.64G [00:24\u003c03:01, 12.4MB/s]\n"}
,{"stream_name":"stderr","time":104.445814198,"data":"\r 15%|█▍        | 391M/2.64G [00:24\u003c03:01, 12.4MB/s]\r 15%|█▍        | 392M/2.64G [00:24\u003c03:11, 11.7MB/s]\n"}
,{"stream_name":"stderr","time":104.546117211,"data":"\r 15%|█▍        | 392M/2.64G [00:24\u003c03:11, 11.7MB/s]\r 15%|█▍        | 394M/2.64G [00:24\u003c03:08, 11.9MB/s]\n"}
,{"stream_name":"stderr","time":104.646828182,"data":"\r 15%|█▍        | 394M/2.64G [00:24\u003c03:08, 11.9MB/s]\r 15%|█▍        | 395M/2.64G [00:24\u003c02:59, 12.5MB/s]\n"}
,{"stream_name":"stderr","time":104.775916801,"data":"\r 15%|█▍        | 395M/2.64G [00:24\u003c02:59, 12.5MB/s]\r 15%|█▌        | 396M/2.64G [00:24\u003c03:12, 11.6MB/s]\n"}
,{"stream_name":"stderr","time":104.875434588,"data":"\r 15%|█▌        | 396M/2.64G [00:24\u003c03:12, 11.6MB/s]\r 15%|█▌        | 398M/2.64G [00:24\u003c03:02, 12.3MB/s]\n"}
,{"stream_name":"stderr","time":105.001338908,"data":"\r 15%|█▌        | 398M/2.64G [00:24\u003c03:02, 12.3MB/s]\r 15%|█▌        | 399M/2.64G [00:24\u003c03:11, 11.7MB/s]\n"}
,{"stream_name":"stderr","time":105.101252381,"data":"\r 15%|█▌        | 399M/2.64G [00:24\u003c03:11, 11.7MB/s]\r 15%|█▌        | 400M/2.64G [00:24\u003c03:05, 12.1MB/s]\n"}
,{"stream_name":"stderr","time":105.201220624,"data":"\r 15%|█▌        | 400M/2.64G [00:24\u003c03:05, 12.1MB/s]\r 15%|█▌        | 402M/2.64G [00:25\u003c02:57, 12.6MB/s]\n"}
,{"stream_name":"stderr","time":105.330838137,"data":"\r 15%|█▌        | 402M/2.64G [00:25\u003c02:57, 12.6MB/s]\r 15%|█▌        | 403M/2.64G [00:25\u003c03:10, 11.8MB/s]\n"}
,{"stream_name":"stderr","time":105.431870299,"data":"\r 15%|█▌        | 403M/2.64G [00:25\u003c03:10, 11.8MB/s]\r 15%|█▌        | 405M/2.64G [00:25\u003c03:00, 12.4MB/s]\n"}
,{"stream_name":"stderr","time":105.56322359,"data":"\r 15%|█▌        | 405M/2.64G [00:25\u003c03:00, 12.4MB/s]\r 15%|█▌        | 406M/2.64G [00:25\u003c03:14, 11.5MB/s]\n"}
,{"stream_name":"stderr","time":105.663205104,"data":"\r 15%|█▌        | 406M/2.64G [00:25\u003c03:14, 11.5MB/s]\r 15%|█▌        | 407M/2.64G [00:25\u003c02:58, 12.5MB/s]\n"}
,{"stream_name":"stderr","time":105.794400808,"data":"\r 15%|█▌        | 407M/2.64G [00:25\u003c02:58, 12.5MB/s]\r 15%|█▌        | 409M/2.64G [00:25\u003c03:11, 11.7MB/s]\n"}
,{"stream_name":"stderr","time":105.902267921,"data":"\r 15%|█▌        | 409M/2.64G [00:25\u003c03:11, 11.7MB/s]\r 16%|█▌        | 410M/2.64G [00:25\u003c03:03, 12.2MB/s]\n"}
,{"stream_name":"stderr","time":106.03004312,"data":"\r 16%|█▌        | 410M/2.64G [00:25\u003c03:03, 12.2MB/s]\r 16%|█▌        | 411M/2.64G [00:25\u003c03:15, 11.4MB/s]\n"}
,{"stream_name":"stderr","time":106.133845112,"data":"\r 16%|█▌        | 411M/2.64G [00:25\u003c03:15, 11.4MB/s]\r 16%|█▌        | 413M/2.64G [00:26\u003c03:00, 12.3MB/s]\n"}
,{"stream_name":"stderr","time":106.261876058,"data":"\r 16%|█▌        | 413M/2.64G [00:26\u003c03:00, 12.3MB/s]\r 16%|█▌        | 414M/2.64G [00:26\u003c03:12, 11.6MB/s]\n"}
,{"stream_name":"stderr","time":106.365650183,"data":"\r 16%|█▌        | 414M/2.64G [00:26\u003c03:12, 11.6MB/s]\r 16%|█▌        | 416M/2.64G [00:26\u003c02:59, 12.4MB/s]\n"}
,{"stream_name":"stderr","time":106.492719119,"data":"\r 16%|█▌        | 416M/2.64G [00:26\u003c02:59, 12.4MB/s]\r 16%|█▌        | 417M/2.64G [00:26\u003c03:11, 11.6MB/s]\n"}
,{"stream_name":"stderr","time":106.596903454,"data":"\r 16%|█▌        | 417M/2.64G [00:26\u003c03:11, 11.6MB/s]\r 16%|█▌        | 419M/2.64G [00:26\u003c02:59, 12.4MB/s]\n"}
,{"stream_name":"stderr","time":106.724063901,"data":"\r 16%|█▌        | 419M/2.64G [00:26\u003c02:59, 12.4MB/s]\r 16%|█▌        | 420M/2.64G [00:26\u003c03:10, 11.6MB/s]\n"}
,{"stream_name":"stderr","time":106.828313452,"data":"\r 16%|█▌        | 420M/2.64G [00:26\u003c03:10, 11.6MB/s]\r 16%|█▌        | 421M/2.64G [00:26\u003c02:58, 12.4MB/s]\n"}
,{"stream_name":"stderr","time":106.955401346,"data":"\r 16%|█▌        | 421M/2.64G [00:26\u003c02:58, 12.4MB/s]\r 16%|█▌        | 423M/2.64G [00:26\u003c03:10, 11.7MB/s]\n"}
,{"stream_name":"stderr","time":107.059873902,"data":"\r 16%|█▌        | 423M/2.64G [00:26\u003c03:10, 11.7MB/s]\r 16%|█▌        | 424M/2.64G [00:26\u003c02:58, 12.4MB/s]\n"}
,{"stream_name":"stderr","time":107.186727532,"data":"\r 16%|█▌        | 424M/2.64G [00:26\u003c02:58, 12.4MB/s]\r 16%|█▌        | 425M/2.64G [00:27\u003c03:10, 11.7MB/s]\n"}
,{"stream_name":"stderr","time":107.291377683,"data":"\r 16%|█▌        | 425M/2.64G [00:27\u003c03:10, 11.7MB/s]\r 16%|█▌        | 427M/2.64G [00:27\u003c02:58, 12.4MB/s]\n"}
,{"stream_name":"stderr","time":107.418586161,"data":"\r 16%|█▌        | 427M/2.64G [00:27\u003c02:58, 12.4MB/s]\r 16%|█▌        | 428M/2.64G [00:27\u003c03:09, 11.6MB/s]\n"}
,{"stream_name":"stderr","time":107.52308591,"data":"\r 16%|█▌        | 428M/2.64G [00:27\u003c03:09, 11.6MB/s]\r 16%|█▋        | 430M/2.64G [00:27\u003c02:59, 12.3MB/s]\n"}
,{"stream_name":"stderr","time":107.650368178,"data":"\r 16%|█▋        | 430M/2.64G [00:27\u003c02:59, 12.3MB/s]\r 16%|█▋        | 431M/2.64G [00:27\u003c03:10, 11.6MB/s]\n"}
,{"stream_name":"stderr","time":107.754056043,"data":"\r 16%|█▋        | 431M/2.64G [00:27\u003c03:10, 11.6MB/s]\r 16%|█▋        | 432M/2.64G [00:27\u003c02:58, 12.4MB/s]\n"}
,{"stream_name":"stderr","time":107.881659817,"data":"\r 16%|█▋        | 432M/2.64G [00:27\u003c02:58, 12.4MB/s]\r 16%|█▋        | 434M/2.64G [00:27\u003c03:09, 11.6MB/s]\n"}
,{"stream_name":"stderr","time":107.985896838,"data":"\r 16%|█▋        | 434M/2.64G [00:27\u003c03:09, 11.6MB/s]\r 16%|█▋        | 435M/2.64G [00:27\u003c02:57, 12.4MB/s]\n"}
,{"stream_name":"stderr","time":108.112977921,"data":"\r 16%|█▋        | 435M/2.64G [00:27\u003c02:57, 12.4MB/s]\r 17%|█▋        | 436M/2.64G [00:27\u003c03:09, 11.6MB/s]\n"}
,{"stream_name":"stderr","time":108.217103559,"data":"\r 17%|█▋        | 436M/2.64G [00:27\u003c03:09, 11.6MB/s]\r 17%|█▋        | 438M/2.64G [00:28\u003c02:56, 12.5MB/s]\n"}
,{"stream_name":"stderr","time":108.344258908,"data":"\r 17%|█▋        | 438M/2.64G [00:28\u003c02:56, 12.5MB/s]\r 17%|█▋        | 439M/2.64G [00:28\u003c03:07, 11.7MB/s]\n"}
,{"stream_name":"stderr","time":108.447950747,"data":"\r 17%|█▋        | 439M/2.64G [00:28\u003c03:07, 11.7MB/s]\r 17%|█▋        | 441M/2.64G [00:28\u003c02:53, 12.6MB/s]\n"}
,{"stream_name":"stderr","time":108.576091656,"data":"\r 17%|█▋        | 441M/2.64G [00:28\u003c02:53, 12.6MB/s]\r 17%|█▋        | 442M/2.64G [00:28\u003c03:05, 11.9MB/s]\n"}
,{"stream_name":"stderr","time":108.680186495,"data":"\r 17%|█▋        | 442M/2.64G [00:28\u003c03:05, 11.9MB/s]\r 17%|█▋        | 444M/2.64G [00:28\u003c02:53, 12.7MB/s]\n"}
,{"stream_name":"stderr","time":108.807934522,"data":"\r 17%|█▋        | 444M/2.64G [00:28\u003c02:53, 12.7MB/s]\r 17%|█▋        | 445M/2.64G [00:28\u003c03:04, 11.9MB/s]\n"}
,{"stream_name":"stderr","time":108.911905434,"data":"\r 17%|█▋        | 445M/2.64G [00:28\u003c03:04, 11.9MB/s]\r 17%|█▋        | 447M/2.64G [00:28\u003c02:54, 12.6MB/s]\n"}
,{"stream_name":"stderr","time":109.039301244,"data":"\r 17%|█▋        | 447M/2.64G [00:28\u003c02:54, 12.6MB/s]\r 17%|█▋        | 448M/2.64G [00:28\u003c03:05, 11.8MB/s]\n"}
,{"stream_name":"stderr","time":109.148108193,"data":"\r 17%|█▋        | 448M/2.64G [00:28\u003c03:05, 11.8MB/s]\r 17%|█▋        | 449M/2.64G [00:29\u003c02:55, 12.5MB/s]\n"}
,{"stream_name":"stderr","time":109.271973729,"data":"\r 17%|█▋        | 449M/2.64G [00:29\u003c02:55, 12.5MB/s]\r 17%|█▋        | 451M/2.64G [00:29\u003c03:05, 11.8MB/s]\n"}
,{"stream_name":"stderr","time":109.37933786400001,"data":"\r 17%|█▋        | 451M/2.64G [00:29\u003c03:05, 11.8MB/s]\r 17%|█▋        | 452M/2.64G [00:29\u003c02:53, 12.6MB/s]\n"}
,{"stream_name":"stderr","time":109.503047315,"data":"\r 17%|█▋        | 452M/2.64G [00:29\u003c02:53, 12.6MB/s]\r 17%|█▋        | 454M/2.64G [00:29\u003c03:03, 11.9MB/s]\n"}
,{"stream_name":"stderr","time":109.610451642,"data":"\r 17%|█▋        | 454M/2.64G [00:29\u003c03:03, 11.9MB/s]\r 17%|█▋        | 455M/2.64G [00:29\u003c02:50, 12.8MB/s]\n"}
,{"stream_name":"stderr","time":109.735660853,"data":"\r 17%|█▋        | 455M/2.64G [00:29\u003c02:50, 12.8MB/s]\r 17%|█▋        | 456M/2.64G [00:29\u003c03:00, 12.1MB/s]\n"}
,{"stream_name":"stderr","time":109.842126055,"data":"\r 17%|█▋        | 456M/2.64G [00:29\u003c03:00, 12.1MB/s]\r 17%|█▋        | 458M/2.64G [00:29\u003c02:50, 12.8MB/s]\n"}
,{"stream_name":"stderr","time":109.979159591,"data":"\r 17%|█▋        | 458M/2.64G [00:29\u003c02:50, 12.8MB/s]\r 17%|█▋        | 459M/2.64G [00:29\u003c03:00, 12.1MB/s]\n"}
,{"stream_name":"stderr","time":110.073265058,"data":"\r 17%|█▋        | 459M/2.64G [00:29\u003c03:00, 12.1MB/s]\r 17%|█▋        | 461M/2.64G [00:29\u003c02:47, 13.0MB/s]\n"}
,{"stream_name":"stderr","time":110.199058578,"data":"\r 17%|█▋        | 461M/2.64G [00:29\u003c02:47, 13.0MB/s]\r 18%|█▊        | 462M/2.64G [00:30\u003c02:57, 12.3MB/s]\n"}
,{"stream_name":"stderr","time":110.338514372,"data":"\r 18%|█▊        | 462M/2.64G [00:30\u003c02:57, 12.3MB/s]\r 18%|█▊        | 464M/2.64G [00:30\u003c03:15, 11.2MB/s]\n"}
,{"stream_name":"stderr","time":110.445672567,"data":"\r 18%|█▊        | 464M/2.64G [00:30\u003c03:15, 11.2MB/s]\r 18%|█▊        | 465M/2.64G [00:30\u003c03:17, 11.0MB/s]\n"}
,{"stream_name":"stderr","time":110.57013666,"data":"\r 18%|█▊        | 465M/2.64G [00:30\u003c03:17, 11.0MB/s]\r 18%|█▊        | 466M/2.64G [00:30\u003c03:28, 10.5MB/s]\n"}
,{"stream_name":"stderr","time":110.676317827,"data":"\r 18%|█▊        | 466M/2.64G [00:30\u003c03:28, 10.5MB/s]\r 18%|█▊        | 467M/2.64G [00:30\u003c03:29, 10.4MB/s]\n"}
,{"stream_name":"stderr","time":110.801266241,"data":"\r 18%|█▊        | 467M/2.64G [00:30\u003c03:29, 10.4MB/s]\r 18%|█▊        | 468M/2.64G [00:30\u003c03:42, 9.76MB/s]\n"}
,{"stream_name":"stderr","time":110.907602386,"data":"\r 18%|█▊        | 468M/2.64G [00:30\u003c03:42, 9.76MB/s]\r 18%|█▊        | 469M/2.64G [00:30\u003c03:32, 10.2MB/s]\n"}
,{"stream_name":"stderr","time":111.032727376,"data":"\r 18%|█▊        | 469M/2.64G [00:30\u003c03:32, 10.2MB/s]\r 18%|█▊        | 470M/2.64G [00:30\u003c03:45, 9.63MB/s]\n"}
,{"stream_name":"stderr","time":111.139522641,"data":"\r 18%|█▊        | 470M/2.64G [00:30\u003c03:45, 9.63MB/s]\r 18%|█▊        | 472M/2.64G [00:31\u003c03:27, 10.5MB/s]\n"}
,{"stream_name":"stderr","time":111.264368187,"data":"\r 18%|█▊        | 472M/2.64G [00:31\u003c03:27, 10.5MB/s]\r 18%|█▊        | 473M/2.64G [00:31\u003c03:39, 9.89MB/s]\n"}
,{"stream_name":"stderr","time":111.370124408,"data":"\r 18%|█▊        | 473M/2.64G [00:31\u003c03:39, 9.89MB/s]\r 18%|█▊        | 474M/2.64G [00:31\u003c03:23, 10.7MB/s]\n"}
,{"stream_name":"stderr","time":111.495777877,"data":"\r 18%|█▊        | 474M/2.64G [00:31\u003c03:23, 10.7MB/s]\r 18%|█▊        | 475M/2.64G [00:31\u003c03:36, 10.0MB/s]\n"}
,{"stream_name":"stderr","time":111.601337912,"data":"\r 18%|█▊        | 475M/2.64G [00:31\u003c03:36, 10.0MB/s]\r 18%|█▊        | 477M/2.64G [00:31\u003c03:17, 10.9MB/s]\n"}
,{"stream_name":"stderr","time":111.727224752,"data":"\r 18%|█▊        | 477M/2.64G [00:31\u003c03:17, 10.9MB/s]\r 18%|█▊        | 478M/2.64G [00:31\u003c03:30, 10.3MB/s]\n"}
,{"stream_name":"stderr","time":111.832584183,"data":"\r 18%|█▊        | 478M/2.64G [00:31\u003c03:30, 10.3MB/s]\r 18%|█▊        | 479M/2.64G [00:31\u003c03:12, 11.2MB/s]\n"}
,{"stream_name":"stderr","time":111.958600341,"data":"\r 18%|█▊        | 479M/2.64G [00:31\u003c03:12, 11.2MB/s]\r 18%|█▊        | 480M/2.64G [00:31\u003c03:24, 10.5MB/s]\n"}
,{"stream_name":"stderr","time":112.064978822,"data":"\r 18%|█▊        | 480M/2.64G [00:31\u003c03:24, 10.5MB/s]\r 18%|█▊        | 482M/2.64G [00:31\u003c03:08, 11.5MB/s]\n"}
,{"stream_name":"stderr","time":112.189917139,"data":"\r 18%|█▊        | 482M/2.64G [00:31\u003c03:08, 11.5MB/s]\r 18%|█▊        | 483M/2.64G [00:32\u003c03:19, 10.8MB/s]\n"}
,{"stream_name":"stderr","time":112.296156858,"data":"\r 18%|█▊        | 483M/2.64G [00:32\u003c03:19, 10.8MB/s]\r 18%|█▊        | 484M/2.64G [00:32\u003c03:06, 11.6MB/s]\n"}
,{"stream_name":"stderr","time":112.421711103,"data":"\r 18%|█▊        | 484M/2.64G [00:32\u003c03:06, 11.6MB/s]\r 18%|█▊        | 485M/2.64G [00:32\u003c03:17, 10.9MB/s]\n"}
,{"stream_name":"stderr","time":112.528209265,"data":"\r 18%|█▊        | 485M/2.64G [00:32\u003c03:17, 10.9MB/s]\r 18%|█▊        | 487M/2.64G [00:32\u003c03:02, 11.8MB/s]\n"}
,{"stream_name":"stderr","time":112.654220998,"data":"\r 18%|█▊        | 487M/2.64G [00:32\u003c03:02, 11.8MB/s]\r 18%|█▊        | 488M/2.64G [00:32\u003c03:13, 11.1MB/s]\n"}
,{"stream_name":"stderr","time":112.760245187,"data":"\r 18%|█▊        | 488M/2.64G [00:32\u003c03:13, 11.1MB/s]\r 19%|█▊        | 490M/2.64G [00:32\u003c02:58, 12.0MB/s]\n"}
,{"stream_name":"stderr","time":112.885790763,"data":"\r 19%|█▊        | 490M/2.64G [00:32\u003c02:58, 12.0MB/s]\r 19%|█▊        | 491M/2.64G [00:32\u003c03:08, 11.4MB/s]\n"}
,{"stream_name":"stderr","time":112.991641164,"data":"\r 19%|█▊        | 491M/2.64G [00:32\u003c03:08, 11.4MB/s]\r 19%|█▊        | 493M/2.64G [00:32\u003c02:55, 12.2MB/s]\n"}
,{"stream_name":"stderr","time":113.11741784,"data":"\r 19%|█▊        | 493M/2.64G [00:32\u003c02:55, 12.2MB/s]\r 19%|█▊        | 494M/2.64G [00:32\u003c03:06, 11.5MB/s]\n"}
,{"stream_name":"stderr","time":113.224546261,"data":"\r 19%|█▊        | 494M/2.64G [00:32\u003c03:06, 11.5MB/s]\r 19%|█▉        | 495M/2.64G [00:33\u003c02:54, 12.3MB/s]\n"}
,{"stream_name":"stderr","time":113.349736951,"data":"\r 19%|█▉        | 495M/2.64G [00:33\u003c02:54, 12.3MB/s]\r 19%|█▉        | 497M/2.64G [00:33\u003c03:04, 11.6MB/s]\n"}
,{"stream_name":"stderr","time":113.457000525,"data":"\r 19%|█▉        | 497M/2.64G [00:33\u003c03:04, 11.6MB/s]\r 19%|█▉        | 498M/2.64G [00:33\u003c02:52, 12.4MB/s]\n"}
,{"stream_name":"stderr","time":113.630599587,"data":"\r 19%|█▉        | 498M/2.64G [00:33\u003c02:52, 12.4MB/s]\r 19%|█▉        | 499M/2.64G [00:33\u003c03:25, 10.4MB/s]\n"}
,{"stream_name":"stderr","time":113.738207411,"data":"\r 19%|█▉        | 499M/2.64G [00:33\u003c03:25, 10.4MB/s]\r 19%|█▉        | 501M/2.64G [00:33\u003c03:06, 11.5MB/s]\n"}
,{"stream_name":"stderr","time":113.87909688,"data":"\r 19%|█▉        | 501M/2.64G [00:33\u003c03:06, 11.5MB/s]\r 19%|█▉        | 502M/2.64G [00:33\u003c03:22, 10.6MB/s]\n"}
,{"stream_name":"stderr","time":114.00572043,"data":"\r 19%|█▉        | 502M/2.64G [00:33\u003c03:22, 10.6MB/s]\r 19%|█▉        | 503M/2.64G [00:33\u003c03:32, 10.0MB/s]\n"}
,{"stream_name":"stderr","time":114.144503622,"data":"\r 19%|█▉        | 503M/2.64G [00:33\u003c03:32, 10.0MB/s]\r 19%|█▉        | 504M/2.64G [00:34\u003c03:50, 9.26MB/s]\n"}
,{"stream_name":"stderr","time":114.24960416,"data":"\r 19%|█▉        | 504M/2.64G [00:34\u003c03:50, 9.26MB/s]\r 19%|█▉        | 506M/2.64G [00:34\u003c03:37, 9.83MB/s]\n"}
,{"stream_name":"stderr","time":114.376109964,"data":"\r 19%|█▉        | 506M/2.64G [00:34\u003c03:37, 9.83MB/s]\r 19%|█▉        | 507M/2.64G [00:34\u003c03:49, 9.29MB/s]\n"}
,{"stream_name":"stderr","time":114.481921774,"data":"\r 19%|█▉        | 507M/2.64G [00:34\u003c03:49, 9.29MB/s]\r 19%|█▉        | 508M/2.64G [00:34\u003c03:39, 9.70MB/s]\n"}
,{"stream_name":"stderr","time":114.606834912,"data":"\r 19%|█▉        | 508M/2.64G [00:34\u003c03:39, 9.70MB/s]\r 19%|█▉        | 509M/2.64G [00:34\u003c03:51, 9.22MB/s]\n"}
,{"stream_name":"stderr","time":114.713517097,"data":"\r 19%|█▉        | 509M/2.64G [00:34\u003c03:51, 9.22MB/s]\r 19%|█▉        | 510M/2.64G [00:34\u003c03:38, 9.73MB/s]\n"}
,{"stream_name":"stderr","time":114.83863901,"data":"\r 19%|█▉        | 510M/2.64G [00:34\u003c03:38, 9.73MB/s]\r 19%|█▉        | 511M/2.64G [00:34\u003c03:50, 9.23MB/s]\n"}
,{"stream_name":"stderr","time":114.944821773,"data":"\r 19%|█▉        | 511M/2.64G [00:34\u003c03:50, 9.23MB/s]\r 19%|█▉        | 512M/2.64G [00:34\u003c03:36, 9.83MB/s]\n"}
,{"stream_name":"stderr","time":115.069619552,"data":"\r 19%|█▉        | 512M/2.64G [00:34\u003c03:36, 9.83MB/s]\r 19%|█▉        | 513M/2.64G [00:34\u003c03:48, 9.30MB/s]\n"}
,{"stream_name":"stderr","time":115.176416594,"data":"\r 19%|█▉        | 513M/2.64G [00:34\u003c03:48, 9.30MB/s]\r 19%|█▉        | 514M/2.64G [00:35\u003c03:33, 9.94MB/s]\n"}
,{"stream_name":"stderr","time":115.30167161,"data":"\r 19%|█▉        | 514M/2.64G [00:35\u003c03:33, 9.94MB/s]\r 20%|█▉        | 515M/2.64G [00:35\u003c03:46, 9.38MB/s]\n"}
,{"stream_name":"stderr","time":115.408506314,"data":"\r 20%|█▉        | 515M/2.64G [00:35\u003c03:46, 9.38MB/s]\r 20%|█▉        | 517M/2.64G [00:35\u003c03:30, 10.1MB/s]\n"}
,{"stream_name":"stderr","time":115.532640729,"data":"\r 20%|█▉        | 517M/2.64G [00:35\u003c03:30, 10.1MB/s]\r 20%|█▉        | 518M/2.64G [00:35\u003c03:41, 9.58MB/s]\n"}
,{"stream_name":"stderr","time":115.639061889,"data":"\r 20%|█▉        | 518M/2.64G [00:35\u003c03:41, 9.58MB/s]\r 20%|█▉        | 519M/2.64G [00:35\u003c03:27, 10.2MB/s]\n"}
,{"stream_name":"stderr","time":115.762683785,"data":"\r 20%|█▉        | 519M/2.64G [00:35\u003c03:27, 10.2MB/s]\r 20%|█▉        | 520M/2.64G [00:35\u003c03:38, 9.69MB/s]\n"}
,{"stream_name":"stderr","time":115.870638591,"data":"\r 20%|█▉        | 520M/2.64G [00:35\u003c03:38, 9.69MB/s]\r 20%|█▉        | 521M/2.64G [00:35\u003c03:24, 10.4MB/s]\n"}
,{"stream_name":"stderr","time":115.996153061,"data":"\r 20%|█▉        | 521M/2.64G [00:35\u003c03:24, 10.4MB/s]\r 20%|█▉        | 522M/2.64G [00:35\u003c03:35, 9.82MB/s]\n"}
,{"stream_name":"stderr","time":116.101481583,"data":"\r 20%|█▉        | 522M/2.64G [00:35\u003c03:35, 9.82MB/s]\r 20%|█▉        | 524M/2.64G [00:35\u003c03:24, 10.4MB/s]\n"}
,{"stream_name":"stderr","time":116.225710813,"data":"\r 20%|█▉        | 524M/2.64G [00:35\u003c03:24, 10.4MB/s]\r 20%|█▉        | 525M/2.64G [00:36\u003c03:35, 9.84MB/s]\n"}
,{"stream_name":"stderr","time":116.326608769,"data":"\r 20%|█▉        | 525M/2.64G [00:36\u003c03:35, 9.84MB/s]\r 20%|█▉        | 526M/2.64G [00:36\u003c03:33, 9.90MB/s]\n"}
,{"stream_name":"stderr","time":116.464407833,"data":"\r 20%|█▉        | 526M/2.64G [00:36\u003c03:33, 9.90MB/s]\r 20%|█▉        | 527M/2.64G [00:36\u003c03:54, 9.03MB/s]\n"}
,{"stream_name":"stderr","time":116.603840463,"data":"\r 20%|█▉        | 527M/2.64G [00:36\u003c03:54, 9.03MB/s]\r 20%|█▉        | 528M/2.64G [00:36\u003c04:14, 8.29MB/s]\n"}
,{"stream_name":"stderr","time":116.714801465,"data":"\r 20%|█▉        | 528M/2.64G [00:36\u003c04:14, 8.29MB/s]\r 20%|██        | 529M/2.64G [00:36\u003c04:10, 8.44MB/s]\n"}
,{"stream_name":"stderr","time":116.836974753,"data":"\r 20%|██        | 529M/2.64G [00:36\u003c04:10, 8.44MB/s]\r 20%|██        | 530M/2.64G [00:36\u003c04:21, 8.09MB/s]\n"}
,{"stream_name":"stderr","time":116.948934633,"data":"\r 20%|██        | 530M/2.64G [00:36\u003c04:21, 8.09MB/s]\r 20%|██        | 531M/2.64G [00:36\u003c04:22, 8.03MB/s]\n"}
,{"stream_name":"stderr","time":117.068221329,"data":"\r 20%|██        | 531M/2.64G [00:36\u003c04:22, 8.03MB/s]\r 20%|██        | 531M/2.64G [00:36\u003c04:34, 7.68MB/s]\n"}
,{"stream_name":"stderr","time":117.170046987,"data":"\r 20%|██        | 531M/2.64G [00:36\u003c04:34, 7.68MB/s]\r 20%|██        | 532M/2.64G [00:37\u003c04:16, 8.20MB/s]\n"}
,{"stream_name":"stderr","time":117.299571893,"data":"\r 20%|██        | 532M/2.64G [00:37\u003c04:16, 8.20MB/s]\r 20%|██        | 533M/2.64G [00:37\u003c04:34, 7.67MB/s]\n"}
,{"stream_name":"stderr","time":117.41290779,"data":"\r 20%|██        | 533M/2.64G [00:37\u003c04:34, 7.67MB/s]\r 20%|██        | 534M/2.64G [00:37\u003c04:21, 8.04MB/s]\n"}
,{"stream_name":"stderr","time":117.531896607,"data":"\r 20%|██        | 534M/2.64G [00:37\u003c04:21, 8.04MB/s]\r 20%|██        | 535M/2.64G [00:37\u003c04:33, 7.70MB/s]\n"}
,{"stream_name":"stderr","time":117.644233374,"data":"\r 20%|██        | 535M/2.64G [00:37\u003c04:33, 7.70MB/s]\r 20%|██        | 536M/2.64G [00:37\u003c04:17, 8.17MB/s]\n"}
,{"stream_name":"stderr","time":117.763006347,"data":"\r 20%|██        | 536M/2.64G [00:37\u003c04:17, 8.17MB/s]\r 20%|██        | 537M/2.64G [00:37\u003c04:27, 7.87MB/s]\n"}
,{"stream_name":"stderr","time":117.876075466,"data":"\r 20%|██        | 537M/2.64G [00:37\u003c04:27, 7.87MB/s]\r 20%|██        | 538M/2.64G [00:37\u003c04:14, 8.28MB/s]\n"}
,{"stream_name":"stderr","time":117.994018508,"data":"\r 20%|██        | 538M/2.64G [00:37\u003c04:14, 8.28MB/s]\r 20%|██        | 539M/2.64G [00:37\u003c04:24, 7.96MB/s]\n"}
,{"stream_name":"stderr","time":118.107648185,"data":"\r 20%|██        | 539M/2.64G [00:37\u003c04:24, 7.96MB/s]\r 20%|██        | 540M/2.64G [00:37\u003c04:09, 8.42MB/s]\n"}
,{"stream_name":"stderr","time":118.225603995,"data":"\r 20%|██        | 540M/2.64G [00:37\u003c04:09, 8.42MB/s]\r 20%|██        | 541M/2.64G [00:38\u003c04:20, 8.05MB/s]\n"}
,{"stream_name":"stderr","time":118.339198153,"data":"\r 20%|██        | 541M/2.64G [00:38\u003c04:20, 8.05MB/s]\r 21%|██        | 542M/2.64G [00:38\u003c04:07, 8.48MB/s]\n"}
,{"stream_name":"stderr","time":118.45677254,"data":"\r 21%|██        | 542M/2.64G [00:38\u003c04:07, 8.48MB/s]\r 21%|██        | 543M/2.64G [00:38\u003c04:18, 8.11MB/s]\n"}
,{"stream_name":"stderr","time":118.571002122,"data":"\r 21%|██        | 543M/2.64G [00:38\u003c04:18, 8.11MB/s]\r 21%|██        | 544M/2.64G [00:38\u003c04:03, 8.60MB/s]\n"}
,{"stream_name":"stderr","time":118.689589364,"data":"\r 21%|██        | 544M/2.64G [00:38\u003c04:03, 8.60MB/s]\r 21%|██        | 545M/2.64G [00:38\u003c04:13, 8.27MB/s]\n"}
,{"stream_name":"stderr","time":118.789574858,"data":"\r 21%|██        | 545M/2.64G [00:38\u003c04:13, 8.27MB/s]\r 21%|██        | 546M/2.64G [00:38\u003c03:54, 8.94MB/s]\n"}
,{"stream_name":"stderr","time":118.921774582,"data":"\r 21%|██        | 546M/2.64G [00:38\u003c03:54, 8.94MB/s]\r 21%|██        | 547M/2.64G [00:38\u003c04:13, 8.27MB/s]\n"}
,{"stream_name":"stderr","time":119.032481355,"data":"\r 21%|██        | 547M/2.64G [00:38\u003c04:13, 8.27MB/s]\r 21%|██        | 548M/2.64G [00:38\u003c04:00, 8.70MB/s]\n"}
,{"stream_name":"stderr","time":119.150996461,"data":"\r 21%|██        | 548M/2.64G [00:38\u003c04:00, 8.70MB/s]\r 21%|██        | 549M/2.64G [00:39\u003c04:11, 8.32MB/s]\n"}
,{"stream_name":"stderr","time":119.265459522,"data":"\r 21%|██        | 549M/2.64G [00:39\u003c04:11, 8.32MB/s]\r 21%|██        | 550M/2.64G [00:39\u003c03:59, 8.74MB/s]\n"}
,{"stream_name":"stderr","time":119.382272181,"data":"\r 21%|██        | 550M/2.64G [00:39\u003c03:59, 8.74MB/s]\r 21%|██        | 551M/2.64G [00:39\u003c04:08, 8.40MB/s]\n"}
,{"stream_name":"stderr","time":119.485219966,"data":"\r 21%|██        | 551M/2.64G [00:39\u003c04:08, 8.40MB/s]\r 21%|██        | 552M/2.64G [00:39\u003c03:50, 9.05MB/s]\n"}
,{"stream_name":"stderr","time":119.613901622,"data":"\r 21%|██        | 552M/2.64G [00:39\u003c03:50, 9.05MB/s]\r 21%|██        | 553M/2.64G [00:39\u003c04:07, 8.43MB/s]\n"}
,{"stream_name":"stderr","time":119.732959093,"data":"\r 21%|██        | 553M/2.64G [00:39\u003c04:07, 8.43MB/s]\r 21%|██        | 554M/2.64G [00:39\u003c03:59, 8.70MB/s]\n"}
,{"stream_name":"stderr","time":119.841888488,"data":"\r 21%|██        | 554M/2.64G [00:39\u003c03:59, 8.70MB/s]\r 21%|██        | 555M/2.64G [00:39\u003c04:04, 8.54MB/s]\n"}
,{"stream_name":"stderr","time":119.944183181,"data":"\r 21%|██        | 555M/2.64G [00:39\u003c04:04, 8.54MB/s]\r 21%|██        | 556M/2.64G [00:39\u003c03:48, 9.10MB/s]\n"}
,{"stream_name":"stderr","time":120.072861999,"data":"\r 21%|██        | 556M/2.64G [00:39\u003c03:48, 9.10MB/s]\r 21%|██        | 557M/2.64G [00:39\u003c04:04, 8.53MB/s]\n"}
,{"stream_name":"stderr","time":120.175392612,"data":"\r 21%|██        | 557M/2.64G [00:39\u003c04:04, 8.53MB/s]\r 21%|██        | 558M/2.64G [00:40\u003c03:49, 9.08MB/s]\n"}
,{"stream_name":"stderr","time":120.309244342,"data":"\r 21%|██        | 558M/2.64G [00:40\u003c03:49, 9.08MB/s]\r 21%|██        | 559M/2.64G [00:40\u003c04:07, 8.42MB/s]\n"}
,{"stream_name":"stderr","time":120.429154533,"data":"\r 21%|██        | 559M/2.64G [00:40\u003c04:07, 8.42MB/s]\r 21%|██        | 560M/2.64G [00:40\u003c03:57, 8.76MB/s]\n"}
,{"stream_name":"stderr","time":120.541076761,"data":"\r 21%|██        | 560M/2.64G [00:40\u003c03:57, 8.76MB/s]\r 21%|██        | 561M/2.64G [00:40\u003c04:01, 8.60MB/s]\n"}
,{"stream_name":"stderr","time":120.642572154,"data":"\r 21%|██        | 561M/2.64G [00:40\u003c04:01, 8.60MB/s]\r 21%|██▏       | 562M/2.64G [00:40\u003c03:44, 9.24MB/s]\n"}
,{"stream_name":"stderr","time":120.773248478,"data":"\r 21%|██▏       | 562M/2.64G [00:40\u003c03:44, 9.24MB/s]\r 21%|██▏       | 563M/2.64G [00:40\u003c04:01, 8.59MB/s]\n"}
,{"stream_name":"stderr","time":120.892611867,"data":"\r 21%|██▏       | 563M/2.64G [00:40\u003c04:01, 8.59MB/s]\r 21%|██▏       | 564M/2.64G [00:40\u003c03:55, 8.83MB/s]\n"}
,{"stream_name":"stderr","time":121.00480902,"data":"\r 21%|██▏       | 564M/2.64G [00:40\u003c03:55, 8.83MB/s]\r 21%|██▏       | 565M/2.64G [00:40\u003c04:00, 8.65MB/s]\n"}
,{"stream_name":"stderr","time":121.123598401,"data":"\r 21%|██▏       | 565M/2.64G [00:40\u003c04:00, 8.65MB/s]\r 21%|██▏       | 566M/2.64G [00:40\u003c03:54, 8.85MB/s]\n"}
,{"stream_name":"stderr","time":121.236449502,"data":"\r 21%|██▏       | 566M/2.64G [00:40\u003c03:54, 8.85MB/s]\r 21%|██▏       | 567M/2.64G [00:41\u003c03:59, 8.66MB/s]\n"}
,{"stream_name":"stderr","time":121.355684688,"data":"\r 21%|██▏       | 567M/2.64G [00:41\u003c03:59, 8.66MB/s]\r 22%|██▏       | 568M/2.64G [00:41\u003c03:54, 8.85MB/s]\n"}
,{"stream_name":"stderr","time":121.467070964,"data":"\r 22%|██▏       | 568M/2.64G [00:41\u003c03:54, 8.85MB/s]\r 22%|██▏       | 569M/2.64G [00:41\u003c03:58, 8.67MB/s]\n"}
,{"stream_name":"stderr","time":121.573686607,"data":"\r 22%|██▏       | 569M/2.64G [00:41\u003c03:58, 8.67MB/s]\r 22%|██▏       | 570M/2.64G [00:41\u003c03:45, 9.17MB/s]\n"}
,{"stream_name":"stderr","time":121.700239577,"data":"\r 22%|██▏       | 570M/2.64G [00:41\u003c03:45, 9.17MB/s]\r 22%|██▏       | 571M/2.64G [00:41\u003c03:59, 8.64MB/s]\n"}
,{"stream_name":"stderr","time":121.820741042,"data":"\r 22%|██▏       | 571M/2.64G [00:41\u003c03:59, 8.64MB/s]\r 22%|██▏       | 572M/2.64G [00:41\u003c03:54, 8.82MB/s]\n"}
,{"stream_name":"stderr","time":121.932339481,"data":"\r 22%|██▏       | 572M/2.64G [00:41\u003c03:54, 8.82MB/s]\r 22%|██▏       | 573M/2.64G [00:41\u003c03:58, 8.65MB/s]\n"}
,{"stream_name":"stderr","time":122.053797375,"data":"\r 22%|██▏       | 573M/2.64G [00:41\u003c03:58, 8.65MB/s]\r 22%|██▏       | 574M/2.64G [00:41\u003c03:54, 8.82MB/s]\n"}
,{"stream_name":"stderr","time":122.160421064,"data":"\r 22%|██▏       | 574M/2.64G [00:41\u003c03:54, 8.82MB/s]\r 22%|██▏       | 575M/2.64G [00:42\u003c03:58, 8.67MB/s]\n"}
,{"stream_name":"stderr","time":122.273467097,"data":"\r 22%|██▏       | 575M/2.64G [00:42\u003c03:58, 8.67MB/s]\r 22%|██▏       | 576M/2.64G [00:42\u003c03:46, 9.11MB/s]\n"}
,{"stream_name":"stderr","time":122.396661874,"data":"\r 22%|██▏       | 576M/2.64G [00:42\u003c03:46, 9.11MB/s]\r 22%|██▏       | 577M/2.64G [00:42\u003c04:00, 8.58MB/s]\n"}
,{"stream_name":"stderr","time":122.520992803,"data":"\r 22%|██▏       | 577M/2.64G [00:42\u003c04:00, 8.58MB/s]\r 22%|██▏       | 578M/2.64G [00:42\u003c03:54, 8.78MB/s]\n"}
,{"stream_name":"stderr","time":122.628130017,"data":"\r 22%|██▏       | 578M/2.64G [00:42\u003c03:54, 8.78MB/s]\r 22%|██▏       | 579M/2.64G [00:42\u003c03:58, 8.64MB/s]\n"}
,{"stream_name":"stderr","time":122.751923166,"data":"\r 22%|██▏       | 579M/2.64G [00:42\u003c03:58, 8.64MB/s]\r 22%|██▏       | 580M/2.64G [00:42\u003c03:53, 8.83MB/s]\n"}
,{"stream_name":"stderr","time":122.859890796,"data":"\r 22%|██▏       | 580M/2.64G [00:42\u003c03:53, 8.83MB/s]\r 22%|██▏       | 581M/2.64G [00:42\u003c03:57, 8.66MB/s]\n"}
,{"stream_name":"stderr","time":122.984668114,"data":"\r 22%|██▏       | 581M/2.64G [00:42\u003c03:57, 8.66MB/s]\r 22%|██▏       | 582M/2.64G [00:42\u003c03:53, 8.82MB/s]\n"}
,{"stream_name":"stderr","time":123.091064788,"data":"\r 22%|██▏       | 582M/2.64G [00:42\u003c03:53, 8.82MB/s]\r 22%|██▏       | 583M/2.64G [00:42\u003c03:56, 8.69MB/s]\n"}
,{"stream_name":"stderr","time":123.213180919,"data":"\r 22%|██▏       | 583M/2.64G [00:42\u003c03:56, 8.69MB/s]\r 22%|██▏       | 584M/2.64G [00:43\u003c03:51, 8.90MB/s]\n"}
,{"stream_name":"stderr","time":123.323110231,"data":"\r 22%|██▏       | 584M/2.64G [00:43\u003c03:51, 8.90MB/s]\r 22%|██▏       | 585M/2.64G [00:43\u003c03:54, 8.75MB/s]\n"}
,{"stream_name":"stderr","time":123.453178478,"data":"\r 22%|██▏       | 585M/2.64G [00:43\u003c03:54, 8.75MB/s]\r 22%|██▏       | 586M/2.64G [00:43\u003c03:54, 8.76MB/s]\n"}
,{"stream_name":"stderr","time":123.555095421,"data":"\r 22%|██▏       | 586M/2.64G [00:43\u003c03:54, 8.76MB/s]\r 22%|██▏       | 587M/2.64G [00:43\u003c03:54, 8.74MB/s]\n"}
,{"stream_name":"stderr","time":123.684967432,"data":"\r 22%|██▏       | 587M/2.64G [00:43\u003c03:54, 8.74MB/s]\r 22%|██▏       | 588M/2.64G [00:43\u003c03:54, 8.77MB/s]\n"}
,{"stream_name":"stderr","time":123.786686338,"data":"\r 22%|██▏       | 588M/2.64G [00:43\u003c03:54, 8.77MB/s]\r 22%|██▏       | 589M/2.64G [00:43\u003c03:54, 8.76MB/s]\n"}
,{"stream_name":"stderr","time":123.913955957,"data":"\r 22%|██▏       | 589M/2.64G [00:43\u003c03:54, 8.76MB/s]\r 22%|██▏       | 591M/2.64G [00:43\u003c03:49, 8.93MB/s]\n"}
,{"stream_name":"stderr","time":124.018445235,"data":"\r 22%|██▏       | 591M/2.64G [00:43\u003c03:49, 8.93MB/s]\r 22%|██▏       | 591M/2.64G [00:43\u003c03:50, 8.89MB/s]\n"}
,{"stream_name":"stderr","time":124.148222689,"data":"\r 22%|██▏       | 591M/2.64G [00:43\u003c03:50, 8.89MB/s]\r 22%|██▏       | 593M/2.64G [00:44\u003c03:49, 8.94MB/s]\n"}
,{"stream_name":"stderr","time":124.250484979,"data":"\r 22%|██▏       | 593M/2.64G [00:44\u003c03:49, 8.94MB/s]\r 22%|██▏       | 594M/2.64G [00:44\u003c03:48, 8.96MB/s]\n"}
,{"stream_name":"stderr","time":124.376665149,"data":"\r 22%|██▏       | 594M/2.64G [00:44\u003c03:48, 8.96MB/s]\r 23%|██▎       | 595M/2.64G [00:44\u003c03:47, 9.00MB/s]\n"}
,{"stream_name":"stderr","time":124.48084182,"data":"\r 23%|██▎       | 595M/2.64G [00:44\u003c03:47, 9.00MB/s]\r 23%|██▎       | 596M/2.64G [00:44\u003c03:48, 8.94MB/s]\n"}
,{"stream_name":"stderr","time":124.608021861,"data":"\r 23%|██▎       | 596M/2.64G [00:44\u003c03:48, 8.94MB/s]\r 23%|██▎       | 597M/2.64G [00:44\u003c03:43, 9.13MB/s]\n"}
,{"stream_name":"stderr","time":124.712634923,"data":"\r 23%|██▎       | 597M/2.64G [00:44\u003c03:43, 9.13MB/s]\r 23%|██▎       | 598M/2.64G [00:44\u003c03:45, 9.04MB/s]\n"}
,{"stream_name":"stderr","time":124.839680824,"data":"\r 23%|██▎       | 598M/2.64G [00:44\u003c03:45, 9.04MB/s]\r 23%|██▎       | 599M/2.64G [00:44\u003c03:41, 9.20MB/s]\n"}
,{"stream_name":"stderr","time":124.944164127,"data":"\r 23%|██▎       | 599M/2.64G [00:44\u003c03:41, 9.20MB/s]\r 23%|██▎       | 600M/2.64G [00:44\u003c03:44, 9.09MB/s]\n"}
,{"stream_name":"stderr","time":125.072031994,"data":"\r 23%|██▎       | 600M/2.64G [00:44\u003c03:44, 9.09MB/s]\r 23%|██▎       | 601M/2.64G [00:44\u003c03:39, 9.29MB/s]\n"}
,{"stream_name":"stderr","time":125.175960971,"data":"\r 23%|██▎       | 601M/2.64G [00:44\u003c03:39, 9.29MB/s]\r 23%|██▎       | 602M/2.64G [00:45\u003c03:40, 9.25MB/s]\n"}
,{"stream_name":"stderr","time":125.303906516,"data":"\r 23%|██▎       | 602M/2.64G [00:45\u003c03:40, 9.25MB/s]\r 23%|██▎       | 603M/2.64G [00:45\u003c03:36, 9.41MB/s]\n"}
,{"stream_name":"stderr","time":125.408427119,"data":"\r 23%|██▎       | 603M/2.64G [00:45\u003c03:36, 9.41MB/s]\r 23%|██▎       | 604M/2.64G [00:45\u003c03:38, 9.33MB/s]\n"}
,{"stream_name":"stderr","time":125.535851092,"data":"\r 23%|██▎       | 604M/2.64G [00:45\u003c03:38, 9.33MB/s]\r 23%|██▎       | 606M/2.64G [00:45\u003c03:34, 9.47MB/s]\n"}
,{"stream_name":"stderr","time":125.64072212,"data":"\r 23%|██▎       | 606M/2.64G [00:45\u003c03:34, 9.47MB/s]\r 23%|██▎       | 607M/2.64G [00:45\u003c03:35, 9.44MB/s]\n"}
,{"stream_name":"stderr","time":125.767164315,"data":"\r 23%|██▎       | 607M/2.64G [00:45\u003c03:35, 9.44MB/s]\r 23%|██▎       | 608M/2.64G [00:45\u003c03:30, 9.66MB/s]\n"}
,{"stream_name":"stderr","time":125.87273412,"data":"\r 23%|██▎       | 608M/2.64G [00:45\u003c03:30, 9.66MB/s]\r 23%|██▎       | 609M/2.64G [00:45\u003c03:30, 9.64MB/s]\n"}
,{"stream_name":"stderr","time":125.998459895,"data":"\r 23%|██▎       | 609M/2.64G [00:45\u003c03:30, 9.64MB/s]\r 23%|██▎       | 610M/2.64G [00:45\u003c03:26, 9.81MB/s]\n"}
,{"stream_name":"stderr","time":126.104068243,"data":"\r 23%|██▎       | 610M/2.64G [00:45\u003c03:26, 9.81MB/s]\r 23%|██▎       | 611M/2.64G [00:45\u003c03:28, 9.75MB/s]\n"}
,{"stream_name":"stderr","time":126.214819866,"data":"\r 23%|██▎       | 611M/2.64G [00:45\u003c03:28, 9.75MB/s]\r 23%|██▎       | 612M/2.64G [00:46\u003c03:15, 10.4MB/s]\n"}
,{"stream_name":"stderr","time":126.336698241,"data":"\r 23%|██▎       | 612M/2.64G [00:46\u003c03:15, 10.4MB/s]\r 23%|██▎       | 613M/2.64G [00:46\u003c03:26, 9.82MB/s]\n"}
,{"stream_name":"stderr","time":126.46537475,"data":"\r 23%|██▎       | 613M/2.64G [00:46\u003c03:26, 9.82MB/s]\r 23%|██▎       | 615M/2.64G [00:46\u003c03:22, 10.0MB/s]\n"}
,{"stream_name":"stderr","time":126.567030035,"data":"\r 23%|██▎       | 615M/2.64G [00:46\u003c03:22, 10.0MB/s]\r 23%|██▎       | 616M/2.64G [00:46\u003c03:19, 10.2MB/s]\n"}
,{"stream_name":"stderr","time":126.691304874,"data":"\r 23%|██▎       | 616M/2.64G [00:46\u003c03:19, 10.2MB/s]\r 23%|██▎       | 617M/2.64G [00:46\u003c03:14, 10.4MB/s]\n"}
,{"stream_name":"stderr","time":126.79899121,"data":"\r 23%|██▎       | 617M/2.64G [00:46\u003c03:14, 10.4MB/s]\r 23%|██▎       | 618M/2.64G [00:46\u003c03:14, 10.4MB/s]\n"}
,{"stream_name":"stderr","time":126.924919076,"data":"\r 23%|██▎       | 618M/2.64G [00:46\u003c03:14, 10.4MB/s]\r 23%|██▎       | 620M/2.64G [00:46\u003c03:11, 10.6MB/s]\n"}
,{"stream_name":"stderr","time":127.032339286,"data":"\r 23%|██▎       | 620M/2.64G [00:46\u003c03:11, 10.6MB/s]\r 24%|██▎       | 621M/2.64G [00:46\u003c03:13, 10.4MB/s]\n"}
,{"stream_name":"stderr","time":127.165897931,"data":"\r 24%|██▎       | 621M/2.64G [00:46\u003c03:13, 10.4MB/s]\r 24%|██▎       | 622M/2.64G [00:47\u003c03:10, 10.6MB/s]\n"}
,{"stream_name":"stderr","time":127.266443634,"data":"\r 24%|██▎       | 622M/2.64G [00:47\u003c03:10, 10.6MB/s]\r 24%|██▎       | 624M/2.64G [00:47\u003c03:01, 11.1MB/s]\n"}
,{"stream_name":"stderr","time":127.402682506,"data":"\r 24%|██▎       | 624M/2.64G [00:47\u003c03:01, 11.1MB/s]\r 24%|██▎       | 625M/2.64G [00:47\u003c03:07, 10.8MB/s]\n"}
,{"stream_name":"stderr","time":127.542108636,"data":"\r 24%|██▎       | 625M/2.64G [00:47\u003c03:07, 10.8MB/s]\r 24%|██▎       | 627M/2.64G [00:47\u003c03:01, 11.1MB/s]\n"}
,{"stream_name":"stderr","time":127.684054799,"data":"\r 24%|██▎       | 627M/2.64G [00:47\u003c03:01, 11.1MB/s]\r 24%|██▍       | 628M/2.64G [00:47\u003c02:59, 11.2MB/s]\n"}
,{"stream_name":"stderr","time":127.82347252,"data":"\r 24%|██▍       | 628M/2.64G [00:47\u003c02:59, 11.2MB/s]\r 24%|██▍       | 630M/2.64G [00:47\u003c02:55, 11.5MB/s]\n"}
,{"stream_name":"stderr","time":127.963621668,"data":"\r 24%|██▍       | 630M/2.64G [00:47\u003c02:55, 11.5MB/s]\r 24%|██▍       | 632M/2.64G [00:47\u003c02:52, 11.6MB/s]\n"}
,{"stream_name":"stderr","time":128.102445555,"data":"\r 24%|██▍       | 632M/2.64G [00:47\u003c02:52, 11.6MB/s]\r 24%|██▍       | 633M/2.64G [00:47\u003c02:48, 11.9MB/s]\n"}
,{"stream_name":"stderr","time":128.241221897,"data":"\r 24%|██▍       | 633M/2.64G [00:47\u003c02:48, 11.9MB/s]\r 24%|██▍       | 635M/2.64G [00:48\u003c02:44, 12.2MB/s]\n"}
,{"stream_name":"stderr","time":128.379999144,"data":"\r 24%|██▍       | 635M/2.64G [00:48\u003c02:44, 12.2MB/s]\r 24%|██▍       | 637M/2.64G [00:48\u003c02:42, 12.3MB/s]\n"}
,{"stream_name":"stderr","time":128.517847028,"data":"\r 24%|██▍       | 637M/2.64G [00:48\u003c02:42, 12.3MB/s]\r 24%|██▍       | 639M/2.64G [00:48\u003c02:38, 12.6MB/s]\n"}
,{"stream_name":"stderr","time":128.656796544,"data":"\r 24%|██▍       | 639M/2.64G [00:48\u003c02:38, 12.6MB/s]\r 24%|██▍       | 640M/2.64G [00:48\u003c02:35, 12.9MB/s]\n"}
,{"stream_name":"stderr","time":128.795317145,"data":"\r 24%|██▍       | 640M/2.64G [00:48\u003c02:35, 12.9MB/s]\r 24%|██▍       | 642M/2.64G [00:48\u003c02:32, 13.1MB/s]\n"}
,{"stream_name":"stderr","time":128.933600075,"data":"\r 24%|██▍       | 642M/2.64G [00:48\u003c02:32, 13.1MB/s]\r 24%|██▍       | 644M/2.64G [00:48\u003c02:29, 13.4MB/s]\n"}
,{"stream_name":"stderr","time":129.072315383,"data":"\r 24%|██▍       | 644M/2.64G [00:48\u003c02:29, 13.4MB/s]\r 24%|██▍       | 646M/2.64G [00:48\u003c02:25, 13.7MB/s]\n"}
,{"stream_name":"stderr","time":129.211019482,"data":"\r 24%|██▍       | 646M/2.64G [00:48\u003c02:25, 13.7MB/s]\r 25%|██▍       | 648M/2.64G [00:49\u003c02:22, 14.0MB/s]\n"}
,{"stream_name":"stderr","time":129.350222618,"data":"\r 25%|██▍       | 648M/2.64G [00:49\u003c02:22, 14.0MB/s]\r 25%|██▍       | 650M/2.64G [00:49\u003c02:19, 14.3MB/s]\n"}
,{"stream_name":"stderr","time":129.488259977,"data":"\r 25%|██▍       | 650M/2.64G [00:49\u003c02:19, 14.3MB/s]\r 25%|██▍       | 653M/2.64G [00:49\u003c02:16, 14.6MB/s]\n"}
,{"stream_name":"stderr","time":129.627316537,"data":"\r 25%|██▍       | 653M/2.64G [00:49\u003c02:16, 14.6MB/s]\r 25%|██▍       | 655M/2.64G [00:49\u003c02:12, 14.9MB/s]\n"}
,{"stream_name":"stderr","time":129.765891789,"data":"\r 25%|██▍       | 655M/2.64G [00:49\u003c02:12, 14.9MB/s]\r 25%|██▍       | 657M/2.64G [00:49\u003c02:10, 15.2MB/s]\n"}
,{"stream_name":"stderr","time":129.904489953,"data":"\r 25%|██▍       | 657M/2.64G [00:49\u003c02:10, 15.2MB/s]\r 25%|██▍       | 659M/2.64G [00:49\u003c02:06, 15.6MB/s]\n"}
,{"stream_name":"stderr","time":130.042304014,"data":"\r 25%|██▍       | 659M/2.64G [00:49\u003c02:06, 15.6MB/s]\r 25%|██▌       | 662M/2.64G [00:49\u003c02:04, 15.9MB/s]\n"}
,{"stream_name":"stderr","time":130.181007993,"data":"\r 25%|██▌       | 662M/2.64G [00:49\u003c02:04, 15.9MB/s]\r 25%|██▌       | 664M/2.64G [00:50\u003c02:01, 16.3MB/s]\n"}
,{"stream_name":"stderr","time":130.320037129,"data":"\r 25%|██▌       | 664M/2.64G [00:50\u003c02:01, 16.3MB/s]\r 25%|██▌       | 666M/2.64G [00:50\u003c01:58, 16.7MB/s]\n"}
,{"stream_name":"stderr","time":130.458595084,"data":"\r 25%|██▌       | 666M/2.64G [00:50\u003c01:58, 16.7MB/s]\r 25%|██▌       | 669M/2.64G [00:50\u003c01:55, 17.1MB/s]\n"}
,{"stream_name":"stderr","time":130.596749257,"data":"\r 25%|██▌       | 669M/2.64G [00:50\u003c01:55, 17.1MB/s]\r 25%|██▌       | 671M/2.64G [00:50\u003c01:53, 17.4MB/s]\n"}
,{"stream_name":"stderr","time":130.736053144,"data":"\r 25%|██▌       | 671M/2.64G [00:50\u003c01:53, 17.4MB/s]\r 26%|██▌       | 674M/2.64G [00:50\u003c01:50, 17.8MB/s]\n"}
,{"stream_name":"stderr","time":130.875058844,"data":"\r 26%|██▌       | 674M/2.64G [00:50\u003c01:50, 17.8MB/s]\r 26%|██▌       | 677M/2.64G [00:50\u003c01:47, 18.2MB/s]\n"}
,{"stream_name":"stderr","time":131.013337725,"data":"\r 26%|██▌       | 677M/2.64G [00:50\u003c01:47, 18.2MB/s]\r 26%|██▌       | 679M/2.64G [00:50\u003c01:45, 18.7MB/s]\n"}
,{"stream_name":"stderr","time":131.152747018,"data":"\r 26%|██▌       | 679M/2.64G [00:50\u003c01:45, 18.7MB/s]\r 26%|██▌       | 682M/2.64G [00:51\u003c01:42, 19.1MB/s]\n"}
,{"stream_name":"stderr","time":131.289817214,"data":"\r 26%|██▌       | 682M/2.64G [00:51\u003c01:42, 19.1MB/s]\r 26%|██▌       | 685M/2.64G [00:51\u003c01:39, 19.6MB/s]\n"}
,{"stream_name":"stderr","time":131.428233478,"data":"\r 26%|██▌       | 685M/2.64G [00:51\u003c01:39, 19.6MB/s]\r 26%|██▌       | 688M/2.64G [00:51\u003c01:37, 20.1MB/s]\n"}
,{"stream_name":"stderr","time":131.567025989,"data":"\r 26%|██▌       | 688M/2.64G [00:51\u003c01:37, 20.1MB/s]\r 26%|██▌       | 691M/2.64G [00:51\u003c01:34, 20.6MB/s]\n"}
,{"stream_name":"stderr","time":131.70633883,"data":"\r 26%|██▌       | 691M/2.64G [00:51\u003c01:34, 20.6MB/s]\r 26%|██▋       | 694M/2.64G [00:51\u003c01:32, 21.1MB/s]\n"}
,{"stream_name":"stderr","time":131.845059516,"data":"\r 26%|██▋       | 694M/2.64G [00:51\u003c01:32, 21.1MB/s]\r 26%|██▋       | 697M/2.64G [00:51\u003c01:29, 21.6MB/s]\n"}
,{"stream_name":"stderr","time":131.986431785,"data":"\r 26%|██▋       | 697M/2.64G [00:51\u003c01:29, 21.6MB/s]\r 27%|██▋       | 700M/2.64G [00:51\u003c01:28, 22.0MB/s]\n"}
,{"stream_name":"stderr","time":132.124693177,"data":"\r 27%|██▋       | 700M/2.64G [00:51\u003c01:28, 22.0MB/s]\r 27%|██▋       | 704M/2.64G [00:51\u003c01:25, 22.6MB/s]\n"}
,{"stream_name":"stderr","time":132.263403497,"data":"\r 27%|██▋       | 704M/2.64G [00:51\u003c01:25, 22.6MB/s]\r 27%|██▋       | 707M/2.64G [00:52\u003c01:23, 23.2MB/s]\n"}
,{"stream_name":"stderr","time":132.404074074,"data":"\r 27%|██▋       | 707M/2.64G [00:52\u003c01:23, 23.2MB/s]\r 27%|██▋       | 711M/2.64G [00:52\u003c01:21, 23.7MB/s]\n"}
,{"stream_name":"stderr","time":132.54230249,"data":"\r 27%|██▋       | 711M/2.64G [00:52\u003c01:21, 23.7MB/s]\r 27%|██▋       | 714M/2.64G [00:52\u003c01:19, 24.3MB/s]\n"}
,{"stream_name":"stderr","time":132.682030945,"data":"\r 27%|██▋       | 714M/2.64G [00:52\u003c01:19, 24.3MB/s]\r 27%|██▋       | 718M/2.64G [00:52\u003c01:17, 24.9MB/s]\n"}
,{"stream_name":"stderr","time":132.821234421,"data":"\r 27%|██▋       | 718M/2.64G [00:52\u003c01:17, 24.9MB/s]\r 27%|██▋       | 722M/2.64G [00:52\u003c01:15, 25.5MB/s]\n"}
,{"stream_name":"stderr","time":132.961056719,"data":"\r 27%|██▋       | 722M/2.64G [00:52\u003c01:15, 25.5MB/s]\r 27%|██▋       | 726M/2.64G [00:52\u003c01:13, 26.2MB/s]\n"}
,{"stream_name":"stderr","time":133.100287953,"data":"\r 27%|██▋       | 726M/2.64G [00:52\u003c01:13, 26.2MB/s]\r 28%|██▊       | 730M/2.64G [00:52\u003c01:11, 26.9MB/s]\n"}
,{"stream_name":"stderr","time":133.239378596,"data":"\r 28%|██▊       | 730M/2.64G [00:52\u003c01:11, 26.9MB/s]\r 28%|██▊       | 734M/2.64G [00:53\u003c01:09, 27.5MB/s]\n"}
,{"stream_name":"stderr","time":133.378471826,"data":"\r 28%|██▊       | 734M/2.64G [00:53\u003c01:09, 27.5MB/s]\r 28%|██▊       | 738M/2.64G [00:53\u003c01:07, 28.2MB/s]\n"}
,{"stream_name":"stderr","time":133.517169037,"data":"\r 28%|██▊       | 738M/2.64G [00:53\u003c01:07, 28.2MB/s]\r 28%|██▊       | 742M/2.64G [00:53\u003c01:05, 28.9MB/s]\n"}
,{"stream_name":"stderr","time":133.656346411,"data":"\r 28%|██▊       | 742M/2.64G [00:53\u003c01:05, 28.9MB/s]\r 28%|██▊       | 746M/2.64G [00:53\u003c01:04, 29.6MB/s]\n"}
,{"stream_name":"stderr","time":133.795772586,"data":"\r 28%|██▊       | 746M/2.64G [00:53\u003c01:04, 29.6MB/s]\r 28%|██▊       | 751M/2.64G [00:53\u003c01:02, 30.4MB/s]\n"}
,{"stream_name":"stderr","time":133.937034101,"data":"\r 28%|██▊       | 751M/2.64G [00:53\u003c01:02, 30.4MB/s]\r 29%|██▊       | 755M/2.64G [00:53\u003c01:03, 29.7MB/s]\n"}
,{"stream_name":"stderr","time":134.075864227,"data":"\r 29%|██▊       | 755M/2.64G [00:53\u003c01:03, 29.7MB/s]\r 29%|██▊       | 758M/2.64G [00:53\u003c01:07, 27.8MB/s]\n"}
,{"stream_name":"stderr","time":134.215248894,"data":"\r 29%|██▊       | 758M/2.64G [00:53\u003c01:07, 27.8MB/s]\r 29%|██▉       | 761M/2.64G [00:54\u003c01:10, 26.6MB/s]\n"}
,{"stream_name":"stderr","time":134.352824103,"data":"\r 29%|██▉       | 761M/2.64G [00:54\u003c01:10, 26.6MB/s]\r 29%|██▉       | 765M/2.64G [00:54\u003c01:12, 25.9MB/s]\n"}
,{"stream_name":"stderr","time":134.491901624,"data":"\r 29%|██▉       | 765M/2.64G [00:54\u003c01:12, 25.9MB/s]\r 29%|██▉       | 768M/2.64G [00:54\u003c01:13, 25.5MB/s]\n"}
,{"stream_name":"stderr","time":134.630257991,"data":"\r 29%|██▉       | 768M/2.64G [00:54\u003c01:13, 25.5MB/s]\r 29%|██▉       | 772M/2.64G [00:54\u003c01:13, 25.4MB/s]\n"}
,{"stream_name":"stderr","time":134.770785664,"data":"\r 29%|██▉       | 772M/2.64G [00:54\u003c01:13, 25.4MB/s]\r 29%|██▉       | 775M/2.64G [00:54\u003c01:13, 25.4MB/s]\n"}
,{"stream_name":"stderr","time":134.908973037,"data":"\r 29%|██▉       | 775M/2.64G [00:54\u003c01:13, 25.4MB/s]\r 29%|██▉       | 779M/2.64G [00:54\u003c01:13, 25.5MB/s]\n"}
,{"stream_name":"stderr","time":135.048521804,"data":"\r 29%|██▉       | 779M/2.64G [00:54\u003c01:13, 25.5MB/s]\r 30%|██▉       | 782M/2.64G [00:54\u003c01:12, 25.7MB/s]\n"}
,{"stream_name":"stderr","time":135.186567557,"data":"\r 30%|██▉       | 782M/2.64G [00:54\u003c01:12, 25.7MB/s]\r 30%|██▉       | 786M/2.64G [00:55\u003c01:11, 25.9MB/s]\n"}
,{"stream_name":"stderr","time":135.32669477,"data":"\r 30%|██▉       | 786M/2.64G [00:55\u003c01:11, 25.9MB/s]\r 30%|██▉       | 790M/2.64G [00:55\u003c01:10, 26.2MB/s]\n"}
,{"stream_name":"stderr","time":135.464854884,"data":"\r 30%|██▉       | 790M/2.64G [00:55\u003c01:10, 26.2MB/s]\r 30%|███       | 793M/2.64G [00:55\u003c01:09, 26.4MB/s]\n"}
,{"stream_name":"stderr","time":135.603208474,"data":"\r 30%|███       | 793M/2.64G [00:55\u003c01:09, 26.4MB/s]\r 30%|███       | 797M/2.64G [00:55\u003c01:08, 26.8MB/s]\n"}
,{"stream_name":"stderr","time":135.703955889,"data":"\r 30%|███       | 797M/2.64G [00:55\u003c01:08, 26.8MB/s]\r 30%|███       | 801M/2.64G [00:55\u003c01:03, 28.9MB/s]\n"}
,{"stream_name":"stderr","time":135.885245841,"data":"\r 30%|███       | 801M/2.64G [00:55\u003c01:03, 28.9MB/s]\r 30%|███       | 804M/2.64G [00:55\u003c01:15, 24.2MB/s]\n"}
,{"stream_name":"stderr","time":136.023023009,"data":"\r 30%|███       | 804M/2.64G [00:55\u003c01:15, 24.2MB/s]\r 31%|███       | 806M/2.64G [00:55\u003c01:20, 22.7MB/s]\n"}
,{"stream_name":"stderr","time":136.161764425,"data":"\r 31%|███       | 806M/2.64G [00:55\u003c01:20, 22.7MB/s]\r 31%|███       | 809M/2.64G [00:56\u003c01:23, 21.9MB/s]\n"}
,{"stream_name":"stderr","time":136.300527207,"data":"\r 31%|███       | 809M/2.64G [00:56\u003c01:23, 21.9MB/s]\r 31%|███       | 812M/2.64G [00:56\u003c01:25, 21.4MB/s]\n"}
,{"stream_name":"stderr","time":136.438818436,"data":"\r 31%|███       | 812M/2.64G [00:56\u003c01:25, 21.4MB/s]\r 31%|███       | 815M/2.64G [00:56\u003c01:26, 21.2MB/s]\n"}
,{"stream_name":"stderr","time":136.576990637,"data":"\r 31%|███       | 815M/2.64G [00:56\u003c01:26, 21.2MB/s]\r 31%|███       | 818M/2.64G [00:56\u003c01:26, 21.0MB/s]\n"}
,{"stream_name":"stderr","time":136.717139403,"data":"\r 31%|███       | 818M/2.64G [00:56\u003c01:26, 21.0MB/s]\r 31%|███       | 821M/2.64G [00:56\u003c01:26, 21.0MB/s]\n"}
,{"stream_name":"stderr","time":136.856485154,"data":"\r 31%|███       | 821M/2.64G [00:56\u003c01:26, 21.0MB/s]\r 31%|███       | 824M/2.64G [00:56\u003c01:26, 21.0MB/s]\n"}
,{"stream_name":"stderr","time":136.999724583,"data":"\r 31%|███       | 824M/2.64G [00:56\u003c01:26, 21.0MB/s]\r 31%|███▏      | 827M/2.64G [00:56\u003c01:27, 20.7MB/s]\n"}
,{"stream_name":"stderr","time":137.136071145,"data":"\r 31%|███▏      | 827M/2.64G [00:56\u003c01:27, 20.7MB/s]\r 31%|███▏      | 829M/2.64G [00:57\u003c01:30, 19.9MB/s]\n"}
,{"stream_name":"stderr","time":137.275633182,"data":"\r 31%|███▏      | 829M/2.64G [00:57\u003c01:30, 19.9MB/s]\r 31%|███▏      | 831M/2.64G [00:57\u003c01:37, 18.5MB/s]\n"}
,{"stream_name":"stderr","time":137.414027915,"data":"\r 31%|███▏      | 831M/2.64G [00:57\u003c01:37, 18.5MB/s]\r 32%|███▏      | 833M/2.64G [00:57\u003c01:43, 17.5MB/s]\n"}
,{"stream_name":"stderr","time":137.55293898,"data":"\r 32%|███▏      | 833M/2.64G [00:57\u003c01:43, 17.5MB/s]\r 32%|███▏      | 835M/2.64G [00:57\u003c01:46, 17.0MB/s]\n"}
,{"stream_name":"stderr","time":137.691538861,"data":"\r 32%|███▏      | 835M/2.64G [00:57\u003c01:46, 17.0MB/s]\r 32%|███▏      | 838M/2.64G [00:57\u003c01:48, 16.6MB/s]\n"}
,{"stream_name":"stderr","time":137.830195167,"data":"\r 32%|███▏      | 838M/2.64G [00:57\u003c01:48, 16.6MB/s]\r 32%|███▏      | 840M/2.64G [00:57\u003c01:49, 16.4MB/s]\n"}
,{"stream_name":"stderr","time":137.968877848,"data":"\r 32%|███▏      | 840M/2.64G [00:57\u003c01:49, 16.4MB/s]\r 32%|███▏      | 842M/2.64G [00:57\u003c01:50, 16.3MB/s]\n"}
,{"stream_name":"stderr","time":138.073886849,"data":"\r 32%|███▏      | 842M/2.64G [00:57\u003c01:50, 16.3MB/s]\r 32%|███▏      | 844M/2.64G [00:57\u003c01:42, 17.5MB/s]\n"}
,{"stream_name":"stderr","time":138.201927636,"data":"\r 32%|███▏      | 844M/2.64G [00:57\u003c01:42, 17.5MB/s]\r 32%|███▏      | 846M/2.64G [00:58\u003c01:48, 16.5MB/s]\n"}
,{"stream_name":"stderr","time":138.340109603,"data":"\r 32%|███▏      | 846M/2.64G [00:58\u003c01:48, 16.5MB/s]\r 32%|███▏      | 848M/2.64G [00:58\u003c01:52, 15.9MB/s]\n"}
,{"stream_name":"stderr","time":138.479061899,"data":"\r 32%|███▏      | 848M/2.64G [00:58\u003c01:52, 15.9MB/s]\r 32%|███▏      | 850M/2.64G [00:58\u003c01:51, 16.1MB/s]\n"}
,{"stream_name":"stderr","time":138.594073497,"data":"\r 32%|███▏      | 850M/2.64G [00:58\u003c01:51, 16.1MB/s]\r 32%|███▏      | 853M/2.64G [00:58\u003c01:43, 17.2MB/s]\n"}
,{"stream_name":"stderr","time":138.711090193,"data":"\r 32%|███▏      | 853M/2.64G [00:58\u003c01:43, 17.2MB/s]\r 32%|███▏      | 854M/2.64G [00:58\u003c01:47, 16.6MB/s]\n"}
,{"stream_name":"stderr","time":138.831607306,"data":"\r 32%|███▏      | 854M/2.64G [00:58\u003c01:47, 16.6MB/s]\r 32%|███▏      | 857M/2.64G [00:58\u003c01:45, 16.9MB/s]\n"}
,{"stream_name":"stderr","time":138.942325622,"data":"\r 32%|███▏      | 857M/2.64G [00:58\u003c01:45, 16.9MB/s]\r 33%|███▎      | 858M/2.64G [00:58\u003c01:47, 16.5MB/s]\n"}
,{"stream_name":"stderr","time":139.063985631,"data":"\r 33%|███▎      | 858M/2.64G [00:58\u003c01:47, 16.5MB/s]\r 33%|███▎      | 861M/2.64G [00:58\u003c01:43, 17.1MB/s]\n"}
,{"stream_name":"stderr","time":139.174281482,"data":"\r 33%|███▎      | 861M/2.64G [00:58\u003c01:43, 17.1MB/s]\r 33%|███▎      | 862M/2.64G [00:59\u003c01:46, 16.8MB/s]\n"}
,{"stream_name":"stderr","time":139.312881865,"data":"\r 33%|███▎      | 862M/2.64G [00:59\u003c01:46, 16.8MB/s]\r 33%|███▎      | 865M/2.64G [00:59\u003c01:46, 16.6MB/s]\n"}
,{"stream_name":"stderr","time":139.435289671,"data":"\r 33%|███▎      | 865M/2.64G [00:59\u003c01:46, 16.6MB/s]\r 33%|███▎      | 867M/2.64G [00:59\u003c01:41, 17.5MB/s]\n"}
,{"stream_name":"stderr","time":139.544992177,"data":"\r 33%|███▎      | 867M/2.64G [00:59\u003c01:41, 17.5MB/s]\r 33%|███▎      | 869M/2.64G [00:59\u003c01:43, 17.1MB/s]\n"}
,{"stream_name":"stderr","time":139.671845333,"data":"\r 33%|███▎      | 869M/2.64G [00:59\u003c01:43, 17.1MB/s]\r 33%|███▎      | 871M/2.64G [00:59\u003c01:41, 17.4MB/s]\n"}
,{"stream_name":"stderr","time":139.77583125,"data":"\r 33%|███▎      | 871M/2.64G [00:59\u003c01:41, 17.4MB/s]\r 33%|███▎      | 873M/2.64G [00:59\u003c01:42, 17.2MB/s]\n"}
,{"stream_name":"stderr","time":139.914770868,"data":"\r 33%|███▎      | 873M/2.64G [00:59\u003c01:42, 17.2MB/s]\r 33%|███▎      | 875M/2.64G [00:59\u003c01:42, 17.2MB/s]\n"}
,{"stream_name":"stderr","time":140.075221355,"data":"\r 33%|███▎      | 875M/2.64G [00:59\u003c01:42, 17.2MB/s]\r 33%|███▎      | 878M/2.64G [00:59\u003c01:41, 17.3MB/s]\n"}
,{"stream_name":"stderr","time":140.192324172,"data":"\r 33%|███▎      | 878M/2.64G [00:59\u003c01:41, 17.3MB/s]\r 33%|███▎      | 880M/2.64G [01:00\u003c01:41, 17.4MB/s]\n"}
,{"stream_name":"stderr","time":140.331676416,"data":"\r 33%|███▎      | 880M/2.64G [01:00\u003c01:41, 17.4MB/s]\r 33%|███▎      | 882M/2.64G [01:00\u003c01:40, 17.5MB/s]\n"}
,{"stream_name":"stderr","time":140.469917112,"data":"\r 33%|███▎      | 882M/2.64G [01:00\u003c01:40, 17.5MB/s]\r 34%|███▎      | 885M/2.64G [01:00\u003c01:40, 17.5MB/s]\n"}
,{"stream_name":"stderr","time":140.609035364,"data":"\r 34%|███▎      | 885M/2.64G [01:00\u003c01:40, 17.5MB/s]\r 34%|███▎      | 887M/2.64G [01:00\u003c01:38, 17.7MB/s]\n"}
,{"stream_name":"stderr","time":140.747936053,"data":"\r 34%|███▎      | 887M/2.64G [01:00\u003c01:38, 17.7MB/s]\r 34%|███▎      | 890M/2.64G [01:00\u003c01:38, 17.8MB/s]\n"}
,{"stream_name":"stderr","time":140.887313052,"data":"\r 34%|███▎      | 890M/2.64G [01:00\u003c01:38, 17.8MB/s]\r 34%|███▍      | 892M/2.64G [01:00\u003c01:38, 17.8MB/s]\n"}
,{"stream_name":"stderr","time":141.02665272,"data":"\r 34%|███▍      | 892M/2.64G [01:00\u003c01:38, 17.8MB/s]\r 34%|███▍      | 895M/2.64G [01:00\u003c01:37, 17.9MB/s]\n"}
,{"stream_name":"stderr","time":141.166770995,"data":"\r 34%|███▍      | 895M/2.64G [01:00\u003c01:37, 17.9MB/s]\r 34%|███▍      | 897M/2.64G [01:01\u003c01:37, 17.9MB/s]\n"}
,{"stream_name":"stderr","time":141.305417423,"data":"\r 34%|███▍      | 897M/2.64G [01:01\u003c01:37, 17.9MB/s]\r 34%|███▍      | 900M/2.64G [01:01\u003c01:37, 17.9MB/s]\n"}
,{"stream_name":"stderr","time":141.444099912,"data":"\r 34%|███▍      | 900M/2.64G [01:01\u003c01:37, 17.9MB/s]\r 34%|███▍      | 902M/2.64G [01:01\u003c01:36, 18.0MB/s]\n"}
,{"stream_name":"stderr","time":141.583537942,"data":"\r 34%|███▍      | 902M/2.64G [01:01\u003c01:36, 18.0MB/s]\r 34%|███▍      | 905M/2.64G [01:01\u003c01:36, 17.9MB/s]\n"}
,{"stream_name":"stderr","time":141.724817922,"data":"\r 34%|███▍      | 905M/2.64G [01:01\u003c01:36, 17.9MB/s]\r 34%|███▍      | 907M/2.64G [01:01\u003c01:36, 18.0MB/s]\n"}
,{"stream_name":"stderr","time":141.834673196,"data":"\r 34%|███▍      | 907M/2.64G [01:01\u003c01:36, 18.0MB/s]\r 34%|███▍      | 910M/2.64G [01:01\u003c01:30, 19.2MB/s]\n"}
,{"stream_name":"stderr","time":141.95633894,"data":"\r 34%|███▍      | 910M/2.64G [01:01\u003c01:30, 19.2MB/s]\r 35%|███▍      | 912M/2.64G [01:01\u003c01:34, 18.3MB/s]\n"}
,{"stream_name":"stderr","time":142.09741417,"data":"\r 35%|███▍      | 912M/2.64G [01:01\u003c01:34, 18.3MB/s]\r 35%|███▍      | 914M/2.64G [01:01\u003c01:43, 16.7MB/s]\n"}
,{"stream_name":"stderr","time":142.197989831,"data":"\r 35%|███▍      | 914M/2.64G [01:01\u003c01:43, 16.7MB/s]\r 35%|███▍      | 916M/2.64G [01:02\u003c01:43, 16.7MB/s]\n"}
,{"stream_name":"stderr","time":142.329846793,"data":"\r 35%|███▍      | 916M/2.64G [01:02\u003c01:43, 16.7MB/s]\r 35%|███▍      | 917M/2.64G [01:02\u003c01:50, 15.5MB/s]\n"}
,{"stream_name":"stderr","time":142.468058569,"data":"\r 35%|███▍      | 917M/2.64G [01:02\u003c01:50, 15.5MB/s]\r 35%|███▍      | 919M/2.64G [01:02\u003c02:01, 14.2MB/s]\n"}
,{"stream_name":"stderr","time":142.608450758,"data":"\r 35%|███▍      | 919M/2.64G [01:02\u003c02:01, 14.2MB/s]\r 35%|███▍      | 920M/2.64G [01:02\u003c02:12, 13.0MB/s]\n"}
,{"stream_name":"stderr","time":142.709811868,"data":"\r 35%|███▍      | 920M/2.64G [01:02\u003c02:12, 13.0MB/s]\r 35%|███▍      | 922M/2.64G [01:02\u003c02:06, 13.6MB/s]\n"}
,{"stream_name":"stderr","time":142.858009389,"data":"\r 35%|███▍      | 922M/2.64G [01:02\u003c02:06, 13.6MB/s]\r 35%|███▍      | 923M/2.64G [01:02\u003c02:20, 12.2MB/s]\n"}
,{"stream_name":"stderr","time":142.983438116,"data":"\r 35%|███▍      | 923M/2.64G [01:02\u003c02:20, 12.2MB/s]\r 35%|███▌      | 925M/2.64G [01:02\u003c02:27, 11.6MB/s]\n"}
,{"stream_name":"stderr","time":143.117365619,"data":"\r 35%|███▌      | 925M/2.64G [01:02\u003c02:27, 11.6MB/s]\r 35%|███▌      | 926M/2.64G [01:02\u003c02:38, 10.8MB/s]\n"}
,{"stream_name":"stderr","time":143.225464289,"data":"\r 35%|███▌      | 926M/2.64G [01:02\u003c02:38, 10.8MB/s]\r 35%|███▌      | 927M/2.64G [01:03\u003c02:35, 11.0MB/s]\n"}
,{"stream_name":"stderr","time":143.349100184,"data":"\r 35%|███▌      | 927M/2.64G [01:03\u003c02:35, 11.0MB/s]\r 35%|███▌      | 928M/2.64G [01:03\u003c02:43, 10.5MB/s]\n"}
,{"stream_name":"stderr","time":143.449216377,"data":"\r 35%|███▌      | 928M/2.64G [01:03\u003c02:43, 10.5MB/s]\r 35%|███▌      | 929M/2.64G [01:03\u003c02:35, 11.0MB/s]\n"}
,{"stream_name":"stderr","time":143.580011785,"data":"\r 35%|███▌      | 929M/2.64G [01:03\u003c02:35, 11.0MB/s]\r 35%|███▌      | 931M/2.64G [01:03\u003c02:46, 10.3MB/s]\n"}
,{"stream_name":"stderr","time":143.68169548,"data":"\r 35%|███▌      | 931M/2.64G [01:03\u003c02:46, 10.3MB/s]\r 35%|███▌      | 932M/2.64G [01:03\u003c02:35, 11.0MB/s]\n"}
,{"stream_name":"stderr","time":143.811235081,"data":"\r 35%|███▌      | 932M/2.64G [01:03\u003c02:35, 11.0MB/s]\r 35%|███▌      | 933M/2.64G [01:03\u003c02:46, 10.3MB/s]\n"}
,{"stream_name":"stderr","time":143.911954301,"data":"\r 35%|███▌      | 933M/2.64G [01:03\u003c02:46, 10.3MB/s]\r 35%|███▌      | 934M/2.64G [01:03\u003c02:34, 11.0MB/s]\n"}
,{"stream_name":"stderr","time":144.033783769,"data":"\r 35%|███▌      | 934M/2.64G [01:03\u003c02:34, 11.0MB/s]\r 35%|███▌      | 935M/2.64G [01:03\u003c02:42, 10.5MB/s]\n"}
,{"stream_name":"stderr","time":144.135066172,"data":"\r 35%|███▌      | 935M/2.64G [01:03\u003c02:42, 10.5MB/s]\r 35%|███▌      | 937M/2.64G [01:04\u003c02:41, 10.6MB/s]\n"}
,{"stream_name":"stderr","time":144.237938766,"data":"\r 35%|███▌      | 937M/2.64G [01:04\u003c02:41, 10.6MB/s]\r 36%|███▌      | 938M/2.64G [01:04\u003c02:31, 11.3MB/s]\n"}
,{"stream_name":"stderr","time":144.348995405,"data":"\r 36%|███▌      | 938M/2.64G [01:04\u003c02:31, 11.3MB/s]\r 36%|███▌      | 939M/2.64G [01:04\u003c02:35, 11.0MB/s]\n"}
,{"stream_name":"stderr","time":144.459731246,"data":"\r 36%|███▌      | 939M/2.64G [01:04\u003c02:35, 11.0MB/s]\r 36%|███▌      | 940M/2.64G [01:04\u003c02:38, 10.7MB/s]\n"}
,{"stream_name":"stderr","time":144.561392966,"data":"\r 36%|███▌      | 940M/2.64G [01:04\u003c02:38, 10.7MB/s]\r 36%|███▌      | 941M/2.64G [01:04\u003c02:28, 11.4MB/s]\n"}
,{"stream_name":"stderr","time":144.680535703,"data":"\r 36%|███▌      | 941M/2.64G [01:04\u003c02:28, 11.4MB/s]\r 36%|███▌      | 943M/2.64G [01:04\u003c02:35, 10.9MB/s]\n"}
,{"stream_name":"stderr","time":144.784207948,"data":"\r 36%|███▌      | 943M/2.64G [01:04\u003c02:35, 10.9MB/s]\r 36%|███▌      | 944M/2.64G [01:04\u003c02:35, 10.9MB/s]\n"}
,{"stream_name":"stderr","time":144.88797021,"data":"\r 36%|███▌      | 944M/2.64G [01:04\u003c02:35, 10.9MB/s]\r 36%|███▌      | 945M/2.64G [01:04\u003c02:27, 11.5MB/s]\n"}
,{"stream_name":"stderr","time":144.990270668,"data":"\r 36%|███▌      | 945M/2.64G [01:04\u003c02:27, 11.5MB/s]\r 36%|███▌      | 946M/2.64G [01:04\u003c02:27, 11.5MB/s]\n"}
,{"stream_name":"stderr","time":145.10957366,"data":"\r 36%|███▌      | 946M/2.64G [01:04\u003c02:27, 11.5MB/s]\r 36%|███▌      | 947M/2.64G [01:04\u003c02:34, 11.0MB/s]\n"}
,{"stream_name":"stderr","time":145.210973703,"data":"\r 36%|███▌      | 947M/2.64G [01:04\u003c02:34, 11.0MB/s]\r 36%|███▌      | 949M/2.64G [01:05\u003c02:25, 11.6MB/s]\n"}
,{"stream_name":"stderr","time":145.313699881,"data":"\r 36%|███▌      | 949M/2.64G [01:05\u003c02:25, 11.6MB/s]\r 36%|███▌      | 950M/2.64G [01:05\u003c02:26, 11.6MB/s]\n"}
,{"stream_name":"stderr","time":145.43430727,"data":"\r 36%|███▌      | 950M/2.64G [01:05\u003c02:26, 11.6MB/s]\r 36%|███▌      | 951M/2.64G [01:05\u003c02:33, 11.0MB/s]\n"}
,{"stream_name":"stderr","time":145.538738911,"data":"\r 36%|███▌      | 951M/2.64G [01:05\u003c02:33, 11.0MB/s]\r 36%|███▌      | 953M/2.64G [01:05\u003c02:24, 11.7MB/s]\n"}
,{"stream_name":"stderr","time":145.6503364,"data":"\r 36%|███▌      | 953M/2.64G [01:05\u003c02:24, 11.7MB/s]\r 36%|███▌      | 954M/2.64G [01:05\u003c02:27, 11.5MB/s]\n"}
,{"stream_name":"stderr","time":145.759830918,"data":"\r 36%|███▌      | 954M/2.64G [01:05\u003c02:27, 11.5MB/s]\r 36%|███▌      | 955M/2.64G [01:05\u003c02:29, 11.3MB/s]\n"}
,{"stream_name":"stderr","time":145.863051778,"data":"\r 36%|███▌      | 955M/2.64G [01:05\u003c02:29, 11.3MB/s]\r 36%|███▌      | 956M/2.64G [01:05\u003c02:22, 11.9MB/s]\n"}
,{"stream_name":"stderr","time":145.974707039,"data":"\r 36%|███▌      | 956M/2.64G [01:05\u003c02:22, 11.9MB/s]\r 36%|███▋      | 958M/2.64G [01:05\u003c02:25, 11.5MB/s]\n"}
,{"stream_name":"stderr","time":146.083915362,"data":"\r 36%|███▋      | 958M/2.64G [01:05\u003c02:25, 11.5MB/s]\r 36%|███▋      | 959M/2.64G [01:05\u003c02:28, 11.3MB/s]\n"}
,{"stream_name":"stderr","time":146.184041075,"data":"\r 36%|███▋      | 959M/2.64G [01:05\u003c02:28, 11.3MB/s]\r 36%|███▋      | 960M/2.64G [01:06\u003c02:20, 12.0MB/s]\n"}
,{"stream_name":"stderr","time":146.289415304,"data":"\r 36%|███▋      | 960M/2.64G [01:06\u003c02:20, 12.0MB/s]\r 36%|███▋      | 961M/2.64G [01:06\u003c02:21, 11.9MB/s]\n"}
,{"stream_name":"stderr","time":146.4099081,"data":"\r 36%|███▋      | 961M/2.64G [01:06\u003c02:21, 11.9MB/s]\r 36%|███▋      | 963M/2.64G [01:06\u003c02:28, 11.3MB/s]\n"}
,{"stream_name":"stderr","time":146.510075955,"data":"\r 36%|███▋      | 963M/2.64G [01:06\u003c02:28, 11.3MB/s]\r 37%|███▋      | 964M/2.64G [01:06\u003c02:20, 12.0MB/s]\n"}
,{"stream_name":"stderr","time":146.61166757,"data":"\r 37%|███▋      | 964M/2.64G [01:06\u003c02:20, 12.0MB/s]\r 37%|███▋      | 965M/2.64G [01:06\u003c02:20, 11.9MB/s]\n"}
,{"stream_name":"stderr","time":146.733586695,"data":"\r 37%|███▋      | 965M/2.64G [01:06\u003c02:20, 11.9MB/s]\r 37%|███▋      | 966M/2.64G [01:06\u003c02:28, 11.3MB/s]\n"}
,{"stream_name":"stderr","time":146.833711713,"data":"\r 37%|███▋      | 966M/2.64G [01:06\u003c02:28, 11.3MB/s]\r 37%|███▋      | 968M/2.64G [01:06\u003c02:19, 12.0MB/s]\n"}
,{"stream_name":"stderr","time":146.936844365,"data":"\r 37%|███▋      | 968M/2.64G [01:06\u003c02:19, 12.0MB/s]\r 37%|███▋      | 969M/2.64G [01:06\u003c02:20, 11.9MB/s]\n"}
,{"stream_name":"stderr","time":147.158417027,"data":"\r 37%|███▋      | 969M/2.64G [01:06\u003c02:20, 11.9MB/s]\r 37%|███▋      | 970M/2.64G [01:07\u003c03:08, 8.87MB/s]\n"}
,{"stream_name":"stderr","time":147.269276863,"data":"\r 37%|███▋      | 970M/2.64G [01:07\u003c03:08, 8.87MB/s]\r 37%|███▋      | 971M/2.64G [01:07\u003c03:06, 8.94MB/s]\n"}
,{"stream_name":"stderr","time":147.464693679,"data":"\r 37%|███▋      | 971M/2.64G [01:07\u003c03:06, 8.94MB/s]\r 37%|███▋      | 972M/2.64G [01:07\u003c03:44, 7.42MB/s]\n"}
,{"stream_name":"stderr","time":147.665239211,"data":"\r 37%|███▋      | 972M/2.64G [01:07\u003c03:44, 7.42MB/s]\r 37%|███▋      | 973M/2.64G [01:07\u003c04:25, 6.27MB/s]\n"}
,{"stream_name":"stderr","time":147.826309607,"data":"\r 37%|███▋      | 973M/2.64G [01:07\u003c04:25, 6.27MB/s]\r 37%|███▋      | 974M/2.64G [01:07\u003c04:50, 5.74MB/s]\n"}
,{"stream_name":"stderr","time":147.985414779,"data":"\r 37%|███▋      | 974M/2.64G [01:07\u003c04:50, 5.74MB/s]\r 37%|███▋      | 974M/2.64G [01:07\u003c05:16, 5.26MB/s]\n"}
,{"stream_name":"stderr","time":148.103118076,"data":"\r 37%|███▋      | 974M/2.64G [01:07\u003c05:16, 5.26MB/s]\r 37%|███▋      | 975M/2.64G [01:07\u003c05:20, 5.20MB/s]\n"}
,{"stream_name":"stderr","time":148.222263171,"data":"\r 37%|███▋      | 975M/2.64G [01:07\u003c05:20, 5.20MB/s]\r 37%|███▋      | 976M/2.64G [01:08\u003c05:28, 5.08MB/s]\n"}
,{"stream_name":"stderr","time":148.345887732,"data":"\r 37%|███▋      | 976M/2.64G [01:08\u003c05:28, 5.08MB/s]\r 37%|███▋      | 976M/2.64G [01:08\u003c05:43, 4.84MB/s]\n"}
,{"stream_name":"stderr","time":148.452823327,"data":"\r 37%|███▋      | 976M/2.64G [01:08\u003c05:43, 4.84MB/s]\r 37%|███▋      | 977M/2.64G [01:08\u003c05:42, 4.86MB/s]\n"}
,{"stream_name":"stderr","time":148.56510655,"data":"\r 37%|███▋      | 977M/2.64G [01:08\u003c05:42, 4.86MB/s]\r 37%|███▋      | 977M/2.64G [01:08\u003c05:46, 4.80MB/s]\n"}
,{"stream_name":"stderr","time":148.68356659,"data":"\r 37%|███▋      | 977M/2.64G [01:08\u003c05:46, 4.80MB/s]\r 37%|███▋      | 978M/2.64G [01:08\u003c06:00, 4.61MB/s]\n"}
,{"stream_name":"stderr","time":148.784725307,"data":"\r 37%|███▋      | 978M/2.64G [01:08\u003c06:00, 4.61MB/s]\r 37%|███▋      | 978M/2.64G [01:08\u003c05:42, 4.85MB/s]\n"}
,{"stream_name":"stderr","time":148.889750494,"data":"\r 37%|███▋      | 978M/2.64G [01:08\u003c05:42, 4.85MB/s]\r 37%|███▋      | 979M/2.64G [01:08\u003c05:46, 4.80MB/s]\n"}
,{"stream_name":"stderr","time":149.007186452,"data":"\r 37%|███▋      | 979M/2.64G [01:08\u003c05:46, 4.80MB/s]\r 37%|███▋      | 979M/2.64G [01:08\u003c06:00, 4.61MB/s]\n"}
,{"stream_name":"stderr","time":149.108408693,"data":"\r 37%|███▋      | 979M/2.64G [01:08\u003c06:00, 4.61MB/s]\r 37%|███▋      | 980M/2.64G [01:08\u003c05:41, 4.86MB/s]\n"}
,{"stream_name":"stderr","time":149.212767361,"data":"\r 37%|███▋      | 980M/2.64G [01:08\u003c05:41, 4.86MB/s]\r 37%|███▋      | 980M/2.64G [01:09\u003c05:44, 4.81MB/s]\n"}
,{"stream_name":"stderr","time":149.332462994,"data":"\r 37%|███▋      | 980M/2.64G [01:09\u003c05:44, 4.81MB/s]\r 37%|███▋      | 981M/2.64G [01:09\u003c06:01, 4.59MB/s]\n"}
,{"stream_name":"stderr","time":149.433860812,"data":"\r 37%|███▋      | 981M/2.64G [01:09\u003c06:01, 4.59MB/s]\r 37%|███▋      | 981M/2.64G [01:09\u003c05:36, 4.93MB/s]\n"}
,{"stream_name":"stderr","time":149.557028826,"data":"\r 37%|███▋      | 981M/2.64G [01:09\u003c05:36, 4.93MB/s]\r 37%|███▋      | 982M/2.64G [01:09\u003c05:52, 4.71MB/s]\n"}
,{"stream_name":"stderr","time":149.662379389,"data":"\r 37%|███▋      | 982M/2.64G [01:09\u003c05:52, 4.71MB/s]\r 37%|███▋      | 982M/2.64G [01:09\u003c05:33, 4.97MB/s]\n"}
,{"stream_name":"stderr","time":149.775450777,"data":"\r 37%|███▋      | 982M/2.64G [01:09\u003c05:33, 4.97MB/s]\r 37%|███▋      | 983M/2.64G [01:09\u003c05:40, 4.86MB/s]\n"}
,{"stream_name":"stderr","time":149.887490127,"data":"\r 37%|███▋      | 983M/2.64G [01:09\u003c05:40, 4.86MB/s]\r 37%|███▋      | 983M/2.64G [01:09\u003c05:50, 4.72MB/s]\n"}
,{"stream_name":"stderr","time":149.993144305,"data":"\r 37%|███▋      | 983M/2.64G [01:09\u003c05:50, 4.72MB/s]\r 37%|███▋      | 984M/2.64G [01:09\u003c05:33, 4.97MB/s]\n"}
,{"stream_name":"stderr","time":150.111979205,"data":"\r 37%|███▋      | 984M/2.64G [01:09\u003c05:33, 4.97MB/s]\r 37%|███▋      | 984M/2.64G [01:09\u003c05:45, 4.79MB/s]\n"}
,{"stream_name":"stderr","time":150.215834155,"data":"\r 37%|███▋      | 984M/2.64G [01:09\u003c05:45, 4.79MB/s]\r 37%|███▋      | 985M/2.64G [01:10\u003c05:34, 4.96MB/s]\n"}
,{"stream_name":"stderr","time":150.32166493,"data":"\r 37%|███▋      | 985M/2.64G [01:10\u003c05:34, 4.96MB/s]\r 37%|███▋      | 986M/2.64G [01:10\u003c05:33, 4.96MB/s]\n"}
,{"stream_name":"stderr","time":150.441558762,"data":"\r 37%|███▋      | 986M/2.64G [01:10\u003c05:33, 4.96MB/s]\r 37%|███▋      | 986M/2.64G [01:10\u003c05:46, 4.77MB/s]\n"}
,{"stream_name":"stderr","time":150.55196551,"data":"\r 37%|███▋      | 986M/2.64G [01:10\u003c05:46, 4.77MB/s]\r 37%|███▋      | 987M/2.64G [01:10\u003c05:35, 4.93MB/s]\n"}
,{"stream_name":"stderr","time":150.672708157,"data":"\r 37%|███▋      | 987M/2.64G [01:10\u003c05:35, 4.93MB/s]\r 37%|███▋      | 987M/2.64G [01:10\u003c05:48, 4.75MB/s]\n"}
,{"stream_name":"stderr","time":150.783106,"data":"\r 37%|███▋      | 987M/2.64G [01:10\u003c05:48, 4.75MB/s]\r 37%|███▋      | 988M/2.64G [01:10\u003c05:29, 5.01MB/s]\n"}
,{"stream_name":"stderr","time":150.903998473,"data":"\r 37%|███▋      | 988M/2.64G [01:10\u003c05:29, 5.01MB/s]\r 37%|███▋      | 988M/2.64G [01:10\u003c05:44, 4.80MB/s]\n"}
,{"stream_name":"stderr","time":151.01310817,"data":"\r 37%|███▋      | 988M/2.64G [01:10\u003c05:44, 4.80MB/s]\r 37%|███▋      | 989M/2.64G [01:10\u003c05:31, 4.98MB/s]\n"}
,{"stream_name":"stderr","time":151.131372904,"data":"\r 37%|███▋      | 989M/2.64G [01:10\u003c05:31, 4.98MB/s]\r 37%|███▋      | 989M/2.64G [01:11\u003c05:43, 4.80MB/s]\n"}
,{"stream_name":"stderr","time":151.232113184,"data":"\r 37%|███▋      | 989M/2.64G [01:11\u003c05:43, 4.80MB/s]\r 37%|███▋      | 990M/2.64G [01:11\u003c05:29, 5.01MB/s]\n"}
,{"stream_name":"stderr","time":151.338827111,"data":"\r 37%|███▋      | 990M/2.64G [01:11\u003c05:29, 5.01MB/s]\r 38%|███▊      | 991M/2.64G [01:11\u003c05:31, 4.98MB/s]\n"}
,{"stream_name":"stderr","time":151.458191262,"data":"\r 38%|███▊      | 991M/2.64G [01:11\u003c05:31, 4.98MB/s]\r 38%|███▊      | 991M/2.64G [01:11\u003c05:44, 4.79MB/s]\n"}
,{"stream_name":"stderr","time":151.567309086,"data":"\r 38%|███▊      | 991M/2.64G [01:11\u003c05:44, 4.79MB/s]\r 38%|███▊      | 992M/2.64G [01:11\u003c05:31, 4.97MB/s]\n"}
,{"stream_name":"stderr","time":151.688030143,"data":"\r 38%|███▊      | 992M/2.64G [01:11\u003c05:31, 4.97MB/s]\r 38%|███▊      | 992M/2.64G [01:11\u003c05:45, 4.77MB/s]\n"}
,{"stream_name":"stderr","time":151.794310503,"data":"\r 38%|███▊      | 992M/2.64G [01:11\u003c05:45, 4.77MB/s]\r 38%|███▊      | 993M/2.64G [01:11\u003c05:30, 4.99MB/s]\n"}
,{"stream_name":"stderr","time":151.913661907,"data":"\r 38%|███▊      | 993M/2.64G [01:11\u003c05:30, 4.99MB/s]\r 38%|███▊      | 993M/2.64G [01:11\u003c05:42, 4.81MB/s]\n"}
,{"stream_name":"stderr","time":152.014851222,"data":"\r 38%|███▊      | 993M/2.64G [01:11\u003c05:42, 4.81MB/s]\r 38%|███▊      | 994M/2.64G [01:11\u003c05:29, 5.00MB/s]\n"}
,{"stream_name":"stderr","time":152.124307718,"data":"\r 38%|███▊      | 994M/2.64G [01:11\u003c05:29, 5.00MB/s]\r 38%|███▊      | 994M/2.64G [01:11\u003c05:33, 4.93MB/s]\n"}
,{"stream_name":"stderr","time":152.242278623,"data":"\r 38%|███▊      | 994M/2.64G [01:11\u003c05:33, 4.93MB/s]\r 38%|███▊      | 995M/2.64G [01:12\u003c05:44, 4.78MB/s]\n"}
,{"stream_name":"stderr","time":152.349648747,"data":"\r 38%|███▊      | 995M/2.64G [01:12\u003c05:44, 4.78MB/s]\r 38%|███▊      | 995M/2.64G [01:12\u003c05:29, 4.99MB/s]\n"}
,{"stream_name":"stderr","time":152.468391601,"data":"\r 38%|███▊      | 995M/2.64G [01:12\u003c05:29, 4.99MB/s]\r 38%|███▊      | 996M/2.64G [01:12\u003c05:42, 4.81MB/s]\n"}
,{"stream_name":"stderr","time":152.572841584,"data":"\r 38%|███▊      | 996M/2.64G [01:12\u003c05:42, 4.81MB/s]\r 38%|███▊      | 997M/2.64G [01:12\u003c05:25, 5.05MB/s]\n"}
,{"stream_name":"stderr","time":152.690131444,"data":"\r 38%|███▊      | 997M/2.64G [01:12\u003c05:25, 5.05MB/s]\r 38%|███▊      | 997M/2.64G [01:12\u003c05:37, 4.87MB/s]\n"}
,{"stream_name":"stderr","time":152.796141811,"data":"\r 38%|███▊      | 997M/2.64G [01:12\u003c05:37, 4.87MB/s]\r 38%|███▊      | 998M/2.64G [01:12\u003c05:42, 4.80MB/s]\n"}
,{"stream_name":"stderr","time":152.898841793,"data":"\r 38%|███▊      | 998M/2.64G [01:12\u003c05:42, 4.80MB/s]\r 38%|███▊      | 998M/2.64G [01:12\u003c05:23, 5.07MB/s]\n"}
,{"stream_name":"stderr","time":153.009920073,"data":"\r 38%|███▊      | 998M/2.64G [01:12\u003c05:23, 5.07MB/s]\r 38%|███▊      | 999M/2.64G [01:12\u003c05:30, 4.96MB/s]\n"}
,{"stream_name":"stderr","time":153.119493304,"data":"\r 38%|███▊      | 999M/2.64G [01:12\u003c05:30, 4.96MB/s]\r 38%|███▊      | 999M/2.64G [01:12\u003c05:34, 4.91MB/s]\n"}
,{"stream_name":"stderr","time":153.235302752,"data":"\r 38%|███▊      | 999M/2.64G [01:12\u003c05:34, 4.91MB/s]\r 38%|███▊      | 1.00G/2.64G [01:13\u003c05:30, 4.97MB/s]\n"}
,{"stream_name":"stderr","time":153.348449157,"data":"\r 38%|███▊      | 1.00G/2.64G [01:13\u003c05:30, 4.97MB/s]\r 38%|███▊      | 1.00G/2.64G [01:13\u003c05:37, 4.87MB/s]\n"}
,{"stream_name":"stderr","time":153.465124492,"data":"\r 38%|███▊      | 1.00G/2.64G [01:13\u003c05:37, 4.87MB/s]\r 38%|███▊      | 1.00G/2.64G [01:13\u003c05:27, 5.01MB/s]\n"}
,{"stream_name":"stderr","time":153.574595638,"data":"\r 38%|███▊      | 1.00G/2.64G [01:13\u003c05:27, 5.01MB/s]\r 38%|███▊      | 1.00G/2.64G [01:13\u003c05:31, 4.95MB/s]\n"}
,{"stream_name":"stderr","time":153.67559472,"data":"\r 38%|███▊      | 1.00G/2.64G [01:13\u003c05:31, 4.95MB/s]\r 38%|███▊      | 1.00G/2.64G [01:13\u003c05:15, 5.19MB/s]\n"}
,{"stream_name":"stderr","time":153.789271435,"data":"\r 38%|███▊      | 1.00G/2.64G [01:13\u003c05:15, 5.19MB/s]\r 38%|███▊      | 1.00G/2.64G [01:13\u003c05:26, 5.02MB/s]\n"}
,{"stream_name":"stderr","time":153.894727224,"data":"\r 38%|███▊      | 1.00G/2.64G [01:13\u003c05:26, 5.02MB/s]\r 38%|███▊      | 1.00G/2.64G [01:13\u003c05:26, 5.01MB/s]\n"}
,{"stream_name":"stderr","time":153.996702377,"data":"\r 38%|███▊      | 1.00G/2.64G [01:13\u003c05:26, 5.01MB/s]\r 38%|███▊      | 1.00G/2.64G [01:13\u003c05:24, 5.04MB/s]\n"}
,{"stream_name":"stderr","time":154.098376939,"data":"\r 38%|███▊      | 1.00G/2.64G [01:13\u003c05:24, 5.04MB/s]\r 38%|███▊      | 1.00G/2.64G [01:13\u003c05:11, 5.26MB/s]\n"}
,{"stream_name":"stderr","time":154.217322326,"data":"\r 38%|███▊      | 1.00G/2.64G [01:13\u003c05:11, 5.26MB/s]\r 38%|███▊      | 1.00G/2.64G [01:14\u003c05:22, 5.07MB/s]\n"}
,{"stream_name":"stderr","time":154.319650625,"data":"\r 38%|███▊      | 1.00G/2.64G [01:14\u003c05:22, 5.07MB/s]\r 38%|███▊      | 1.01G/2.64G [01:14\u003c05:21, 5.09MB/s]\n"}
,{"stream_name":"stderr","time":154.429772115,"data":"\r 38%|███▊      | 1.01G/2.64G [01:14\u003c05:21, 5.09MB/s]\r 38%|███▊      | 1.01G/2.64G [01:14\u003c05:10, 5.26MB/s]\n"}
,{"stream_name":"stderr","time":154.545734697,"data":"\r 38%|███▊      | 1.01G/2.64G [01:14\u003c05:10, 5.26MB/s]\r 38%|███▊      | 1.01G/2.64G [01:14\u003c05:19, 5.12MB/s]\n"}
,{"stream_name":"stderr","time":154.648349493,"data":"\r 38%|███▊      | 1.01G/2.64G [01:14\u003c05:19, 5.12MB/s]\r 38%|███▊      | 1.01G/2.64G [01:14\u003c05:03, 5.39MB/s]\n"}
,{"stream_name":"stderr","time":154.758841324,"data":"\r 38%|███▊      | 1.01G/2.64G [01:14\u003c05:03, 5.39MB/s]\r 38%|███▊      | 1.01G/2.64G [01:14\u003c05:09, 5.28MB/s]\n"}
,{"stream_name":"stderr","time":154.864460109,"data":"\r 38%|███▊      | 1.01G/2.64G [01:14\u003c05:09, 5.28MB/s]\r 38%|███▊      | 1.01G/2.64G [01:14\u003c05:09, 5.28MB/s]\n"}
,{"stream_name":"stderr","time":154.966931086,"data":"\r 38%|███▊      | 1.01G/2.64G [01:14\u003c05:09, 5.28MB/s]\r 38%|███▊      | 1.01G/2.64G [01:14\u003c05:05, 5.34MB/s]\n"}
,{"stream_name":"stderr","time":155.078207773,"data":"\r 38%|███▊      | 1.01G/2.64G [01:14\u003c05:05, 5.34MB/s]\r 38%|███▊      | 1.01G/2.64G [01:14\u003c04:56, 5.50MB/s]\n"}
,{"stream_name":"stderr","time":155.178193054,"data":"\r 38%|███▊      | 1.01G/2.64G [01:14\u003c04:56, 5.50MB/s]\r 38%|███▊      | 1.01G/2.64G [01:15\u003c04:55, 5.52MB/s]\n"}
,{"stream_name":"stderr","time":155.28809311,"data":"\r 38%|███▊      | 1.01G/2.64G [01:15\u003c04:55, 5.52MB/s]\r 38%|███▊      | 1.01G/2.64G [01:15\u003c05:02, 5.38MB/s]\n"}
,{"stream_name":"stderr","time":155.388252209,"data":"\r 38%|███▊      | 1.01G/2.64G [01:15\u003c05:02, 5.38MB/s]\r 38%|███▊      | 1.01G/2.64G [01:15\u003c04:45, 5.71MB/s]\n"}
,{"stream_name":"stderr","time":155.491941434,"data":"\r 38%|███▊      | 1.01G/2.64G [01:15\u003c04:45, 5.71MB/s]\r 38%|███▊      | 1.01G/2.64G [01:15\u003c04:45, 5.70MB/s]\n"}
,{"stream_name":"stderr","time":155.59681643,"data":"\r 38%|███▊      | 1.01G/2.64G [01:15\u003c04:45, 5.70MB/s]\r 38%|███▊      | 1.01G/2.64G [01:15\u003c04:46, 5.68MB/s]\n"}
,{"stream_name":"stderr","time":155.704232656,"data":"\r 38%|███▊      | 1.01G/2.64G [01:15\u003c04:46, 5.68MB/s]\r 38%|███▊      | 1.01G/2.64G [01:15\u003c04:48, 5.63MB/s]\n"}
,{"stream_name":"stderr","time":155.808626678,"data":"\r 38%|███▊      | 1.01G/2.64G [01:15\u003c04:48, 5.63MB/s]\r 38%|███▊      | 1.01G/2.64G [01:15\u003c04:30, 6.01MB/s]\n"}
,{"stream_name":"stderr","time":155.91991142,"data":"\r 38%|███▊      | 1.01G/2.64G [01:15\u003c04:30, 6.01MB/s]\r 38%|███▊      | 1.01G/2.64G [01:15\u003c04:36, 5.88MB/s]\n"}
,{"stream_name":"stderr","time":156.020994145,"data":"\r 38%|███▊      | 1.01G/2.64G [01:15\u003c04:36, 5.88MB/s]\r 38%|███▊      | 1.01G/2.64G [01:15\u003c04:37, 5.87MB/s]\n"}
,{"stream_name":"stderr","time":156.12100345,"data":"\r 38%|███▊      | 1.01G/2.64G [01:15\u003c04:37, 5.87MB/s]\r 38%|███▊      | 1.02G/2.64G [01:15\u003c04:23, 6.16MB/s]\n"}
,{"stream_name":"stderr","time":156.224436091,"data":"\r 38%|███▊      | 1.02G/2.64G [01:15\u003c04:23, 6.16MB/s]\r 38%|███▊      | 1.02G/2.64G [01:16\u003c04:21, 6.21MB/s]\n"}
,{"stream_name":"stderr","time":156.329250599,"data":"\r 38%|███▊      | 1.02G/2.64G [01:16\u003c04:21, 6.21MB/s]\r 39%|███▊      | 1.02G/2.64G [01:16\u003c04:20, 6.22MB/s]\n"}
,{"stream_name":"stderr","time":156.441949099,"data":"\r 39%|███▊      | 1.02G/2.64G [01:16\u003c04:20, 6.22MB/s]\r 39%|███▊      | 1.02G/2.64G [01:16\u003c04:26, 6.10MB/s]\n"}
,{"stream_name":"stderr","time":156.547528641,"data":"\r 39%|███▊      | 1.02G/2.64G [01:16\u003c04:26, 6.10MB/s]\r 39%|███▊      | 1.02G/2.64G [01:16\u003c04:09, 6.50MB/s]\n"}
,{"stream_name":"stderr","time":156.648320046,"data":"\r 39%|███▊      | 1.02G/2.64G [01:16\u003c04:09, 6.50MB/s]\r 39%|███▊      | 1.02G/2.64G [01:16\u003c04:09, 6.49MB/s]\n"}
,{"stream_name":"stderr","time":156.751274972,"data":"\r 39%|███▊      | 1.02G/2.64G [01:16\u003c04:09, 6.49MB/s]\r 39%|███▊      | 1.02G/2.64G [01:16\u003c04:07, 6.55MB/s]\n"}
,{"stream_name":"stderr","time":156.858419695,"data":"\r 39%|███▊      | 1.02G/2.64G [01:16\u003c04:07, 6.55MB/s]\r 39%|███▊      | 1.02G/2.64G [01:16\u003c04:08, 6.52MB/s]\n"}
,{"stream_name":"stderr","time":156.962495914,"data":"\r 39%|███▊      | 1.02G/2.64G [01:16\u003c04:08, 6.52MB/s]\r 39%|███▊      | 1.02G/2.64G [01:16\u003c03:53, 6.92MB/s]\n"}
,{"stream_name":"stderr","time":157.068796333,"data":"\r 39%|███▊      | 1.02G/2.64G [01:16\u003c03:53, 6.92MB/s]\r 39%|███▊      | 1.02G/2.64G [01:16\u003c03:55, 6.88MB/s]\n"}
,{"stream_name":"stderr","time":157.179928815,"data":"\r 39%|███▊      | 1.02G/2.64G [01:16\u003c03:55, 6.88MB/s]\r 39%|███▊      | 1.02G/2.64G [01:17\u003c03:56, 6.85MB/s]\n"}
,{"stream_name":"stderr","time":157.280422058,"data":"\r 39%|███▊      | 1.02G/2.64G [01:17\u003c03:56, 6.85MB/s]\r 39%|███▉      | 1.02G/2.64G [01:17\u003c03:40, 7.32MB/s]\n"}
,{"stream_name":"stderr","time":157.38443113,"data":"\r 39%|███▉      | 1.02G/2.64G [01:17\u003c03:40, 7.32MB/s]\r 39%|███▉      | 1.02G/2.64G [01:17\u003c03:41, 7.31MB/s]\n"}
,{"stream_name":"stderr","time":157.485118613,"data":"\r 39%|███▉      | 1.02G/2.64G [01:17\u003c03:41, 7.31MB/s]\r 39%|███▉      | 1.03G/2.64G [01:17\u003c03:39, 7.35MB/s]\n"}
,{"stream_name":"stderr","time":157.59715292,"data":"\r 39%|███▉      | 1.03G/2.64G [01:17\u003c03:39, 7.35MB/s]\r 39%|███▉      | 1.03G/2.64G [01:17\u003c03:40, 7.34MB/s]\n"}
,{"stream_name":"stderr","time":157.698973207,"data":"\r 39%|███▉      | 1.03G/2.64G [01:17\u003c03:40, 7.34MB/s]\r 39%|███▉      | 1.03G/2.64G [01:17\u003c03:26, 7.82MB/s]\n"}
,{"stream_name":"stderr","time":157.800154083,"data":"\r 39%|███▉      | 1.03G/2.64G [01:17\u003c03:26, 7.82MB/s]\r 39%|███▉      | 1.03G/2.64G [01:17\u003c03:24, 7.90MB/s]\n"}
,{"stream_name":"stderr","time":157.900847412,"data":"\r 39%|███▉      | 1.03G/2.64G [01:17\u003c03:24, 7.90MB/s]\r 39%|███▉      | 1.03G/2.64G [01:17\u003c03:22, 7.97MB/s]\n"}
,{"stream_name":"stderr","time":158.011518004,"data":"\r 39%|███▉      | 1.03G/2.64G [01:17\u003c03:22, 7.97MB/s]\r 39%|███▉      | 1.03G/2.64G [01:17\u003c03:24, 7.89MB/s]\n"}
,{"stream_name":"stderr","time":158.111598442,"data":"\r 39%|███▉      | 1.03G/2.64G [01:17\u003c03:24, 7.89MB/s]\r 39%|███▉      | 1.03G/2.64G [01:17\u003c03:10, 8.45MB/s]\n"}
,{"stream_name":"stderr","time":158.215819506,"data":"\r 39%|███▉      | 1.03G/2.64G [01:17\u003c03:10, 8.45MB/s]\r 39%|███▉      | 1.03G/2.64G [01:18\u003c03:08, 8.55MB/s]\n"}
,{"stream_name":"stderr","time":158.315622222,"data":"\r 39%|███▉      | 1.03G/2.64G [01:18\u003c03:08, 8.55MB/s]\r 39%|███▉      | 1.03G/2.64G [01:18\u003c03:06, 8.64MB/s]\n"}
,{"stream_name":"stderr","time":158.421960585,"data":"\r 39%|███▉      | 1.03G/2.64G [01:18\u003c03:06, 8.64MB/s]\r 39%|███▉      | 1.03G/2.64G [01:18\u003c03:06, 8.63MB/s]\n"}
,{"stream_name":"stderr","time":158.522640092,"data":"\r 39%|███▉      | 1.03G/2.64G [01:18\u003c03:06, 8.63MB/s]\r 39%|███▉      | 1.03G/2.64G [01:18\u003c03:03, 8.78MB/s]\n"}
,{"stream_name":"stderr","time":158.623500175,"data":"\r 39%|███▉      | 1.03G/2.64G [01:18\u003c03:03, 8.78MB/s]\r 39%|███▉      | 1.04G/2.64G [01:18\u003c02:51, 9.36MB/s]\n"}
,{"stream_name":"stderr","time":158.727066829,"data":"\r 39%|███▉      | 1.04G/2.64G [01:18\u003c02:51, 9.36MB/s]\r 39%|███▉      | 1.04G/2.64G [01:18\u003c02:50, 9.39MB/s]\n"}
,{"stream_name":"stderr","time":158.82987483,"data":"\r 39%|███▉      | 1.04G/2.64G [01:18\u003c02:50, 9.39MB/s]\r 39%|███▉      | 1.04G/2.64G [01:18\u003c02:49, 9.45MB/s]\n"}
,{"stream_name":"stderr","time":158.932197317,"data":"\r 39%|███▉      | 1.04G/2.64G [01:18\u003c02:49, 9.45MB/s]\r 39%|███▉      | 1.04G/2.64G [01:18\u003c02:48, 9.49MB/s]\n"}
,{"stream_name":"stderr","time":159.034905594,"data":"\r 39%|███▉      | 1.04G/2.64G [01:18\u003c02:48, 9.49MB/s]\r 39%|███▉      | 1.04G/2.64G [01:18\u003c02:38, 10.1MB/s]\n"}
,{"stream_name":"stderr","time":159.138464021,"data":"\r 39%|███▉      | 1.04G/2.64G [01:18\u003c02:38, 10.1MB/s]\r 39%|███▉      | 1.04G/2.64G [01:19\u003c02:35, 10.3MB/s]\n"}
,{"stream_name":"stderr","time":159.243994383,"data":"\r 39%|███▉      | 1.04G/2.64G [01:19\u003c02:35, 10.3MB/s]\r 39%|███▉      | 1.04G/2.64G [01:19\u003c02:35, 10.3MB/s]\n"}
,{"stream_name":"stderr","time":159.346144471,"data":"\r 39%|███▉      | 1.04G/2.64G [01:19\u003c02:35, 10.3MB/s]\r 39%|███▉      | 1.04G/2.64G [01:19\u003c02:34, 10.4MB/s]\n"}
,{"stream_name":"stderr","time":159.446254663,"data":"\r 39%|███▉      | 1.04G/2.64G [01:19\u003c02:34, 10.4MB/s]\r 40%|███▉      | 1.04G/2.64G [01:19\u003c02:28, 10.8MB/s]\n"}
,{"stream_name":"stderr","time":159.546246656,"data":"\r 40%|███▉      | 1.04G/2.64G [01:19\u003c02:28, 10.8MB/s]\r 40%|███▉      | 1.04G/2.64G [01:19\u003c02:20, 11.4MB/s]\n"}
,{"stream_name":"stderr","time":159.646748667,"data":"\r 40%|███▉      | 1.04G/2.64G [01:19\u003c02:20, 11.4MB/s]\r 40%|███▉      | 1.05G/2.64G [01:19\u003c02:20, 11.4MB/s]\n"}
,{"stream_name":"stderr","time":159.752790746,"data":"\r 40%|███▉      | 1.05G/2.64G [01:19\u003c02:20, 11.4MB/s]\r 40%|███▉      | 1.05G/2.64G [01:19\u003c02:19, 11.4MB/s]\n"}
,{"stream_name":"stderr","time":159.857859865,"data":"\r 40%|███▉      | 1.05G/2.64G [01:19\u003c02:19, 11.4MB/s]\r 40%|███▉      | 1.05G/2.64G [01:19\u003c02:18, 11.5MB/s]\n"}
,{"stream_name":"stderr","time":159.957628756,"data":"\r 40%|███▉      | 1.05G/2.64G [01:19\u003c02:18, 11.5MB/s]\r 40%|███▉      | 1.05G/2.64G [01:19\u003c02:10, 12.2MB/s]\n"}
,{"stream_name":"stderr","time":160.062966405,"data":"\r 40%|███▉      | 1.05G/2.64G [01:19\u003c02:10, 12.2MB/s]\r 40%|███▉      | 1.05G/2.64G [01:19\u003c02:07, 12.5MB/s]\n"}
,{"stream_name":"stderr","time":160.172079171,"data":"\r 40%|███▉      | 1.05G/2.64G [01:19\u003c02:07, 12.5MB/s]\r 40%|███▉      | 1.05G/2.64G [01:20\u003c02:08, 12.3MB/s]\n"}
,{"stream_name":"stderr","time":160.276935312,"data":"\r 40%|███▉      | 1.05G/2.64G [01:20\u003c02:08, 12.3MB/s]\r 40%|███▉      | 1.05G/2.64G [01:20\u003c02:06, 12.6MB/s]\n"}
,{"stream_name":"stderr","time":160.383670403,"data":"\r 40%|███▉      | 1.05G/2.64G [01:20\u003c02:06, 12.6MB/s]\r 40%|███▉      | 1.06G/2.64G [01:20\u003c01:58, 13.3MB/s]\n"}
,{"stream_name":"stderr","time":160.483844996,"data":"\r 40%|███▉      | 1.06G/2.64G [01:20\u003c01:58, 13.3MB/s]\r 40%|████      | 1.06G/2.64G [01:20\u003c01:56, 13.5MB/s]\n"}
,{"stream_name":"stderr","time":160.583737373,"data":"\r 40%|████      | 1.06G/2.64G [01:20\u003c01:56, 13.5MB/s]\r 40%|████      | 1.06G/2.64G [01:20\u003c01:54, 13.8MB/s]\n"}
,{"stream_name":"stderr","time":160.687304431,"data":"\r 40%|████      | 1.06G/2.64G [01:20\u003c01:54, 13.8MB/s]\r 40%|████      | 1.06G/2.64G [01:20\u003c01:54, 13.8MB/s]\n"}
,{"stream_name":"stderr","time":160.789072711,"data":"\r 40%|████      | 1.06G/2.64G [01:20\u003c01:54, 13.8MB/s]\r 40%|████      | 1.06G/2.64G [01:20\u003c01:48, 14.6MB/s]\n"}
,{"stream_name":"stderr","time":160.891912869,"data":"\r 40%|████      | 1.06G/2.64G [01:20\u003c01:48, 14.6MB/s]\r 40%|████      | 1.06G/2.64G [01:20\u003c01:45, 14.9MB/s]\n"}
,{"stream_name":"stderr","time":160.994910594,"data":"\r 40%|████      | 1.06G/2.64G [01:20\u003c01:45, 14.9MB/s]\r 40%|████      | 1.06G/2.64G [01:20\u003c01:44, 15.0MB/s]\n"}
,{"stream_name":"stderr","time":161.096932491,"data":"\r 40%|████      | 1.06G/2.64G [01:20\u003c01:44, 15.0MB/s]\r 40%|████      | 1.07G/2.64G [01:20\u003c01:43, 15.2MB/s]\n"}
,{"stream_name":"stderr","time":161.201424794,"data":"\r 40%|████      | 1.07G/2.64G [01:20\u003c01:43, 15.2MB/s]\r 40%|████      | 1.07G/2.64G [01:21\u003c01:42, 15.3MB/s]\n"}
,{"stream_name":"stderr","time":161.301273442,"data":"\r 40%|████      | 1.07G/2.64G [01:21\u003c01:42, 15.3MB/s]\r 41%|████      | 1.07G/2.64G [01:21\u003c01:34, 16.6MB/s]\n"}
,{"stream_name":"stderr","time":161.401515817,"data":"\r 41%|████      | 1.07G/2.64G [01:21\u003c01:34, 16.6MB/s]\r 41%|████      | 1.07G/2.64G [01:21\u003c01:34, 16.7MB/s]\n"}
,{"stream_name":"stderr","time":161.502101594,"data":"\r 41%|████      | 1.07G/2.64G [01:21\u003c01:34, 16.7MB/s]\r 41%|████      | 1.07G/2.64G [01:21\u003c01:33, 16.8MB/s]\n"}
,{"stream_name":"stderr","time":161.604684512,"data":"\r 41%|████      | 1.07G/2.64G [01:21\u003c01:33, 16.8MB/s]\r 41%|████      | 1.08G/2.64G [01:21\u003c01:32, 17.0MB/s]\n"}
,{"stream_name":"stderr","time":161.708190411,"data":"\r 41%|████      | 1.08G/2.64G [01:21\u003c01:32, 17.0MB/s]\r 41%|████      | 1.08G/2.64G [01:21\u003c01:31, 17.1MB/s]\n"}
,{"stream_name":"stderr","time":161.810996557,"data":"\r 41%|████      | 1.08G/2.64G [01:21\u003c01:31, 17.1MB/s]\r 41%|████      | 1.08G/2.64G [01:21\u003c01:24, 18.4MB/s]\n"}
,{"stream_name":"stderr","time":161.914226436,"data":"\r 41%|████      | 1.08G/2.64G [01:21\u003c01:24, 18.4MB/s]\r 41%|████      | 1.08G/2.64G [01:21\u003c01:23, 18.6MB/s]\n"}
,{"stream_name":"stderr","time":162.018155886,"data":"\r 41%|████      | 1.08G/2.64G [01:21\u003c01:23, 18.6MB/s]\r 41%|████      | 1.08G/2.64G [01:21\u003c01:23, 18.7MB/s]\n"}
,{"stream_name":"stderr","time":162.121543657,"data":"\r 41%|████      | 1.08G/2.64G [01:21\u003c01:23, 18.7MB/s]\r 41%|████      | 1.08G/2.64G [01:21\u003c01:23, 18.7MB/s]\n"}
,{"stream_name":"stderr","time":162.222233323,"data":"\r 41%|████      | 1.08G/2.64G [01:21\u003c01:23, 18.7MB/s]\r 41%|████      | 1.09G/2.64G [01:22\u003c01:17, 20.1MB/s]\n"}
,{"stream_name":"stderr","time":162.323411251,"data":"\r 41%|████      | 1.09G/2.64G [01:22\u003c01:17, 20.1MB/s]\r 41%|████▏     | 1.09G/2.64G [01:22\u003c01:16, 20.2MB/s]\n"}
,{"stream_name":"stderr","time":162.425556105,"data":"\r 41%|████▏     | 1.09G/2.64G [01:22\u003c01:16, 20.2MB/s]\r 41%|████▏     | 1.09G/2.64G [01:22\u003c01:15, 20.6MB/s]\n"}
,{"stream_name":"stderr","time":162.525939243,"data":"\r 41%|████▏     | 1.09G/2.64G [01:22\u003c01:15, 20.6MB/s]\r 41%|████▏     | 1.09G/2.64G [01:22\u003c01:14, 20.8MB/s]\n"}
,{"stream_name":"stderr","time":162.629588906,"data":"\r 41%|████▏     | 1.09G/2.64G [01:22\u003c01:14, 20.8MB/s]\r 42%|████▏     | 1.10G/2.64G [01:22\u003c01:13, 20.9MB/s]\n"}
,{"stream_name":"stderr","time":162.729810465,"data":"\r 42%|████▏     | 1.10G/2.64G [01:22\u003c01:13, 20.9MB/s]\r 42%|████▏     | 1.10G/2.64G [01:22\u003c01:08, 22.4MB/s]\n"}
,{"stream_name":"stderr","time":162.829934424,"data":"\r 42%|████▏     | 1.10G/2.64G [01:22\u003c01:08, 22.4MB/s]\r 42%|████▏     | 1.10G/2.64G [01:22\u003c01:08, 22.5MB/s]\n"}
,{"stream_name":"stderr","time":162.934289377,"data":"\r 42%|████▏     | 1.10G/2.64G [01:22\u003c01:08, 22.5MB/s]\r 42%|████▏     | 1.10G/2.64G [01:22\u003c01:07, 22.8MB/s]\n"}
,{"stream_name":"stderr","time":163.034240346,"data":"\r 42%|████▏     | 1.10G/2.64G [01:22\u003c01:07, 22.8MB/s]\r 42%|████▏     | 1.11G/2.64G [01:22\u003c01:06, 23.1MB/s]\n"}
,{"stream_name":"stderr","time":163.13638615,"data":"\r 42%|████▏     | 1.11G/2.64G [01:22\u003c01:06, 23.1MB/s]\r 42%|████▏     | 1.11G/2.64G [01:23\u003c01:05, 23.3MB/s]\n"}
,{"stream_name":"stderr","time":163.239272729,"data":"\r 42%|████▏     | 1.11G/2.64G [01:23\u003c01:05, 23.3MB/s]\r 42%|████▏     | 1.11G/2.64G [01:23\u003c01:03, 24.0MB/s]\n"}
,{"stream_name":"stderr","time":163.353085053,"data":"\r 42%|████▏     | 1.11G/2.64G [01:23\u003c01:03, 24.0MB/s]\r 42%|████▏     | 1.11G/2.64G [01:23\u003c01:05, 23.2MB/s]\n"}
,{"stream_name":"stderr","time":163.498845779,"data":"\r 42%|████▏     | 1.11G/2.64G [01:23\u003c01:05, 23.2MB/s]\r 42%|████▏     | 1.12G/2.64G [01:23\u003c01:14, 20.6MB/s]\n"}
,{"stream_name":"stderr","time":163.601308281,"data":"\r 42%|████▏     | 1.12G/2.64G [01:23\u003c01:14, 20.6MB/s]\r 42%|████▏     | 1.12G/2.64G [01:23\u003c01:13, 20.6MB/s]\n"}
,{"stream_name":"stderr","time":163.709304961,"data":"\r 42%|████▏     | 1.12G/2.64G [01:23\u003c01:13, 20.6MB/s]\r 42%|████▏     | 1.12G/2.64G [01:23\u003c01:14, 20.4MB/s]\n"}
,{"stream_name":"stderr","time":163.813528214,"data":"\r 42%|████▏     | 1.12G/2.64G [01:23\u003c01:14, 20.4MB/s]\r 42%|████▏     | 1.12G/2.64G [01:23\u003c01:15, 20.2MB/s]\n"}
,{"stream_name":"stderr","time":163.920061351,"data":"\r 42%|████▏     | 1.12G/2.64G [01:23\u003c01:15, 20.2MB/s]\r 43%|████▎     | 1.12G/2.64G [01:23\u003c01:16, 20.0MB/s]\n"}
,{"stream_name":"stderr","time":164.021900323,"data":"\r 43%|████▎     | 1.12G/2.64G [01:23\u003c01:16, 20.0MB/s]\r 43%|████▎     | 1.13G/2.64G [01:23\u003c01:15, 20.0MB/s]\n"}
,{"stream_name":"stderr","time":164.123200256,"data":"\r 43%|████▎     | 1.13G/2.64G [01:23\u003c01:15, 20.0MB/s]\r 43%|████▎     | 1.13G/2.64G [01:23\u003c01:15, 20.0MB/s]\n"}
,{"stream_name":"stderr","time":164.230455489,"data":"\r 43%|████▎     | 1.13G/2.64G [01:23\u003c01:15, 20.0MB/s]\r 43%|████▎     | 1.13G/2.64G [01:24\u003c01:16, 19.7MB/s]\n"}
,{"stream_name":"stderr","time":164.332117926,"data":"\r 43%|████▎     | 1.13G/2.64G [01:24\u003c01:16, 19.7MB/s]\r 43%|████▎     | 1.13G/2.64G [01:24\u003c01:16, 19.7MB/s]\n"}
,{"stream_name":"stderr","time":164.432882197,"data":"\r 43%|████▎     | 1.13G/2.64G [01:24\u003c01:16, 19.7MB/s]\r 43%|████▎     | 1.13G/2.64G [01:24\u003c01:15, 19.9MB/s]\n"}
,{"stream_name":"stderr","time":164.533893199,"data":"\r 43%|████▎     | 1.13G/2.64G [01:24\u003c01:15, 19.9MB/s]\r 43%|████▎     | 1.14G/2.64G [01:24\u003c01:14, 20.2MB/s]\n"}
,{"stream_name":"stderr","time":164.635646099,"data":"\r 43%|████▎     | 1.14G/2.64G [01:24\u003c01:14, 20.2MB/s]\r 43%|████▎     | 1.14G/2.64G [01:24\u003c01:13, 20.5MB/s]\n"}
,{"stream_name":"stderr","time":164.736711307,"data":"\r 43%|████▎     | 1.14G/2.64G [01:24\u003c01:13, 20.5MB/s]\r 43%|████▎     | 1.14G/2.64G [01:24\u003c01:12, 20.6MB/s]\n"}
,{"stream_name":"stderr","time":164.842960567,"data":"\r 43%|████▎     | 1.14G/2.64G [01:24\u003c01:12, 20.6MB/s]\r 43%|████▎     | 1.14G/2.64G [01:24\u003c01:14, 20.2MB/s]\n"}
,{"stream_name":"stderr","time":164.943632724,"data":"\r 43%|████▎     | 1.14G/2.64G [01:24\u003c01:14, 20.2MB/s]\r 43%|████▎     | 1.14G/2.64G [01:24\u003c01:13, 20.3MB/s]\n"}
,{"stream_name":"stderr","time":165.045152116,"data":"\r 43%|████▎     | 1.14G/2.64G [01:24\u003c01:13, 20.3MB/s]\r 43%|████▎     | 1.15G/2.64G [01:24\u003c01:13, 20.3MB/s]\n"}
,{"stream_name":"stderr","time":165.148611552,"data":"\r 43%|████▎     | 1.15G/2.64G [01:24\u003c01:13, 20.3MB/s]\r 44%|████▎     | 1.15G/2.64G [01:25\u003c01:13, 20.2MB/s]\n"}
,{"stream_name":"stderr","time":165.24989662,"data":"\r 44%|████▎     | 1.15G/2.64G [01:25\u003c01:13, 20.2MB/s]\r 44%|████▎     | 1.15G/2.64G [01:25\u003c01:12, 20.6MB/s]\n"}
,{"stream_name":"stderr","time":165.352329767,"data":"\r 44%|████▎     | 1.15G/2.64G [01:25\u003c01:12, 20.6MB/s]\r 44%|████▎     | 1.15G/2.64G [01:25\u003c01:12, 20.5MB/s]\n"}
,{"stream_name":"stderr","time":165.454056129,"data":"\r 44%|████▎     | 1.15G/2.64G [01:25\u003c01:12, 20.5MB/s]\r 44%|████▎     | 1.15G/2.64G [01:25\u003c01:12, 20.5MB/s]\n"}
,{"stream_name":"stderr","time":165.564113796,"data":"\r 44%|████▎     | 1.15G/2.64G [01:25\u003c01:12, 20.5MB/s]\r 44%|████▍     | 1.16G/2.64G [01:25\u003c01:14, 20.0MB/s]\n"}
,{"stream_name":"stderr","time":165.665476953,"data":"\r 44%|████▍     | 1.16G/2.64G [01:25\u003c01:14, 20.0MB/s]\r 44%|████▍     | 1.16G/2.64G [01:25\u003c01:12, 20.3MB/s]\n"}
,{"stream_name":"stderr","time":165.767750041,"data":"\r 44%|████▍     | 1.16G/2.64G [01:25\u003c01:12, 20.3MB/s]\r 44%|████▍     | 1.16G/2.64G [01:25\u003c01:12, 20.3MB/s]\n"}
,{"stream_name":"stderr","time":165.869012461,"data":"\r 44%|████▍     | 1.16G/2.64G [01:25\u003c01:12, 20.3MB/s]\r 44%|████▍     | 1.16G/2.64G [01:25\u003c01:12, 20.5MB/s]\n"}
,{"stream_name":"stderr","time":165.969383672,"data":"\r 44%|████▍     | 1.16G/2.64G [01:25\u003c01:12, 20.5MB/s]\r 44%|████▍     | 1.17G/2.64G [01:25\u003c01:11, 20.5MB/s]\n"}
,{"stream_name":"stderr","time":166.078992425,"data":"\r 44%|████▍     | 1.17G/2.64G [01:25\u003c01:11, 20.5MB/s]\r 44%|████▍     | 1.17G/2.64G [01:25\u003c01:13, 20.0MB/s]\n"}
,{"stream_name":"stderr","time":166.187122794,"data":"\r 44%|████▍     | 1.17G/2.64G [01:25\u003c01:13, 20.0MB/s]\r 44%|████▍     | 1.17G/2.64G [01:26\u003c01:15, 19.6MB/s]\n"}
,{"stream_name":"stderr","time":166.290099367,"data":"\r 44%|████▍     | 1.17G/2.64G [01:26\u003c01:15, 19.6MB/s]\r 44%|████▍     | 1.17G/2.64G [01:26\u003c01:13, 20.0MB/s]\n"}
,{"stream_name":"stderr","time":166.391218476,"data":"\r 44%|████▍     | 1.17G/2.64G [01:26\u003c01:13, 20.0MB/s]\r 44%|████▍     | 1.17G/2.64G [01:26\u003c01:11, 20.4MB/s]\n"}
,{"stream_name":"stderr","time":166.500080877,"data":"\r 44%|████▍     | 1.17G/2.64G [01:26\u003c01:11, 20.4MB/s]\r 45%|████▍     | 1.18G/2.64G [01:26\u003c01:13, 20.0MB/s]\n"}
,{"stream_name":"stderr","time":166.613694862,"data":"\r 45%|████▍     | 1.18G/2.64G [01:26\u003c01:13, 20.0MB/s]\r 45%|████▍     | 1.18G/2.64G [01:26\u003c01:15, 19.3MB/s]\n"}
,{"stream_name":"stderr","time":166.721005564,"data":"\r 45%|████▍     | 1.18G/2.64G [01:26\u003c01:15, 19.3MB/s]\r 45%|████▍     | 1.18G/2.64G [01:26\u003c01:16, 19.0MB/s]\n"}
,{"stream_name":"stderr","time":166.823559468,"data":"\r 45%|████▍     | 1.18G/2.64G [01:26\u003c01:16, 19.0MB/s]\r 45%|████▍     | 1.18G/2.64G [01:26\u003c01:16, 19.0MB/s]\n"}
,{"stream_name":"stderr","time":166.926645416,"data":"\r 45%|████▍     | 1.18G/2.64G [01:26\u003c01:16, 19.0MB/s]\r 45%|████▍     | 1.18G/2.64G [01:26\u003c01:16, 18.9MB/s]\n"}
,{"stream_name":"stderr","time":167.028789138,"data":"\r 45%|████▍     | 1.18G/2.64G [01:26\u003c01:16, 18.9MB/s]\r 45%|████▍     | 1.19G/2.64G [01:26\u003c01:16, 19.0MB/s]\n"}
,{"stream_name":"stderr","time":167.131278995,"data":"\r 45%|████▍     | 1.19G/2.64G [01:26\u003c01:16, 19.0MB/s]\r 45%|████▍     | 1.19G/2.64G [01:27\u003c01:16, 18.9MB/s]\n"}
,{"stream_name":"stderr","time":167.232415149,"data":"\r 45%|████▍     | 1.19G/2.64G [01:27\u003c01:16, 18.9MB/s]\r 45%|████▌     | 1.19G/2.64G [01:27\u003c01:15, 19.2MB/s]\n"}
,{"stream_name":"stderr","time":167.333400168,"data":"\r 45%|████▌     | 1.19G/2.64G [01:27\u003c01:15, 19.2MB/s]\r 45%|████▌     | 1.19G/2.64G [01:27\u003c01:14, 19.6MB/s]\n"}
,{"stream_name":"stderr","time":167.43360637,"data":"\r 45%|████▌     | 1.19G/2.64G [01:27\u003c01:14, 19.6MB/s]\r 45%|████▌     | 1.19G/2.64G [01:27\u003c01:13, 19.7MB/s]\n"}
,{"stream_name":"stderr","time":167.538263452,"data":"\r 45%|████▌     | 1.19G/2.64G [01:27\u003c01:13, 19.7MB/s]\r 45%|████▌     | 1.20G/2.64G [01:27\u003c01:12, 19.9MB/s]\n"}
,{"stream_name":"stderr","time":167.641992067,"data":"\r 45%|████▌     | 1.20G/2.64G [01:27\u003c01:12, 19.9MB/s]\r 45%|████▌     | 1.20G/2.64G [01:27\u003c01:12, 19.9MB/s]\n"}
,{"stream_name":"stderr","time":167.74252942,"data":"\r 45%|████▌     | 1.20G/2.64G [01:27\u003c01:12, 19.9MB/s]\r 45%|████▌     | 1.20G/2.64G [01:27\u003c01:11, 20.2MB/s]\n"}
,{"stream_name":"stderr","time":167.844220924,"data":"\r 45%|████▌     | 1.20G/2.64G [01:27\u003c01:11, 20.2MB/s]\r 46%|████▌     | 1.20G/2.64G [01:27\u003c01:09, 20.6MB/s]\n"}
,{"stream_name":"stderr","time":167.947016863,"data":"\r 46%|████▌     | 1.20G/2.64G [01:27\u003c01:09, 20.6MB/s]\r 46%|████▌     | 1.20G/2.64G [01:27\u003c01:09, 20.5MB/s]\n"}
,{"stream_name":"stderr","time":168.0513227,"data":"\r 46%|████▌     | 1.20G/2.64G [01:27\u003c01:09, 20.5MB/s]\r 46%|████▌     | 1.21G/2.64G [01:27\u003c01:10, 20.3MB/s]\n"}
,{"stream_name":"stderr","time":168.155079799,"data":"\r 46%|████▌     | 1.21G/2.64G [01:27\u003c01:10, 20.3MB/s]\r 46%|████▌     | 1.21G/2.64G [01:28\u003c01:11, 20.1MB/s]\n"}
,{"stream_name":"stderr","time":168.258613811,"data":"\r 46%|████▌     | 1.21G/2.64G [01:28\u003c01:11, 20.1MB/s]\r 46%|████▌     | 1.21G/2.64G [01:28\u003c01:11, 20.0MB/s]\n"}
,{"stream_name":"stderr","time":168.360065956,"data":"\r 46%|████▌     | 1.21G/2.64G [01:28\u003c01:11, 20.0MB/s]\r 46%|████▌     | 1.21G/2.64G [01:28\u003c01:10, 20.3MB/s]\n"}
,{"stream_name":"stderr","time":168.46238627,"data":"\r 46%|████▌     | 1.21G/2.64G [01:28\u003c01:10, 20.3MB/s]\r 46%|████▌     | 1.21G/2.64G [01:28\u003c01:10, 20.1MB/s]\n"}
,{"stream_name":"stderr","time":168.562770055,"data":"\r 46%|████▌     | 1.21G/2.64G [01:28\u003c01:10, 20.1MB/s]\r 46%|████▌     | 1.22G/2.64G [01:28\u003c01:09, 20.4MB/s]\n"}
,{"stream_name":"stderr","time":168.678429189,"data":"\r 46%|████▌     | 1.22G/2.64G [01:28\u003c01:09, 20.4MB/s]\r 46%|████▌     | 1.22G/2.64G [01:28\u003c01:12, 19.5MB/s]\n"}
,{"stream_name":"stderr","time":168.780314463,"data":"\r 46%|████▌     | 1.22G/2.64G [01:28\u003c01:12, 19.5MB/s]\r 46%|████▌     | 1.22G/2.64G [01:28\u003c01:11, 19.7MB/s]\n"}
,{"stream_name":"stderr","time":168.882161123,"data":"\r 46%|████▌     | 1.22G/2.64G [01:28\u003c01:11, 19.7MB/s]\r 46%|████▋     | 1.22G/2.64G [01:28\u003c01:10, 20.0MB/s]\n"}
,{"stream_name":"stderr","time":168.982268464,"data":"\r 46%|████▋     | 1.22G/2.64G [01:28\u003c01:10, 20.0MB/s]\r 46%|████▋     | 1.23G/2.64G [01:28\u003c01:09, 20.5MB/s]\n"}
,{"stream_name":"stderr","time":169.086159512,"data":"\r 46%|████▋     | 1.23G/2.64G [01:28\u003c01:09, 20.5MB/s]\r 46%|████▋     | 1.23G/2.64G [01:28\u003c01:09, 20.3MB/s]\n"}
,{"stream_name":"stderr","time":169.189078419,"data":"\r 46%|████▋     | 1.23G/2.64G [01:28\u003c01:09, 20.3MB/s]\r 47%|████▋     | 1.23G/2.64G [01:29\u003c01:09, 20.4MB/s]\n"}
,{"stream_name":"stderr","time":169.292704083,"data":"\r 47%|████▋     | 1.23G/2.64G [01:29\u003c01:09, 20.4MB/s]\r 47%|████▋     | 1.23G/2.64G [01:29\u003c01:08, 20.6MB/s]\n"}
,{"stream_name":"stderr","time":169.394122964,"data":"\r 47%|████▋     | 1.23G/2.64G [01:29\u003c01:08, 20.6MB/s]\r 47%|████▋     | 1.23G/2.64G [01:29\u003c01:07, 20.8MB/s]\n"}
,{"stream_name":"stderr","time":169.494832288,"data":"\r 47%|████▋     | 1.23G/2.64G [01:29\u003c01:07, 20.8MB/s]\r 47%|████▋     | 1.24G/2.64G [01:29\u003c01:07, 20.8MB/s]\n"}
,{"stream_name":"stderr","time":169.602895978,"data":"\r 47%|████▋     | 1.24G/2.64G [01:29\u003c01:07, 20.8MB/s]\r 47%|████▋     | 1.24G/2.64G [01:29\u003c01:08, 20.4MB/s]\n"}
,{"stream_name":"stderr","time":169.705560864,"data":"\r 47%|████▋     | 1.24G/2.64G [01:29\u003c01:08, 20.4MB/s]\r 47%|████▋     | 1.24G/2.64G [01:29\u003c01:09, 20.3MB/s]\n"}
,{"stream_name":"stderr","time":169.806576219,"data":"\r 47%|████▋     | 1.24G/2.64G [01:29\u003c01:09, 20.3MB/s]\r 47%|████▋     | 1.24G/2.64G [01:29\u003c01:08, 20.3MB/s]\n"}
,{"stream_name":"stderr","time":169.907426458,"data":"\r 47%|████▋     | 1.24G/2.64G [01:29\u003c01:08, 20.3MB/s]\r 47%|████▋     | 1.24G/2.64G [01:29\u003c01:08, 20.5MB/s]\n"}
,{"stream_name":"stderr","time":170.011401056,"data":"\r 47%|████▋     | 1.24G/2.64G [01:29\u003c01:08, 20.5MB/s]\r 47%|████▋     | 1.25G/2.64G [01:29\u003c01:08, 20.3MB/s]\n"}
,{"stream_name":"stderr","time":170.146346595,"data":"\r 47%|████▋     | 1.25G/2.64G [01:29\u003c01:08, 20.3MB/s]\r 47%|████▋     | 1.25G/2.64G [01:29\u003c01:09, 20.1MB/s]\n"}
,{"stream_name":"stderr","time":170.223356477,"data":"\r 47%|████▋     | 1.25G/2.64G [01:29\u003c01:09, 20.1MB/s]\r 47%|████▋     | 1.25G/2.64G [01:30\u003c01:10, 19.7MB/s]\n"}
,{"stream_name":"stderr","time":170.32440762,"data":"\r 47%|████▋     | 1.25G/2.64G [01:30\u003c01:10, 19.7MB/s]\r 47%|████▋     | 1.25G/2.64G [01:30\u003c01:09, 19.9MB/s]\n"}
,{"stream_name":"stderr","time":170.426003917,"data":"\r 47%|████▋     | 1.25G/2.64G [01:30\u003c01:09, 19.9MB/s]\r 48%|████▊     | 1.25G/2.64G [01:30\u003c01:08, 20.1MB/s]\n"}
,{"stream_name":"stderr","time":170.530177672,"data":"\r 48%|████▊     | 1.25G/2.64G [01:30\u003c01:08, 20.1MB/s]\r 48%|████▊     | 1.26G/2.64G [01:30\u003c01:09, 19.9MB/s]\n"}
,{"stream_name":"stderr","time":170.631860472,"data":"\r 48%|████▊     | 1.26G/2.64G [01:30\u003c01:09, 19.9MB/s]\r 48%|████▊     | 1.26G/2.64G [01:30\u003c01:07, 20.3MB/s]\n"}
,{"stream_name":"stderr","time":170.737408441,"data":"\r 48%|████▊     | 1.26G/2.64G [01:30\u003c01:07, 20.3MB/s]\r 48%|████▊     | 1.26G/2.64G [01:30\u003c01:08, 20.1MB/s]\n"}
,{"stream_name":"stderr","time":170.838823551,"data":"\r 48%|████▊     | 1.26G/2.64G [01:30\u003c01:08, 20.1MB/s]\r 48%|████▊     | 1.26G/2.64G [01:30\u003c01:08, 20.2MB/s]\n"}
,{"stream_name":"stderr","time":170.939565567,"data":"\r 48%|████▊     | 1.26G/2.64G [01:30\u003c01:08, 20.2MB/s]\r 48%|████▊     | 1.26G/2.64G [01:30\u003c01:06, 20.8MB/s]\n"}
,{"stream_name":"stderr","time":171.039999882,"data":"\r 48%|████▊     | 1.26G/2.64G [01:30\u003c01:06, 20.8MB/s]\r 48%|████▊     | 1.27G/2.64G [01:30\u003c01:06, 20.8MB/s]\n"}
,{"stream_name":"stderr","time":171.209755632,"data":"\r 48%|████▊     | 1.27G/2.64G [01:30\u003c01:06, 20.8MB/s]\r 48%|████▊     | 1.27G/2.64G [01:31\u003c01:19, 17.3MB/s]\n"}
,{"stream_name":"stderr","time":171.363239909,"data":"\r 48%|████▊     | 1.27G/2.64G [01:31\u003c01:19, 17.3MB/s]\r 48%|████▊     | 1.27G/2.64G [01:31\u003c01:28, 15.4MB/s]\n"}
,{"stream_name":"stderr","time":171.497160278,"data":"\r 48%|████▊     | 1.27G/2.64G [01:31\u003c01:28, 15.4MB/s]\r 48%|████▊     | 1.27G/2.64G [01:31\u003c01:34, 14.4MB/s]\n"}
,{"stream_name":"stderr","time":171.597236059,"data":"\r 48%|████▊     | 1.27G/2.64G [01:31\u003c01:34, 14.4MB/s]\r 48%|████▊     | 1.27G/2.64G [01:31\u003c01:29, 15.2MB/s]\n"}
,{"stream_name":"stderr","time":171.69778474700001,"data":"\r 48%|████▊     | 1.27G/2.64G [01:31\u003c01:29, 15.2MB/s]\r 48%|████▊     | 1.28G/2.64G [01:31\u003c01:20, 16.9MB/s]\n"}
,{"stream_name":"stderr","time":171.799704361,"data":"\r 48%|████▊     | 1.28G/2.64G [01:31\u003c01:20, 16.9MB/s]\r 48%|████▊     | 1.28G/2.64G [01:31\u003c01:15, 18.0MB/s]\n"}
,{"stream_name":"stderr","time":171.902897088,"data":"\r 48%|████▊     | 1.28G/2.64G [01:31\u003c01:15, 18.0MB/s]\r 49%|████▊     | 1.28G/2.64G [01:31\u003c01:12, 18.7MB/s]\n"}
,{"stream_name":"stderr","time":172.00390368,"data":"\r 49%|████▊     | 1.28G/2.64G [01:31\u003c01:12, 18.7MB/s]\r 49%|████▊     | 1.28G/2.64G [01:31\u003c01:11, 19.1MB/s]\n"}
,{"stream_name":"stderr","time":172.104452915,"data":"\r 49%|████▊     | 1.28G/2.64G [01:31\u003c01:11, 19.1MB/s]\r 49%|████▊     | 1.28G/2.64G [01:31\u003c01:09, 19.4MB/s]\n"}
,{"stream_name":"stderr","time":172.20520355,"data":"\r 49%|████▊     | 1.28G/2.64G [01:31\u003c01:09, 19.4MB/s]\r 49%|████▊     | 1.29G/2.64G [01:32\u003c01:08, 19.6MB/s]\n"}
,{"stream_name":"stderr","time":172.307056139,"data":"\r 49%|████▊     | 1.29G/2.64G [01:32\u003c01:08, 19.6MB/s]\r 49%|████▉     | 1.29G/2.64G [01:32\u003c01:06, 20.3MB/s]\n"}
,{"stream_name":"stderr","time":172.408268633,"data":"\r 49%|████▉     | 1.29G/2.64G [01:32\u003c01:06, 20.3MB/s]\r 49%|████▉     | 1.29G/2.64G [01:32\u003c01:04, 20.8MB/s]\n"}
,{"stream_name":"stderr","time":172.508779708,"data":"\r 49%|████▉     | 1.29G/2.64G [01:32\u003c01:04, 20.8MB/s]\r 49%|████▉     | 1.29G/2.64G [01:32\u003c01:03, 21.2MB/s]\n"}
,{"stream_name":"stderr","time":172.829289434,"data":"\r 49%|████▉     | 1.29G/2.64G [01:32\u003c01:03, 21.2MB/s]\r 49%|████▉     | 1.30G/2.64G [01:32\u003c01:44, 12.9MB/s]\n"}
,{"stream_name":"stderr","time":172.931478753,"data":"\r 49%|████▉     | 1.30G/2.64G [01:32\u003c01:44, 12.9MB/s]\r 49%|████▉     | 1.30G/2.64G [01:32\u003c01:31, 14.6MB/s]\n"}
,{"stream_name":"stderr","time":173.037311237,"data":"\r 49%|████▉     | 1.30G/2.64G [01:32\u003c01:31, 14.6MB/s]\r 49%|████▉     | 1.30G/2.64G [01:32\u003c01:23, 16.0MB/s]\n"}
,{"stream_name":"stderr","time":173.138215196,"data":"\r 49%|████▉     | 1.30G/2.64G [01:32\u003c01:23, 16.0MB/s]\r 49%|████▉     | 1.30G/2.64G [01:33\u003c01:18, 17.2MB/s]\n"}
,{"stream_name":"stderr","time":173.239474534,"data":"\r 49%|████▉     | 1.30G/2.64G [01:33\u003c01:18, 17.2MB/s]\r 49%|████▉     | 1.30G/2.64G [01:33\u003c01:13, 18.2MB/s]\n"}
,{"stream_name":"stderr","time":173.340840516,"data":"\r 49%|████▉     | 1.30G/2.64G [01:33\u003c01:13, 18.2MB/s]\r 49%|████▉     | 1.31G/2.64G [01:33\u003c01:09, 19.1MB/s]\n"}
,{"stream_name":"stderr","time":173.44380794,"data":"\r 49%|████▉     | 1.31G/2.64G [01:33\u003c01:09, 19.1MB/s]\r 50%|████▉     | 1.31G/2.64G [01:33\u003c01:06, 20.0MB/s]\n"}
,{"stream_name":"stderr","time":173.546602842,"data":"\r 50%|████▉     | 1.31G/2.64G [01:33\u003c01:06, 20.0MB/s]\r 50%|████▉     | 1.31G/2.64G [01:33\u003c01:05, 20.2MB/s]\n"}
,{"stream_name":"stderr","time":173.648668414,"data":"\r 50%|████▉     | 1.31G/2.64G [01:33\u003c01:05, 20.2MB/s]\r 50%|████▉     | 1.31G/2.64G [01:33\u003c01:04, 20.6MB/s]\n"}
,{"stream_name":"stderr","time":173.750061125,"data":"\r 50%|████▉     | 1.31G/2.64G [01:33\u003c01:04, 20.6MB/s]\r 50%|████▉     | 1.32G/2.64G [01:33\u003c01:02, 21.2MB/s]\n"}
,{"stream_name":"stderr","time":173.85463475,"data":"\r 50%|████▉     | 1.32G/2.64G [01:33\u003c01:02, 21.2MB/s]\r 50%|████▉     | 1.32G/2.64G [01:33\u003c01:02, 21.0MB/s]\n"}
,{"stream_name":"stderr","time":173.955196139,"data":"\r 50%|████▉     | 1.32G/2.64G [01:33\u003c01:02, 21.0MB/s]\r 50%|████▉     | 1.32G/2.64G [01:33\u003c01:02, 21.1MB/s]\n"}
,{"stream_name":"stderr","time":174.056003416,"data":"\r 50%|████▉     | 1.32G/2.64G [01:33\u003c01:02, 21.1MB/s]\r 50%|█████     | 1.32G/2.64G [01:33\u003c01:02, 21.1MB/s]\n"}
,{"stream_name":"stderr","time":174.155976083,"data":"\r 50%|█████     | 1.32G/2.64G [01:33\u003c01:02, 21.1MB/s]\r 50%|█████     | 1.32G/2.64G [01:34\u003c01:02, 21.1MB/s]\n"}
,{"stream_name":"stderr","time":174.258213978,"data":"\r 50%|█████     | 1.32G/2.64G [01:34\u003c01:02, 21.1MB/s]\r 50%|█████     | 1.33G/2.64G [01:34\u003c01:01, 21.3MB/s]\n"}
,{"stream_name":"stderr","time":174.360316784,"data":"\r 50%|█████     | 1.33G/2.64G [01:34\u003c01:01, 21.3MB/s]\r 50%|█████     | 1.33G/2.64G [01:34\u003c01:01, 21.2MB/s]\n"}
,{"stream_name":"stderr","time":174.461435209,"data":"\r 50%|█████     | 1.33G/2.64G [01:34\u003c01:01, 21.2MB/s]\r 50%|█████     | 1.33G/2.64G [01:34\u003c01:01, 21.3MB/s]\n"}
,{"stream_name":"stderr","time":174.578370234,"data":"\r 50%|█████     | 1.33G/2.64G [01:34\u003c01:01, 21.3MB/s]\r 50%|█████     | 1.33G/2.64G [01:34\u003c01:04, 20.4MB/s]\n"}
,{"stream_name":"stderr","time":174.681880124,"data":"\r 50%|█████     | 1.33G/2.64G [01:34\u003c01:04, 20.4MB/s]\r 51%|█████     | 1.33G/2.64G [01:34\u003c01:04, 20.2MB/s]\n"}
,{"stream_name":"stderr","time":174.784986754,"data":"\r 51%|█████     | 1.33G/2.64G [01:34\u003c01:04, 20.2MB/s]\r 51%|█████     | 1.34G/2.64G [01:34\u003c01:04, 20.1MB/s]\n"}
,{"stream_name":"stderr","time":174.888905699,"data":"\r 51%|█████     | 1.34G/2.64G [01:34\u003c01:04, 20.1MB/s]\r 51%|█████     | 1.34G/2.64G [01:34\u003c01:03, 20.4MB/s]\n"}
,{"stream_name":"stderr","time":174.991070733,"data":"\r 51%|█████     | 1.34G/2.64G [01:34\u003c01:03, 20.4MB/s]\r 51%|█████     | 1.34G/2.64G [01:34\u003c01:02, 20.9MB/s]\n"}
,{"stream_name":"stderr","time":175.093210097,"data":"\r 51%|█████     | 1.34G/2.64G [01:34\u003c01:02, 20.9MB/s]\r 51%|█████     | 1.34G/2.64G [01:34\u003c01:02, 20.9MB/s]\n"}
,{"stream_name":"stderr","time":175.194275398,"data":"\r 51%|█████     | 1.34G/2.64G [01:34\u003c01:02, 20.9MB/s]\r 51%|█████     | 1.35G/2.64G [01:35\u003c01:01, 21.1MB/s]\n"}
,{"stream_name":"stderr","time":175.294750449,"data":"\r 51%|█████     | 1.35G/2.64G [01:35\u003c01:01, 21.1MB/s]\r 51%|█████     | 1.35G/2.64G [01:35\u003c01:01, 21.1MB/s]\n"}
,{"stream_name":"stderr","time":175.396123534,"data":"\r 51%|█████     | 1.35G/2.64G [01:35\u003c01:01, 21.1MB/s]\r 51%|█████     | 1.35G/2.64G [01:35\u003c01:01, 21.1MB/s]\n"}
,{"stream_name":"stderr","time":175.503276416,"data":"\r 51%|█████     | 1.35G/2.64G [01:35\u003c01:01, 21.1MB/s]\r 51%|█████     | 1.35G/2.64G [01:35\u003c01:02, 20.7MB/s]\n"}
,{"stream_name":"stderr","time":175.60400428,"data":"\r 51%|█████     | 1.35G/2.64G [01:35\u003c01:02, 20.7MB/s]\r 51%|█████▏    | 1.35G/2.64G [01:35\u003c01:01, 20.8MB/s]\n"}
,{"stream_name":"stderr","time":175.707241239,"data":"\r 51%|█████▏    | 1.35G/2.64G [01:35\u003c01:01, 20.8MB/s]\r 51%|█████▏    | 1.36G/2.64G [01:35\u003c00:59, 21.5MB/s]\n"}
,{"stream_name":"stderr","time":175.809985135,"data":"\r 51%|█████▏    | 1.36G/2.64G [01:35\u003c00:59, 21.5MB/s]\r 51%|█████▏    | 1.36G/2.64G [01:35\u003c01:00, 21.3MB/s]\n"}
,{"stream_name":"stderr","time":175.910678899,"data":"\r 51%|█████▏    | 1.36G/2.64G [01:35\u003c01:00, 21.3MB/s]\r 52%|█████▏    | 1.36G/2.64G [01:35\u003c00:58, 21.8MB/s]\n"}
,{"stream_name":"stderr","time":176.011155693,"data":"\r 52%|█████▏    | 1.36G/2.64G [01:35\u003c00:58, 21.8MB/s]\r 52%|█████▏    | 1.36G/2.64G [01:35\u003c00:58, 21.8MB/s]\n"}
,{"stream_name":"stderr","time":176.113981252,"data":"\r 52%|█████▏    | 1.36G/2.64G [01:35\u003c00:58, 21.8MB/s]\r 52%|█████▏    | 1.37G/2.64G [01:35\u003c00:58, 21.7MB/s]\n"}
,{"stream_name":"stderr","time":176.214385032,"data":"\r 52%|█████▏    | 1.37G/2.64G [01:35\u003c00:58, 21.7MB/s]\r 52%|█████▏    | 1.37G/2.64G [01:36\u003c00:56, 22.7MB/s]\n"}
,{"stream_name":"stderr","time":176.317091615,"data":"\r 52%|█████▏    | 1.37G/2.64G [01:36\u003c00:56, 22.7MB/s]\r 52%|█████▏    | 1.37G/2.64G [01:36\u003c00:54, 23.4MB/s]\n"}
,{"stream_name":"stderr","time":176.418431769,"data":"\r 52%|█████▏    | 1.37G/2.64G [01:36\u003c00:54, 23.4MB/s]\r 52%|█████▏    | 1.37G/2.64G [01:36\u003c00:52, 24.0MB/s]\n"}
,{"stream_name":"stderr","time":176.519720569,"data":"\r 52%|█████▏    | 1.37G/2.64G [01:36\u003c00:52, 24.0MB/s]\r 52%|█████▏    | 1.38G/2.64G [01:36\u003c00:51, 24.3MB/s]\n"}
,{"stream_name":"stderr","time":176.619258799,"data":"\r 52%|█████▏    | 1.38G/2.64G [01:36\u003c00:51, 24.3MB/s]\r 52%|█████▏    | 1.38G/2.64G [01:36\u003c00:50, 25.1MB/s]\n"}
,{"stream_name":"stderr","time":176.719619178,"data":"\r 52%|█████▏    | 1.38G/2.64G [01:36\u003c00:50, 25.1MB/s]\r 52%|█████▏    | 1.38G/2.64G [01:36\u003c00:50, 25.1MB/s]\n"}
,{"stream_name":"stderr","time":176.82151241,"data":"\r 52%|█████▏    | 1.38G/2.64G [01:36\u003c00:50, 25.1MB/s]\r 52%|█████▏    | 1.38G/2.64G [01:36\u003c00:49, 25.3MB/s]\n"}
,{"stream_name":"stderr","time":176.92262781,"data":"\r 52%|█████▏    | 1.38G/2.64G [01:36\u003c00:49, 25.3MB/s]\r 52%|█████▏    | 1.39G/2.64G [01:36\u003c00:49, 25.3MB/s]\n"}
,{"stream_name":"stderr","time":177.024890585,"data":"\r 52%|█████▏    | 1.39G/2.64G [01:36\u003c00:49, 25.3MB/s]\r 53%|█████▎    | 1.39G/2.64G [01:36\u003c00:49, 25.2MB/s]\n"}
,{"stream_name":"stderr","time":177.12546362,"data":"\r 53%|█████▎    | 1.39G/2.64G [01:36\u003c00:49, 25.2MB/s]\r 53%|█████▎    | 1.39G/2.64G [01:36\u003c00:48, 25.6MB/s]\n"}
,{"stream_name":"stderr","time":177.227258729,"data":"\r 53%|█████▎    | 1.39G/2.64G [01:36\u003c00:48, 25.6MB/s]\r 53%|█████▎    | 1.39G/2.64G [01:37\u003c00:48, 25.6MB/s]\n"}
,{"stream_name":"stderr","time":177.328923463,"data":"\r 53%|█████▎    | 1.39G/2.64G [01:37\u003c00:48, 25.6MB/s]\r 53%|█████▎    | 1.40G/2.64G [01:37\u003c00:48, 25.6MB/s]\n"}
,{"stream_name":"stderr","time":177.430068855,"data":"\r 53%|█████▎    | 1.40G/2.64G [01:37\u003c00:48, 25.6MB/s]\r 53%|█████▎    | 1.40G/2.64G [01:37\u003c00:48, 25.6MB/s]\n"}
,{"stream_name":"stderr","time":177.532849128,"data":"\r 53%|█████▎    | 1.40G/2.64G [01:37\u003c00:48, 25.6MB/s]\r 53%|█████▎    | 1.40G/2.64G [01:37\u003c00:48, 25.5MB/s]\n"}
,{"stream_name":"stderr","time":177.633302153,"data":"\r 53%|█████▎    | 1.40G/2.64G [01:37\u003c00:48, 25.5MB/s]\r 53%|█████▎    | 1.40G/2.64G [01:37\u003c00:48, 25.7MB/s]\n"}
,{"stream_name":"stderr","time":177.734428068,"data":"\r 53%|█████▎    | 1.40G/2.64G [01:37\u003c00:48, 25.7MB/s]\r 53%|█████▎    | 1.41G/2.64G [01:37\u003c00:48, 25.7MB/s]\n"}
,{"stream_name":"stderr","time":177.835809936,"data":"\r 53%|█████▎    | 1.41G/2.64G [01:37\u003c00:48, 25.7MB/s]\r 53%|█████▎    | 1.41G/2.64G [01:37\u003c00:47, 25.7MB/s]\n"}
,{"stream_name":"stderr","time":177.937751832,"data":"\r 53%|█████▎    | 1.41G/2.64G [01:37\u003c00:47, 25.7MB/s]\r 53%|█████▎    | 1.41G/2.64G [01:37\u003c00:48, 25.6MB/s]\n"}
,{"stream_name":"stderr","time":178.040095665,"data":"\r 53%|█████▎    | 1.41G/2.64G [01:37\u003c00:48, 25.6MB/s]\r 54%|█████▎    | 1.41G/2.64G [01:37\u003c00:48, 25.5MB/s]\n"}
,{"stream_name":"stderr","time":178.141218308,"data":"\r 54%|█████▎    | 1.41G/2.64G [01:37\u003c00:48, 25.5MB/s]\r 54%|█████▎    | 1.42G/2.64G [01:38\u003c00:47, 25.8MB/s]\n"}
,{"stream_name":"stderr","time":178.24222068,"data":"\r 54%|█████▎    | 1.42G/2.64G [01:38\u003c00:47, 25.8MB/s]\r 54%|█████▍    | 1.42G/2.64G [01:38\u003c00:47, 26.0MB/s]\n"}
,{"stream_name":"stderr","time":178.345945909,"data":"\r 54%|█████▍    | 1.42G/2.64G [01:38\u003c00:47, 26.0MB/s]\r 54%|█████▍    | 1.42G/2.64G [01:38\u003c00:47, 25.8MB/s]\n"}
,{"stream_name":"stderr","time":178.448309722,"data":"\r 54%|█████▍    | 1.42G/2.64G [01:38\u003c00:47, 25.8MB/s]\r 54%|█████▍    | 1.42G/2.64G [01:38\u003c00:46, 25.9MB/s]\n"}
,{"stream_name":"stderr","time":178.549125519,"data":"\r 54%|█████▍    | 1.42G/2.64G [01:38\u003c00:46, 25.9MB/s]\r 54%|█████▍    | 1.43G/2.64G [01:38\u003c00:46, 25.8MB/s]\n"}
,{"stream_name":"stderr","time":178.64959749,"data":"\r 54%|█████▍    | 1.43G/2.64G [01:38\u003c00:46, 25.8MB/s]\r 54%|█████▍    | 1.43G/2.64G [01:38\u003c00:46, 26.2MB/s]\n"}
,{"stream_name":"stderr","time":178.751950566,"data":"\r 54%|█████▍    | 1.43G/2.64G [01:38\u003c00:46, 26.2MB/s]\r 54%|█████▍    | 1.43G/2.64G [01:38\u003c00:46, 26.1MB/s]\n"}
,{"stream_name":"stderr","time":178.853901845,"data":"\r 54%|█████▍    | 1.43G/2.64G [01:38\u003c00:46, 26.1MB/s]\r 54%|█████▍    | 1.44G/2.64G [01:38\u003c00:46, 26.1MB/s]\n"}
,{"stream_name":"stderr","time":178.955616056,"data":"\r 54%|█████▍    | 1.44G/2.64G [01:38\u003c00:46, 26.1MB/s]\r 54%|█████▍    | 1.44G/2.64G [01:38\u003c00:46, 26.0MB/s]\n"}
,{"stream_name":"stderr","time":179.05710643,"data":"\r 54%|█████▍    | 1.44G/2.64G [01:38\u003c00:46, 26.0MB/s]\r 55%|█████▍    | 1.44G/2.64G [01:38\u003c00:46, 25.9MB/s]\n"}
,{"stream_name":"stderr","time":179.157937673,"data":"\r 55%|█████▍    | 1.44G/2.64G [01:38\u003c00:46, 25.9MB/s]\r 55%|█████▍    | 1.44G/2.64G [01:39\u003c00:45, 26.4MB/s]\n"}
,{"stream_name":"stderr","time":179.259912077,"data":"\r 55%|█████▍    | 1.44G/2.64G [01:39\u003c00:45, 26.4MB/s]\r 55%|█████▍    | 1.45G/2.64G [01:39\u003c00:45, 26.4MB/s]\n"}
,{"stream_name":"stderr","time":179.36213513,"data":"\r 55%|█████▍    | 1.45G/2.64G [01:39\u003c00:45, 26.4MB/s]\r 55%|█████▍    | 1.45G/2.64G [01:39\u003c00:45, 26.4MB/s]\n"}
,{"stream_name":"stderr","time":179.463475086,"data":"\r 55%|█████▍    | 1.45G/2.64G [01:39\u003c00:45, 26.4MB/s]\r 55%|█████▍    | 1.45G/2.64G [01:39\u003c00:45, 26.3MB/s]\n"}
,{"stream_name":"stderr","time":179.564815469,"data":"\r 55%|█████▍    | 1.45G/2.64G [01:39\u003c00:45, 26.3MB/s]\r 55%|█████▌    | 1.45G/2.64G [01:39\u003c00:45, 26.3MB/s]\n"}
,{"stream_name":"stderr","time":179.665008088,"data":"\r 55%|█████▌    | 1.45G/2.64G [01:39\u003c00:45, 26.3MB/s]\r 55%|█████▌    | 1.46G/2.64G [01:39\u003c00:44, 26.7MB/s]\n"}
,{"stream_name":"stderr","time":179.767675044,"data":"\r 55%|█████▌    | 1.46G/2.64G [01:39\u003c00:44, 26.7MB/s]\r 55%|█████▌    | 1.46G/2.64G [01:39\u003c00:44, 26.5MB/s]\n"}
,{"stream_name":"stderr","time":179.869210059,"data":"\r 55%|█████▌    | 1.46G/2.64G [01:39\u003c00:44, 26.5MB/s]\r 55%|█████▌    | 1.46G/2.64G [01:39\u003c00:44, 26.5MB/s]\n"}
,{"stream_name":"stderr","time":179.970080886,"data":"\r 55%|█████▌    | 1.46G/2.64G [01:39\u003c00:44, 26.5MB/s]\r 55%|█████▌    | 1.47G/2.64G [01:39\u003c00:44, 26.5MB/s]\n"}
,{"stream_name":"stderr","time":180.07282885,"data":"\r 55%|█████▌    | 1.47G/2.64G [01:39\u003c00:44, 26.5MB/s]\r 56%|█████▌    | 1.47G/2.64G [01:39\u003c00:43, 26.7MB/s]\n"}
,{"stream_name":"stderr","time":180.172798886,"data":"\r 56%|█████▌    | 1.47G/2.64G [01:39\u003c00:43, 26.7MB/s]\r 56%|█████▌    | 1.47G/2.64G [01:40\u003c00:43, 27.1MB/s]\n"}
,{"stream_name":"stderr","time":180.275620407,"data":"\r 56%|█████▌    | 1.47G/2.64G [01:40\u003c00:43, 27.1MB/s]\r 56%|█████▌    | 1.47G/2.64G [01:40\u003c00:43, 27.1MB/s]\n"}
,{"stream_name":"stderr","time":180.377104091,"data":"\r 56%|█████▌    | 1.47G/2.64G [01:40\u003c00:43, 27.1MB/s]\r 56%|█████▌    | 1.48G/2.64G [01:40\u003c00:43, 27.0MB/s]\n"}
,{"stream_name":"stderr","time":180.478751048,"data":"\r 56%|█████▌    | 1.48G/2.64G [01:40\u003c00:43, 27.0MB/s]\r 56%|█████▌    | 1.48G/2.64G [01:40\u003c00:43, 26.9MB/s]\n"}
,{"stream_name":"stderr","time":180.579987364,"data":"\r 56%|█████▌    | 1.48G/2.64G [01:40\u003c00:43, 26.9MB/s]\r 56%|█████▌    | 1.48G/2.64G [01:40\u003c00:42, 27.0MB/s]\n"}
,{"stream_name":"stderr","time":180.681157287,"data":"\r 56%|█████▌    | 1.48G/2.64G [01:40\u003c00:42, 27.0MB/s]\r 56%|█████▌    | 1.48G/2.64G [01:40\u003c00:42, 27.5MB/s]\n"}
,{"stream_name":"stderr","time":180.784396174,"data":"\r 56%|█████▌    | 1.48G/2.64G [01:40\u003c00:42, 27.5MB/s]\r 56%|█████▋    | 1.49G/2.64G [01:40\u003c00:42, 27.4MB/s]\n"}
,{"stream_name":"stderr","time":180.886691584,"data":"\r 56%|█████▋    | 1.49G/2.64G [01:40\u003c00:42, 27.4MB/s]\r 56%|█████▋    | 1.49G/2.64G [01:40\u003c00:41, 27.6MB/s]\n"}
,{"stream_name":"stderr","time":180.986868596,"data":"\r 56%|█████▋    | 1.49G/2.64G [01:40\u003c00:41, 27.6MB/s]\r 57%|█████▋    | 1.49G/2.64G [01:40\u003c00:41, 27.6MB/s]\n"}
,{"stream_name":"stderr","time":181.089052518,"data":"\r 57%|█████▋    | 1.49G/2.64G [01:40\u003c00:41, 27.6MB/s]\r 57%|█████▋    | 1.50G/2.64G [01:40\u003c00:41, 27.5MB/s]\n"}
,{"stream_name":"stderr","time":181.190218539,"data":"\r 57%|█████▋    | 1.50G/2.64G [01:40\u003c00:41, 27.5MB/s]\r 57%|█████▋    | 1.50G/2.64G [01:41\u003c00:40, 28.1MB/s]\n"}
,{"stream_name":"stderr","time":181.292967636,"data":"\r 57%|█████▋    | 1.50G/2.64G [01:41\u003c00:40, 28.1MB/s]\r 57%|█████▋    | 1.50G/2.64G [01:41\u003c00:40, 27.9MB/s]\n"}
,{"stream_name":"stderr","time":181.393549538,"data":"\r 57%|█████▋    | 1.50G/2.64G [01:41\u003c00:40, 27.9MB/s]\r 57%|█████▋    | 1.50G/2.64G [01:41\u003c00:40, 28.2MB/s]\n"}
,{"stream_name":"stderr","time":181.494600628,"data":"\r 57%|█████▋    | 1.50G/2.64G [01:41\u003c00:40, 28.2MB/s]\r 57%|█████▋    | 1.51G/2.64G [01:41\u003c00:40, 28.2MB/s]\n"}
,{"stream_name":"stderr","time":181.597075866,"data":"\r 57%|█████▋    | 1.51G/2.64G [01:41\u003c00:40, 28.2MB/s]\r 57%|█████▋    | 1.51G/2.64G [01:41\u003c00:40, 28.1MB/s]\n"}
,{"stream_name":"stderr","time":181.699462718,"data":"\r 57%|█████▋    | 1.51G/2.64G [01:41\u003c00:40, 28.1MB/s]\r 57%|█████▋    | 1.51G/2.64G [01:41\u003c00:40, 27.9MB/s]\n"}
,{"stream_name":"stderr","time":181.801545708,"data":"\r 57%|█████▋    | 1.51G/2.64G [01:41\u003c00:40, 27.9MB/s]\r 57%|█████▋    | 1.52G/2.64G [01:41\u003c00:39, 28.8MB/s]\n"}
,{"stream_name":"stderr","time":181.90207917,"data":"\r 57%|█████▋    | 1.52G/2.64G [01:41\u003c00:39, 28.8MB/s]\r 58%|█████▊    | 1.52G/2.64G [01:41\u003c00:38, 29.1MB/s]\n"}
,{"stream_name":"stderr","time":182.003142087,"data":"\r 58%|█████▊    | 1.52G/2.64G [01:41\u003c00:38, 29.1MB/s]\r 58%|█████▊    | 1.52G/2.64G [01:41\u003c00:38, 29.0MB/s]\n"}
,{"stream_name":"stderr","time":182.105807639,"data":"\r 58%|█████▊    | 1.52G/2.64G [01:41\u003c00:38, 29.0MB/s]\r 58%|█████▊    | 1.53G/2.64G [01:41\u003c00:38, 28.9MB/s]\n"}
,{"stream_name":"stderr","time":182.208333489,"data":"\r 58%|█████▊    | 1.53G/2.64G [01:41\u003c00:38, 28.9MB/s]\r 58%|█████▊    | 1.53G/2.64G [01:42\u003c00:38, 28.8MB/s]\n"}
,{"stream_name":"stderr","time":182.30978764,"data":"\r 58%|█████▊    | 1.53G/2.64G [01:42\u003c00:38, 28.8MB/s]\r 58%|█████▊    | 1.53G/2.64G [01:42\u003c00:37, 29.7MB/s]\n"}
,{"stream_name":"stderr","time":182.410532595,"data":"\r 58%|█████▊    | 1.53G/2.64G [01:42\u003c00:37, 29.7MB/s]\r 58%|█████▊    | 1.53G/2.64G [01:42\u003c00:37, 29.9MB/s]\n"}
,{"stream_name":"stderr","time":182.512334141,"data":"\r 58%|█████▊    | 1.53G/2.64G [01:42\u003c00:37, 29.9MB/s]\r 58%|█████▊    | 1.54G/2.64G [01:42\u003c00:37, 29.8MB/s]\n"}
,{"stream_name":"stderr","time":182.615130488,"data":"\r 58%|█████▊    | 1.54G/2.64G [01:42\u003c00:37, 29.8MB/s]\r 58%|█████▊    | 1.54G/2.64G [01:42\u003c00:36, 29.9MB/s]\n"}
,{"stream_name":"stderr","time":182.717577962,"data":"\r 58%|█████▊    | 1.54G/2.64G [01:42\u003c00:36, 29.9MB/s]\r 58%|█████▊    | 1.54G/2.64G [01:42\u003c00:36, 29.7MB/s]\n"}
,{"stream_name":"stderr","time":182.818187846,"data":"\r 58%|█████▊    | 1.54G/2.64G [01:42\u003c00:36, 29.7MB/s]\r 59%|█████▊    | 1.55G/2.64G [01:42\u003c00:35, 30.7MB/s]\n"}
,{"stream_name":"stderr","time":182.91968497,"data":"\r 59%|█████▊    | 1.55G/2.64G [01:42\u003c00:35, 30.7MB/s]\r 59%|█████▊    | 1.55G/2.64G [01:42\u003c00:35, 30.9MB/s]\n"}
,{"stream_name":"stderr","time":183.022612976,"data":"\r 59%|█████▊    | 1.55G/2.64G [01:42\u003c00:35, 30.9MB/s]\r 59%|█████▉    | 1.55G/2.64G [01:42\u003c00:35, 30.7MB/s]\n"}
,{"stream_name":"stderr","time":183.123808757,"data":"\r 59%|█████▉    | 1.55G/2.64G [01:42\u003c00:35, 30.7MB/s]\r 59%|█████▉    | 1.56G/2.64G [01:42\u003c00:35, 31.0MB/s]\n"}
,{"stream_name":"stderr","time":183.226351961,"data":"\r 59%|█████▉    | 1.56G/2.64G [01:42\u003c00:35, 31.0MB/s]\r 59%|█████▉    | 1.56G/2.64G [01:43\u003c00:35, 30.8MB/s]\n"}
,{"stream_name":"stderr","time":183.32639355,"data":"\r 59%|█████▉    | 1.56G/2.64G [01:43\u003c00:35, 30.8MB/s]\r 59%|█████▉    | 1.56G/2.64G [01:43\u003c00:33, 31.8MB/s]\n"}
,{"stream_name":"stderr","time":183.427218922,"data":"\r 59%|█████▉    | 1.56G/2.64G [01:43\u003c00:33, 31.8MB/s]\r 59%|█████▉    | 1.57G/2.64G [01:43\u003c00:33, 32.0MB/s]\n"}
,{"stream_name":"stderr","time":183.530945143,"data":"\r 59%|█████▉    | 1.57G/2.64G [01:43\u003c00:33, 32.0MB/s]\r 59%|█████▉    | 1.57G/2.64G [01:43\u003c00:33, 31.8MB/s]\n"}
,{"stream_name":"stderr","time":183.633461575,"data":"\r 59%|█████▉    | 1.57G/2.64G [01:43\u003c00:33, 31.8MB/s]\r 60%|█████▉    | 1.57G/2.64G [01:43\u003c00:33, 32.1MB/s]\n"}
,{"stream_name":"stderr","time":183.734222972,"data":"\r 60%|█████▉    | 1.57G/2.64G [01:43\u003c00:33, 32.1MB/s]\r 60%|█████▉    | 1.58G/2.64G [01:43\u003c00:33, 32.0MB/s]\n"}
,{"stream_name":"stderr","time":183.834125805,"data":"\r 60%|█████▉    | 1.58G/2.64G [01:43\u003c00:33, 32.0MB/s]\r 60%|█████▉    | 1.58G/2.64G [01:43\u003c00:32, 33.1MB/s]\n"}
,{"stream_name":"stderr","time":183.935120632,"data":"\r 60%|█████▉    | 1.58G/2.64G [01:43\u003c00:32, 33.1MB/s]\r 60%|█████▉    | 1.58G/2.64G [01:43\u003c00:31, 33.3MB/s]\n"}
,{"stream_name":"stderr","time":184.038818005,"data":"\r 60%|█████▉    | 1.58G/2.64G [01:43\u003c00:31, 33.3MB/s]\r 60%|██████    | 1.59G/2.64G [01:43\u003c00:31, 33.2MB/s]\n"}
,{"stream_name":"stderr","time":184.14331538,"data":"\r 60%|██████    | 1.59G/2.64G [01:43\u003c00:31, 33.2MB/s]\r 60%|██████    | 1.59G/2.64G [01:44\u003c00:31, 33.2MB/s]\n"}
,{"stream_name":"stderr","time":184.243785893,"data":"\r 60%|██████    | 1.59G/2.64G [01:44\u003c00:31, 33.2MB/s]\r 60%|██████    | 1.59G/2.64G [01:44\u003c00:31, 33.7MB/s]\n"}
,{"stream_name":"stderr","time":184.343908787,"data":"\r 60%|██████    | 1.59G/2.64G [01:44\u003c00:31, 33.7MB/s]\r 60%|██████    | 1.60G/2.64G [01:44\u003c00:29, 34.8MB/s]\n"}
,{"stream_name":"stderr","time":184.444555708,"data":"\r 60%|██████    | 1.60G/2.64G [01:44\u003c00:29, 34.8MB/s]\r 61%|██████    | 1.60G/2.64G [01:44\u003c00:29, 34.8MB/s]\n"}
,{"stream_name":"stderr","time":184.548234728,"data":"\r 61%|██████    | 1.60G/2.64G [01:44\u003c00:29, 34.8MB/s]\r 61%|██████    | 1.60G/2.64G [01:44\u003c00:30, 34.5MB/s]\n"}
,{"stream_name":"stderr","time":184.651919346,"data":"\r 61%|██████    | 1.60G/2.64G [01:44\u003c00:30, 34.5MB/s]\r 61%|██████    | 1.61G/2.64G [01:44\u003c00:29, 34.6MB/s]\n"}
,{"stream_name":"stderr","time":184.75297872,"data":"\r 61%|██████    | 1.61G/2.64G [01:44\u003c00:29, 34.6MB/s]\r 61%|██████    | 1.61G/2.64G [01:44\u003c00:29, 35.0MB/s]\n"}
,{"stream_name":"stderr","time":184.8523993,"data":"\r 61%|██████    | 1.61G/2.64G [01:44\u003c00:29, 35.0MB/s]\r 61%|██████    | 1.62G/2.64G [01:44\u003c00:28, 36.4MB/s]\n"}
,{"stream_name":"stderr","time":184.953696518,"data":"\r 61%|██████    | 1.62G/2.64G [01:44\u003c00:28, 36.4MB/s]\r 61%|██████▏   | 1.62G/2.64G [01:44\u003c00:28, 36.3MB/s]\n"}
,{"stream_name":"stderr","time":185.057118841,"data":"\r 61%|██████▏   | 1.62G/2.64G [01:44\u003c00:28, 36.3MB/s]\r 61%|██████▏   | 1.62G/2.64G [01:44\u003c00:28, 36.0MB/s]\n"}
,{"stream_name":"stderr","time":185.16158537,"data":"\r 61%|██████▏   | 1.62G/2.64G [01:44\u003c00:28, 36.0MB/s]\r 62%|██████▏   | 1.63G/2.64G [01:45\u003c00:28, 36.0MB/s]\n"}
,{"stream_name":"stderr","time":185.261959268,"data":"\r 62%|██████▏   | 1.63G/2.64G [01:45\u003c00:28, 36.0MB/s]\r 62%|██████▏   | 1.63G/2.64G [01:45\u003c00:27, 37.1MB/s]\n"}
,{"stream_name":"stderr","time":185.400592624,"data":"\r 62%|██████▏   | 1.63G/2.64G [01:45\u003c00:27, 37.1MB/s]\r 62%|██████▏   | 1.63G/2.64G [01:45\u003c00:30, 33.4MB/s]\n"}
,{"stream_name":"stderr","time":185.500551425,"data":"\r 62%|██████▏   | 1.63G/2.64G [01:45\u003c00:30, 33.4MB/s]\r 62%|██████▏   | 1.64G/2.64G [01:45\u003c00:28, 35.7MB/s]\n"}
,{"stream_name":"stderr","time":185.632888611,"data":"\r 62%|██████▏   | 1.64G/2.64G [01:45\u003c00:28, 35.7MB/s]\r 62%|██████▏   | 1.64G/2.64G [01:45\u003c00:30, 33.0MB/s]\n"}
,{"stream_name":"stderr","time":185.764043057,"data":"\r 62%|██████▏   | 1.64G/2.64G [01:45\u003c00:30, 33.0MB/s]\r 62%|██████▏   | 1.65G/2.64G [01:45\u003c00:32, 30.7MB/s]\n"}
,{"stream_name":"stderr","time":185.864473875,"data":"\r 62%|██████▏   | 1.65G/2.64G [01:45\u003c00:32, 30.7MB/s]\r 62%|██████▏   | 1.65G/2.64G [01:45\u003c00:32, 30.9MB/s]\n"}
,{"stream_name":"stderr","time":185.971266016,"data":"\r 62%|██████▏   | 1.65G/2.64G [01:45\u003c00:32, 30.9MB/s]\r 63%|██████▎   | 1.65G/2.64G [01:45\u003c00:32, 30.5MB/s]\n"}
,{"stream_name":"stderr","time":186.092100844,"data":"\r 63%|██████▎   | 1.65G/2.64G [01:45\u003c00:32, 30.5MB/s]\r 63%|██████▎   | 1.65G/2.64G [01:45\u003c00:34, 29.0MB/s]\n"}
,{"stream_name":"stderr","time":186.195113511,"data":"\r 63%|██████▎   | 1.65G/2.64G [01:45\u003c00:34, 29.0MB/s]\r 63%|██████▎   | 1.66G/2.64G [01:46\u003c00:33, 29.5MB/s]\n"}
,{"stream_name":"stderr","time":186.295649227,"data":"\r 63%|██████▎   | 1.66G/2.64G [01:46\u003c00:33, 29.5MB/s]\r 63%|██████▎   | 1.66G/2.64G [01:46\u003c00:32, 29.8MB/s]\n"}
,{"stream_name":"stderr","time":186.400563867,"data":"\r 63%|██████▎   | 1.66G/2.64G [01:46\u003c00:32, 29.8MB/s]\r 63%|██████▎   | 1.66G/2.64G [01:46\u003c00:33, 29.5MB/s]\n"}
,{"stream_name":"stderr","time":186.507391599,"data":"\r 63%|██████▎   | 1.66G/2.64G [01:46\u003c00:33, 29.5MB/s]\r 63%|██████▎   | 1.67G/2.64G [01:46\u003c00:33, 29.0MB/s]\n"}
,{"stream_name":"stderr","time":186.610709775,"data":"\r 63%|██████▎   | 1.67G/2.64G [01:46\u003c00:33, 29.0MB/s]\r 63%|██████▎   | 1.67G/2.64G [01:46\u003c00:32, 30.3MB/s]\n"}
,{"stream_name":"stderr","time":186.711314458,"data":"\r 63%|██████▎   | 1.67G/2.64G [01:46\u003c00:32, 30.3MB/s]\r 63%|██████▎   | 1.67G/2.64G [01:46\u003c00:31, 30.8MB/s]\n"}
,{"stream_name":"stderr","time":186.81622922,"data":"\r 63%|██████▎   | 1.67G/2.64G [01:46\u003c00:31, 30.8MB/s]\r 63%|██████▎   | 1.68G/2.64G [01:46\u003c00:31, 30.5MB/s]\n"}
,{"stream_name":"stderr","time":186.922897737,"data":"\r 63%|██████▎   | 1.68G/2.64G [01:46\u003c00:31, 30.5MB/s]\r 64%|██████▎   | 1.68G/2.64G [01:46\u003c00:32, 30.0MB/s]\n"}
,{"stream_name":"stderr","time":187.0267355,"data":"\r 64%|██████▎   | 1.68G/2.64G [01:46\u003c00:32, 30.0MB/s]\r 64%|██████▎   | 1.68G/2.64G [01:46\u003c00:30, 31.2MB/s]\n"}
,{"stream_name":"stderr","time":187.126791349,"data":"\r 64%|██████▎   | 1.68G/2.64G [01:46\u003c00:30, 31.2MB/s]\r 64%|██████▍   | 1.69G/2.64G [01:46\u003c00:29, 31.9MB/s]\n"}
,{"stream_name":"stderr","time":187.231835091,"data":"\r 64%|██████▍   | 1.69G/2.64G [01:46\u003c00:29, 31.9MB/s]\r 64%|██████▍   | 1.69G/2.64G [01:47\u003c00:30, 31.5MB/s]\n"}
,{"stream_name":"stderr","time":187.340048213,"data":"\r 64%|██████▍   | 1.69G/2.64G [01:47\u003c00:30, 31.5MB/s]\r 64%|██████▍   | 1.69G/2.64G [01:47\u003c00:30, 30.8MB/s]\n"}
,{"stream_name":"stderr","time":187.48755284,"data":"\r 64%|██████▍   | 1.69G/2.64G [01:47\u003c00:30, 30.8MB/s]\r 64%|██████▍   | 1.70G/2.64G [01:47\u003c00:34, 27.2MB/s]\n"}
,{"stream_name":"stderr","time":187.630556255,"data":"\r 64%|██████▍   | 1.70G/2.64G [01:47\u003c00:34, 27.2MB/s]\r 64%|██████▍   | 1.70G/2.64G [01:47\u003c00:38, 24.6MB/s]\n"}
,{"stream_name":"stderr","time":187.750189321,"data":"\r 64%|██████▍   | 1.70G/2.64G [01:47\u003c00:38, 24.6MB/s]\r 64%|██████▍   | 1.70G/2.64G [01:47\u003c00:39, 23.7MB/s]\n"}
,{"stream_name":"stderr","time":187.874807107,"data":"\r 64%|██████▍   | 1.70G/2.64G [01:47\u003c00:39, 23.7MB/s]\r 65%|██████▍   | 1.70G/2.64G [01:47\u003c00:41, 22.4MB/s]\n"}
,{"stream_name":"stderr","time":188.20461242,"data":"\r 65%|██████▍   | 1.70G/2.64G [01:47\u003c00:41, 22.4MB/s]\r 65%|██████▍   | 1.71G/2.64G [01:48\u003c01:05, 14.2MB/s]\n"}
,{"stream_name":"stderr","time":188.304991836,"data":"\r 65%|██████▍   | 1.71G/2.64G [01:48\u003c01:05, 14.2MB/s]\r 65%|██████▍   | 1.71G/2.64G [01:48\u003c00:58, 15.8MB/s]\n"}
,{"stream_name":"stderr","time":188.405880071,"data":"\r 65%|██████▍   | 1.71G/2.64G [01:48\u003c00:58, 15.8MB/s]\r 65%|██████▍   | 1.71G/2.64G [01:48\u003c00:53, 17.3MB/s]\n"}
,{"stream_name":"stderr","time":188.50628493,"data":"\r 65%|██████▍   | 1.71G/2.64G [01:48\u003c00:53, 17.3MB/s]\r 65%|██████▍   | 1.71G/2.64G [01:48\u003c00:49, 18.8MB/s]\n"}
,{"stream_name":"stderr","time":188.820673217,"data":"\r 65%|██████▍   | 1.71G/2.64G [01:48\u003c00:49, 18.8MB/s]\r 65%|██████▍   | 1.72G/2.64G [01:48\u003c01:12, 12.7MB/s]\n"}
,{"stream_name":"stderr","time":188.921533292,"data":"\r 65%|██████▍   | 1.72G/2.64G [01:48\u003c01:12, 12.7MB/s]\r 65%|██████▌   | 1.72G/2.64G [01:48\u003c01:03, 14.5MB/s]\n"}
,{"stream_name":"stderr","time":189.052549644,"data":"\r 65%|██████▌   | 1.72G/2.64G [01:48\u003c01:03, 14.5MB/s]\r 65%|██████▌   | 1.72G/2.64G [01:48\u003c01:03, 14.5MB/s]\n"}
,{"stream_name":"stderr","time":189.15492339,"data":"\r 65%|██████▌   | 1.72G/2.64G [01:48\u003c01:03, 14.5MB/s]\r 65%|██████▌   | 1.72G/2.64G [01:49\u003c00:53, 17.3MB/s]\n"}
,{"stream_name":"stderr","time":189.278303373,"data":"\r 65%|██████▌   | 1.72G/2.64G [01:49\u003c00:53, 17.3MB/s]\r 65%|██████▌   | 1.72G/2.64G [01:49\u003c00:53, 17.1MB/s]\n"}
,{"stream_name":"stderr","time":189.390684795,"data":"\r 65%|██████▌   | 1.72G/2.64G [01:49\u003c00:53, 17.1MB/s]\r 65%|██████▌   | 1.73G/2.64G [01:49\u003c00:53, 17.1MB/s]\n"}
,{"stream_name":"stderr","time":189.498071596,"data":"\r 65%|██████▌   | 1.73G/2.64G [01:49\u003c00:53, 17.1MB/s]\r 65%|██████▌   | 1.73G/2.64G [01:49\u003c00:53, 17.2MB/s]\n"}
,{"stream_name":"stderr","time":189.606242582,"data":"\r 65%|██████▌   | 1.73G/2.64G [01:49\u003c00:53, 17.2MB/s]\r 66%|██████▌   | 1.73G/2.64G [01:49\u003c00:53, 17.1MB/s]\n"}
,{"stream_name":"stderr","time":189.711661619,"data":"\r 66%|██████▌   | 1.73G/2.64G [01:49\u003c00:53, 17.1MB/s]\r 66%|██████▌   | 1.73G/2.64G [01:49\u003c00:53, 17.1MB/s]\n"}
,{"stream_name":"stderr","time":189.812034296,"data":"\r 66%|██████▌   | 1.73G/2.64G [01:49\u003c00:53, 17.1MB/s]\r 66%|██████▌   | 1.73G/2.64G [01:49\u003c00:52, 17.3MB/s]\n"}
,{"stream_name":"stderr","time":189.913182201,"data":"\r 66%|██████▌   | 1.73G/2.64G [01:49\u003c00:52, 17.3MB/s]\r 66%|██████▌   | 1.74G/2.64G [01:49\u003c00:51, 17.4MB/s]\n"}
,{"stream_name":"stderr","time":190.017663276,"data":"\r 66%|██████▌   | 1.74G/2.64G [01:49\u003c00:51, 17.4MB/s]\r 66%|██████▌   | 1.74G/2.64G [01:49\u003c00:52, 17.4MB/s]\n"}
,{"stream_name":"stderr","time":190.121016825,"data":"\r 66%|██████▌   | 1.74G/2.64G [01:49\u003c00:52, 17.4MB/s]\r 66%|██████▌   | 1.74G/2.64G [01:49\u003c00:51, 17.5MB/s]\n"}
,{"stream_name":"stderr","time":190.221796633,"data":"\r 66%|██████▌   | 1.74G/2.64G [01:49\u003c00:51, 17.5MB/s]\r 66%|██████▌   | 1.74G/2.64G [01:50\u003c00:50, 17.8MB/s]\n"}
,{"stream_name":"stderr","time":190.322975916,"data":"\r 66%|██████▌   | 1.74G/2.64G [01:50\u003c00:50, 17.8MB/s]\r 66%|██████▌   | 1.74G/2.64G [01:50\u003c00:50, 17.9MB/s]\n"}
,{"stream_name":"stderr","time":190.424289975,"data":"\r 66%|██████▌   | 1.74G/2.64G [01:50\u003c00:50, 17.9MB/s]\r 66%|██████▌   | 1.74G/2.64G [01:50\u003c00:49, 18.1MB/s]\n"}
,{"stream_name":"stderr","time":190.527382953,"data":"\r 66%|██████▌   | 1.74G/2.64G [01:50\u003c00:49, 18.1MB/s]\r 66%|██████▌   | 1.75G/2.64G [01:50\u003c00:49, 18.0MB/s]\n"}
,{"stream_name":"stderr","time":190.627791355,"data":"\r 66%|██████▌   | 1.75G/2.64G [01:50\u003c00:49, 18.0MB/s]\r 66%|██████▌   | 1.75G/2.64G [01:50\u003c00:49, 18.1MB/s]\n"}
,{"stream_name":"stderr","time":190.728579424,"data":"\r 66%|██████▌   | 1.75G/2.64G [01:50\u003c00:49, 18.1MB/s]\r 66%|██████▋   | 1.75G/2.64G [01:50\u003c00:48, 18.2MB/s]\n"}
,{"stream_name":"stderr","time":190.829199177,"data":"\r 66%|██████▋   | 1.75G/2.64G [01:50\u003c00:48, 18.2MB/s]\r 66%|██████▋   | 1.75G/2.64G [01:50\u003c00:48, 18.3MB/s]\n"}
,{"stream_name":"stderr","time":190.929860039,"data":"\r 66%|██████▋   | 1.75G/2.64G [01:50\u003c00:48, 18.3MB/s]\r 66%|██████▋   | 1.75G/2.64G [01:50\u003c00:48, 18.5MB/s]\n"}
,{"stream_name":"stderr","time":191.033500633,"data":"\r 66%|██████▋   | 1.75G/2.64G [01:50\u003c00:48, 18.5MB/s]\r 66%|██████▋   | 1.76G/2.64G [01:50\u003c00:48, 18.4MB/s]\n"}
,{"stream_name":"stderr","time":191.13663021,"data":"\r 66%|██████▋   | 1.76G/2.64G [01:50\u003c00:48, 18.4MB/s]\r 67%|██████▋   | 1.76G/2.64G [01:51\u003c00:47, 18.5MB/s]\n"}
,{"stream_name":"stderr","time":191.236873469,"data":"\r 67%|██████▋   | 1.76G/2.64G [01:51\u003c00:47, 18.5MB/s]\r 67%|██████▋   | 1.76G/2.64G [01:51\u003c00:46, 18.8MB/s]\n"}
,{"stream_name":"stderr","time":191.337260444,"data":"\r 67%|██████▋   | 1.76G/2.64G [01:51\u003c00:46, 18.8MB/s]\r 67%|██████▋   | 1.76G/2.64G [01:51\u003c00:46, 18.8MB/s]\n"}
,{"stream_name":"stderr","time":191.438567814,"data":"\r 67%|██████▋   | 1.76G/2.64G [01:51\u003c00:46, 18.8MB/s]\r 67%|██████▋   | 1.76G/2.64G [01:51\u003c00:46, 18.9MB/s]\n"}
,{"stream_name":"stderr","time":191.546793136,"data":"\r 67%|██████▋   | 1.76G/2.64G [01:51\u003c00:46, 18.9MB/s]\r 67%|██████▋   | 1.77G/2.64G [01:51\u003c00:47, 18.5MB/s]\n"}
,{"stream_name":"stderr","time":191.795760765,"data":"\r 67%|██████▋   | 1.77G/2.64G [01:51\u003c00:47, 18.5MB/s]\r 67%|██████▋   | 1.77G/2.64G [01:51\u003c01:07, 12.9MB/s]\n"}
,{"stream_name":"stderr","time":191.897103811,"data":"\r 67%|██████▋   | 1.77G/2.64G [01:51\u003c01:07, 12.9MB/s]\r 67%|██████▋   | 1.77G/2.64G [01:51\u003c01:00, 14.4MB/s]\n"}
,{"stream_name":"stderr","time":191.996709788,"data":"\r 67%|██████▋   | 1.77G/2.64G [01:51\u003c01:00, 14.4MB/s]\r 67%|██████▋   | 1.77G/2.64G [01:51\u003c00:56, 15.4MB/s]\n"}
,{"stream_name":"stderr","time":192.09792078,"data":"\r 67%|██████▋   | 1.77G/2.64G [01:51\u003c00:56, 15.4MB/s]\r 67%|██████▋   | 1.77G/2.64G [01:51\u003c00:52, 16.4MB/s]\n"}
,{"stream_name":"stderr","time":192.200287428,"data":"\r 67%|██████▋   | 1.77G/2.64G [01:51\u003c00:52, 16.4MB/s]\r 67%|██████▋   | 1.77G/2.64G [01:52\u003c00:49, 17.3MB/s]\n"}
,{"stream_name":"stderr","time":192.300031166,"data":"\r 67%|██████▋   | 1.77G/2.64G [01:52\u003c00:49, 17.3MB/s]\r 67%|██████▋   | 1.78G/2.64G [01:52\u003c00:47, 18.1MB/s]\n"}
,{"stream_name":"stderr","time":192.401528649,"data":"\r 67%|██████▋   | 1.78G/2.64G [01:52\u003c00:47, 18.1MB/s]\r 67%|██████▋   | 1.78G/2.64G [01:52\u003c00:46, 18.4MB/s]\n"}
,{"stream_name":"stderr","time":192.506244062,"data":"\r 67%|██████▋   | 1.78G/2.64G [01:52\u003c00:46, 18.4MB/s]\r 67%|██████▋   | 1.78G/2.64G [01:52\u003c00:46, 18.5MB/s]\n"}
,{"stream_name":"stderr","time":192.607564155,"data":"\r 67%|██████▋   | 1.78G/2.64G [01:52\u003c00:46, 18.5MB/s]\r 68%|██████▊   | 1.78G/2.64G [01:52\u003c00:45, 18.9MB/s]\n"}
,{"stream_name":"stderr","time":192.708146109,"data":"\r 68%|██████▊   | 1.78G/2.64G [01:52\u003c00:45, 18.9MB/s]\r 68%|██████▊   | 1.78G/2.64G [01:52\u003c00:44, 19.3MB/s]\n"}
,{"stream_name":"stderr","time":192.808936587,"data":"\r 68%|██████▊   | 1.78G/2.64G [01:52\u003c00:44, 19.3MB/s]\r 68%|██████▊   | 1.79G/2.64G [01:52\u003c00:43, 19.4MB/s]\n"}
,{"stream_name":"stderr","time":192.930582142,"data":"\r 68%|██████▊   | 1.79G/2.64G [01:52\u003c00:43, 19.4MB/s]\r 68%|██████▊   | 1.79G/2.64G [01:52\u003c00:46, 18.3MB/s]\n"}
,{"stream_name":"stderr","time":193.04076793,"data":"\r 68%|██████▊   | 1.79G/2.64G [01:52\u003c00:46, 18.3MB/s]\r 68%|██████▊   | 1.79G/2.64G [01:52\u003c00:47, 17.9MB/s]\n"}
,{"stream_name":"stderr","time":193.215886693,"data":"\r 68%|██████▊   | 1.79G/2.64G [01:52\u003c00:47, 17.9MB/s]\r 68%|██████▊   | 1.79G/2.64G [01:53\u003c00:56, 14.9MB/s]\n"}
,{"stream_name":"stderr","time":193.371083795,"data":"\r 68%|██████▊   | 1.79G/2.64G [01:53\u003c00:56, 14.9MB/s]\r 68%|██████▊   | 1.79G/2.64G [01:53\u003c01:03, 13.3MB/s]\n"}
,{"stream_name":"stderr","time":193.535943481,"data":"\r 68%|██████▊   | 1.79G/2.64G [01:53\u003c01:03, 13.3MB/s]\r 68%|██████▊   | 1.80G/2.64G [01:53\u003c01:11, 11.8MB/s]\n"}
,{"stream_name":"stderr","time":193.685863279,"data":"\r 68%|██████▊   | 1.80G/2.64G [01:53\u003c01:11, 11.8MB/s]\r 68%|██████▊   | 1.80G/2.64G [01:53\u003c01:18, 10.8MB/s]\n"}
,{"stream_name":"stderr","time":193.851662488,"data":"\r 68%|██████▊   | 1.80G/2.64G [01:53\u003c01:18, 10.8MB/s]\r 68%|██████▊   | 1.80G/2.64G [01:53\u003c01:28, 9.52MB/s]\n"}
,{"stream_name":"stderr","time":193.985074814,"data":"\r 68%|██████▊   | 1.80G/2.64G [01:53\u003c01:28, 9.52MB/s]\r 68%|██████▊   | 1.80G/2.64G [01:53\u003c01:33, 9.00MB/s]\n"}
,{"stream_name":"stderr","time":194.107791836,"data":"\r 68%|██████▊   | 1.80G/2.64G [01:53\u003c01:33, 9.00MB/s]\r 68%|██████▊   | 1.80G/2.64G [01:53\u003c01:37, 8.66MB/s]\n"}
,{"stream_name":"stderr","time":194.229045801,"data":"\r 68%|██████▊   | 1.80G/2.64G [01:53\u003c01:37, 8.66MB/s]\r 68%|██████▊   | 1.80G/2.64G [01:54\u003c01:41, 8.29MB/s]\n"}
,{"stream_name":"stderr","time":194.368575807,"data":"\r 68%|██████▊   | 1.80G/2.64G [01:54\u003c01:41, 8.29MB/s]\r 68%|██████▊   | 1.80G/2.64G [01:54\u003c01:50, 7.62MB/s]\n"}
,{"stream_name":"stderr","time":194.478418064,"data":"\r 68%|██████▊   | 1.80G/2.64G [01:54\u003c01:50, 7.62MB/s]\r 68%|██████▊   | 1.80G/2.64G [01:54\u003c01:51, 7.50MB/s]\n"}
,{"stream_name":"stderr","time":194.614734582,"data":"\r 68%|██████▊   | 1.80G/2.64G [01:54\u003c01:51, 7.50MB/s]\r 68%|██████▊   | 1.80G/2.64G [01:54\u003c02:01, 6.88MB/s]\n"}
,{"stream_name":"stderr","time":194.745211903,"data":"\r 68%|██████▊   | 1.80G/2.64G [01:54\u003c02:01, 6.88MB/s]\r 68%|██████▊   | 1.80G/2.64G [01:54\u003c02:09, 6.48MB/s]\n"}
,{"stream_name":"stderr","time":194.867374476,"data":"\r 68%|██████▊   | 1.80G/2.64G [01:54\u003c02:09, 6.48MB/s]\r 68%|██████▊   | 1.80G/2.64G [01:54\u003c02:15, 6.16MB/s]\n"}
,{"stream_name":"stderr","time":194.975441995,"data":"\r 68%|██████▊   | 1.80G/2.64G [01:54\u003c02:15, 6.16MB/s]\r 68%|██████▊   | 1.81G/2.64G [01:54\u003c02:17, 6.05MB/s]\n"}
,{"stream_name":"stderr","time":195.08150247,"data":"\r 68%|██████▊   | 1.81G/2.64G [01:54\u003c02:17, 6.05MB/s]\r 68%|██████▊   | 1.81G/2.64G [01:54\u003c02:19, 6.00MB/s]\n"}
,{"stream_name":"stderr","time":195.191371827,"data":"\r 68%|██████▊   | 1.81G/2.64G [01:54\u003c02:19, 6.00MB/s]\r 68%|██████▊   | 1.81G/2.64G [01:55\u003c02:21, 5.90MB/s]\n"}
,{"stream_name":"stderr","time":195.297100701,"data":"\r 68%|██████▊   | 1.81G/2.64G [01:55\u003c02:21, 5.90MB/s]\r 68%|██████▊   | 1.81G/2.64G [01:55\u003c02:23, 5.82MB/s]\n"}
,{"stream_name":"stderr","time":195.399553649,"data":"\r 68%|██████▊   | 1.81G/2.64G [01:55\u003c02:23, 5.82MB/s]\r 68%|██████▊   | 1.81G/2.64G [01:55\u003c02:19, 5.98MB/s]\n"}
,{"stream_name":"stderr","time":195.502736711,"data":"\r 68%|██████▊   | 1.81G/2.64G [01:55\u003c02:19, 5.98MB/s]\r 68%|██████▊   | 1.81G/2.64G [01:55\u003c02:18, 5.99MB/s]\n"}
,{"stream_name":"stderr","time":195.606985837,"data":"\r 68%|██████▊   | 1.81G/2.64G [01:55\u003c02:18, 5.99MB/s]\r 69%|██████▊   | 1.81G/2.64G [01:55\u003c02:18, 5.99MB/s]\n"}
,{"stream_name":"stderr","time":195.713266259,"data":"\r 69%|██████▊   | 1.81G/2.64G [01:55\u003c02:18, 5.99MB/s]\r 69%|██████▊   | 1.81G/2.64G [01:55\u003c02:19, 5.95MB/s]\n"}
,{"stream_name":"stderr","time":195.814164373,"data":"\r 69%|██████▊   | 1.81G/2.64G [01:55\u003c02:19, 5.95MB/s]\r 69%|██████▊   | 1.81G/2.64G [01:55\u003c02:18, 6.01MB/s]\n"}
,{"stream_name":"stderr","time":195.920389948,"data":"\r 69%|██████▊   | 1.81G/2.64G [01:55\u003c02:18, 6.01MB/s]\r 69%|██████▊   | 1.81G/2.64G [01:55\u003c02:16, 6.06MB/s]\n"}
,{"stream_name":"stderr","time":196.021134687,"data":"\r 69%|██████▊   | 1.81G/2.64G [01:55\u003c02:16, 6.06MB/s]\r 69%|██████▊   | 1.81G/2.64G [01:55\u003c02:15, 6.09MB/s]\n"}
,{"stream_name":"stderr","time":196.128745538,"data":"\r 69%|██████▊   | 1.81G/2.64G [01:55\u003c02:15, 6.09MB/s]\r 69%|██████▊   | 1.81G/2.64G [01:55\u003c02:18, 6.00MB/s]\n"}
,{"stream_name":"stderr","time":196.229905012,"data":"\r 69%|██████▊   | 1.81G/2.64G [01:55\u003c02:18, 6.00MB/s]\r 69%|██████▊   | 1.81G/2.64G [01:56\u003c02:14, 6.14MB/s]\n"}
,{"stream_name":"stderr","time":196.334110225,"data":"\r 69%|██████▊   | 1.81G/2.64G [01:56\u003c02:14, 6.14MB/s]\r 69%|██████▊   | 1.81G/2.64G [01:56\u003c02:13, 6.19MB/s]\n"}
,{"stream_name":"stderr","time":196.434852005,"data":"\r 69%|██████▊   | 1.81G/2.64G [01:56\u003c02:13, 6.19MB/s]\r 69%|██████▊   | 1.81G/2.64G [01:56\u003c02:13, 6.19MB/s]\n"}
,{"stream_name":"stderr","time":196.544754209,"data":"\r 69%|██████▊   | 1.81G/2.64G [01:56\u003c02:13, 6.19MB/s]\r 69%|██████▊   | 1.81G/2.64G [01:56\u003c02:15, 6.12MB/s]\n"}
,{"stream_name":"stderr","time":196.645653862,"data":"\r 69%|██████▊   | 1.81G/2.64G [01:56\u003c02:15, 6.12MB/s]\r 69%|██████▉   | 1.82G/2.64G [01:56\u003c02:10, 6.33MB/s]\n"}
,{"stream_name":"stderr","time":196.749878185,"data":"\r 69%|██████▉   | 1.82G/2.64G [01:56\u003c02:10, 6.33MB/s]\r 69%|██████▉   | 1.82G/2.64G [01:56\u003c02:10, 6.31MB/s]\n"}
,{"stream_name":"stderr","time":196.854052563,"data":"\r 69%|██████▉   | 1.82G/2.64G [01:56\u003c02:10, 6.31MB/s]\r 69%|██████▉   | 1.82G/2.64G [01:56\u003c02:10, 6.30MB/s]\n"}
,{"stream_name":"stderr","time":196.959951293,"data":"\r 69%|██████▉   | 1.82G/2.64G [01:56\u003c02:10, 6.30MB/s]\r 69%|██████▉   | 1.82G/2.64G [01:56\u003c02:11, 6.27MB/s]\n"}
,{"stream_name":"stderr","time":197.061773907,"data":"\r 69%|██████▉   | 1.82G/2.64G [01:56\u003c02:11, 6.27MB/s]\r 69%|██████▉   | 1.82G/2.64G [01:56\u003c02:10, 6.32MB/s]\n"}
,{"stream_name":"stderr","time":197.166418822,"data":"\r 69%|██████▉   | 1.82G/2.64G [01:56\u003c02:10, 6.32MB/s]\r 69%|██████▉   | 1.82G/2.64G [01:57\u003c02:08, 6.40MB/s]\n"}
,{"stream_name":"stderr","time":197.268819548,"data":"\r 69%|██████▉   | 1.82G/2.64G [01:57\u003c02:08, 6.40MB/s]\r 69%|██████▉   | 1.82G/2.64G [01:57\u003c02:08, 6.40MB/s]\n"}
,{"stream_name":"stderr","time":197.37521799,"data":"\r 69%|██████▉   | 1.82G/2.64G [01:57\u003c02:08, 6.40MB/s]\r 69%|██████▉   | 1.82G/2.64G [01:57\u003c02:09, 6.32MB/s]\n"}
,{"stream_name":"stderr","time":197.478068649,"data":"\r 69%|██████▉   | 1.82G/2.64G [01:57\u003c02:09, 6.32MB/s]\r 69%|██████▉   | 1.82G/2.64G [01:57\u003c02:07, 6.43MB/s]\n"}
,{"stream_name":"stderr","time":197.580437111,"data":"\r 69%|██████▉   | 1.82G/2.64G [01:57\u003c02:07, 6.43MB/s]\r 69%|██████▉   | 1.82G/2.64G [01:57\u003c02:07, 6.43MB/s]\n"}
,{"stream_name":"stderr","time":197.683691475,"data":"\r 69%|██████▉   | 1.82G/2.64G [01:57\u003c02:07, 6.43MB/s]\r 69%|██████▉   | 1.82G/2.64G [01:57\u003c02:07, 6.40MB/s]\n"}
,{"stream_name":"stderr","time":197.791332113,"data":"\r 69%|██████▉   | 1.82G/2.64G [01:57\u003c02:07, 6.40MB/s]\r 69%|██████▉   | 1.82G/2.64G [01:57\u003c02:09, 6.30MB/s]\n"}
,{"stream_name":"stderr","time":197.893526461,"data":"\r 69%|██████▉   | 1.82G/2.64G [01:57\u003c02:09, 6.30MB/s]\r 69%|██████▉   | 1.82G/2.64G [01:57\u003c02:07, 6.42MB/s]\n"}
,{"stream_name":"stderr","time":197.995415937,"data":"\r 69%|██████▉   | 1.82G/2.64G [01:57\u003c02:07, 6.42MB/s]\r 69%|██████▉   | 1.82G/2.64G [01:57\u003c02:06, 6.43MB/s]\n"}
,{"stream_name":"stderr","time":198.096752097,"data":"\r 69%|██████▉   | 1.82G/2.64G [01:57\u003c02:06, 6.43MB/s]\r 69%|██████▉   | 1.82G/2.64G [01:57\u003c02:06, 6.44MB/s]\n"}
,{"stream_name":"stderr","time":198.208086389,"data":"\r 69%|██████▉   | 1.82G/2.64G [01:57\u003c02:06, 6.44MB/s]\r 69%|██████▉   | 1.83G/2.64G [01:58\u003c02:10, 6.27MB/s]\n"}
,{"stream_name":"stderr","time":198.309213059,"data":"\r 69%|██████▉   | 1.83G/2.64G [01:58\u003c02:10, 6.27MB/s]\r 69%|██████▉   | 1.83G/2.64G [01:58\u003c02:06, 6.42MB/s]\n"}
,{"stream_name":"stderr","time":198.41755698,"data":"\r 69%|██████▉   | 1.83G/2.64G [01:58\u003c02:06, 6.42MB/s]\r 69%|██████▉   | 1.83G/2.64G [01:58\u003c02:07, 6.40MB/s]\n"}
,{"stream_name":"stderr","time":198.53121111,"data":"\r 69%|██████▉   | 1.83G/2.64G [01:58\u003c02:07, 6.40MB/s]\r 69%|██████▉   | 1.83G/2.64G [01:58\u003c02:09, 6.30MB/s]\n"}
,{"stream_name":"stderr","time":198.631983255,"data":"\r 69%|██████▉   | 1.83G/2.64G [01:58\u003c02:09, 6.30MB/s]\r 69%|██████▉   | 1.83G/2.64G [01:58\u003c02:06, 6.44MB/s]\n"}
,{"stream_name":"stderr","time":198.740551766,"data":"\r 69%|██████▉   | 1.83G/2.64G [01:58\u003c02:06, 6.44MB/s]\r 69%|██████▉   | 1.83G/2.64G [01:58\u003c02:06, 6.41MB/s]\n"}
,{"stream_name":"stderr","time":198.853587734,"data":"\r 69%|██████▉   | 1.83G/2.64G [01:58\u003c02:06, 6.41MB/s]\r 69%|██████▉   | 1.83G/2.64G [01:58\u003c02:08, 6.31MB/s]\n"}
,{"stream_name":"stderr","time":198.954792863,"data":"\r 69%|██████▉   | 1.83G/2.64G [01:58\u003c02:08, 6.31MB/s]\r 69%|██████▉   | 1.83G/2.64G [01:58\u003c02:05, 6.45MB/s]\n"}
,{"stream_name":"stderr","time":199.059752098,"data":"\r 69%|██████▉   | 1.83G/2.64G [01:58\u003c02:05, 6.45MB/s]\r 69%|██████▉   | 1.83G/2.64G [01:58\u003c02:04, 6.48MB/s]\n"}
,{"stream_name":"stderr","time":199.160010091,"data":"\r 69%|██████▉   | 1.83G/2.64G [01:58\u003c02:04, 6.48MB/s]\r 69%|██████▉   | 1.83G/2.64G [01:59\u003c02:04, 6.49MB/s]\n"}
,{"stream_name":"stderr","time":199.270705735,"data":"\r 69%|██████▉   | 1.83G/2.64G [01:59\u003c02:04, 6.49MB/s]\r 69%|██████▉   | 1.83G/2.64G [01:59\u003c02:07, 6.32MB/s]\n"}
,{"stream_name":"stderr","time":199.372100558,"data":"\r 69%|██████▉   | 1.83G/2.64G [01:59\u003c02:07, 6.32MB/s]\r 69%|██████▉   | 1.83G/2.64G [01:59\u003c02:05, 6.45MB/s]\n"}
,{"stream_name":"stderr","time":199.475806837,"data":"\r 69%|██████▉   | 1.83G/2.64G [01:59\u003c02:05, 6.45MB/s]\r 69%|██████▉   | 1.83G/2.64G [01:59\u003c02:05, 6.41MB/s]\n"}
,{"stream_name":"stderr","time":199.624300153,"data":"\r 69%|██████▉   | 1.83G/2.64G [01:59\u003c02:05, 6.41MB/s]\r 69%|██████▉   | 1.83G/2.64G [01:59\u003c02:22, 5.66MB/s]\n"}
,{"stream_name":"stderr","time":199.749797414,"data":"\r 69%|██████▉   | 1.83G/2.64G [01:59\u003c02:22, 5.66MB/s]\r 69%|██████▉   | 1.83G/2.64G [01:59\u003c02:28, 5.44MB/s]\n"}
,{"stream_name":"stderr","time":199.851370182,"data":"\r 69%|██████▉   | 1.83G/2.64G [01:59\u003c02:28, 5.44MB/s]\r 70%|██████▉   | 1.84G/2.64G [01:59\u003c02:12, 6.05MB/s]\n"}
,{"stream_name":"stderr","time":199.953419547,"data":"\r 70%|██████▉   | 1.84G/2.64G [01:59\u003c02:12, 6.05MB/s]\r 70%|██████▉   | 1.84G/2.64G [01:59\u003c02:08, 6.24MB/s]\n"}
,{"stream_name":"stderr","time":200.075012854,"data":"\r 70%|██████▉   | 1.84G/2.64G [01:59\u003c02:08, 6.24MB/s]\r 70%|██████▉   | 1.84G/2.64G [01:59\u003c02:14, 5.97MB/s]\n"}
,{"stream_name":"stderr","time":200.216681559,"data":"\r 70%|██████▉   | 1.84G/2.64G [01:59\u003c02:14, 5.97MB/s]\r 70%|██████▉   | 1.84G/2.64G [02:00\u003c02:04, 6.44MB/s]\n"}
,{"stream_name":"stderr","time":200.306012243,"data":"\r 70%|██████▉   | 1.84G/2.64G [02:00\u003c02:04, 6.44MB/s]\r 70%|██████▉   | 1.84G/2.64G [02:00\u003c02:13, 6.00MB/s]\n"}
,{"stream_name":"stderr","time":200.408211564,"data":"\r 70%|██████▉   | 1.84G/2.64G [02:00\u003c02:13, 6.00MB/s]\r 70%|██████▉   | 1.84G/2.64G [02:00\u003c02:02, 6.56MB/s]\n"}
,{"stream_name":"stderr","time":200.536810693,"data":"\r 70%|██████▉   | 1.84G/2.64G [02:00\u003c02:02, 6.56MB/s]\r 70%|██████▉   | 1.84G/2.64G [02:00\u003c02:10, 6.15MB/s]\n"}
,{"stream_name":"stderr","time":200.641841007,"data":"\r 70%|██████▉   | 1.84G/2.64G [02:00\u003c02:10, 6.15MB/s]\r 70%|██████▉   | 1.84G/2.64G [02:00\u003c02:00, 6.61MB/s]\n"}
,{"stream_name":"stderr","time":200.767748529,"data":"\r 70%|██████▉   | 1.84G/2.64G [02:00\u003c02:00, 6.61MB/s]\r 70%|██████▉   | 1.84G/2.64G [02:00\u003c02:07, 6.24MB/s]\n"}
,{"stream_name":"stderr","time":200.873161387,"data":"\r 70%|██████▉   | 1.84G/2.64G [02:00\u003c02:07, 6.24MB/s]\r 70%|██████▉   | 1.84G/2.64G [02:00\u003c01:59, 6.66MB/s]\n"}
,{"stream_name":"stderr","time":200.997972246,"data":"\r 70%|██████▉   | 1.84G/2.64G [02:00\u003c01:59, 6.66MB/s]\r 70%|██████▉   | 1.84G/2.64G [02:00\u003c02:06, 6.29MB/s]\n"}
,{"stream_name":"stderr","time":201.098042485,"data":"\r 70%|██████▉   | 1.84G/2.64G [02:00\u003c02:06, 6.29MB/s]\r 70%|██████▉   | 1.84G/2.64G [02:00\u003c01:58, 6.71MB/s]\n"}
,{"stream_name":"stderr","time":201.22902974,"data":"\r 70%|██████▉   | 1.84G/2.64G [02:00\u003c01:58, 6.71MB/s]\r 70%|██████▉   | 1.84G/2.64G [02:01\u003c02:07, 6.24MB/s]\n"}
,{"stream_name":"stderr","time":201.329142186,"data":"\r 70%|██████▉   | 1.84G/2.64G [02:01\u003c02:07, 6.24MB/s]\r 70%|██████▉   | 1.85G/2.64G [02:01\u003c01:59, 6.67MB/s]\n"}
,{"stream_name":"stderr","time":201.429768695,"data":"\r 70%|██████▉   | 1.85G/2.64G [02:01\u003c01:59, 6.67MB/s]\r 70%|██████▉   | 1.85G/2.64G [02:01\u003c01:58, 6.71MB/s]\n"}
,{"stream_name":"stderr","time":201.55325003,"data":"\r 70%|██████▉   | 1.85G/2.64G [02:01\u003c01:58, 6.71MB/s]\r 70%|██████▉   | 1.85G/2.64G [02:01\u003c02:05, 6.34MB/s]\n"}
,{"stream_name":"stderr","time":201.655044642,"data":"\r 70%|██████▉   | 1.85G/2.64G [02:01\u003c02:05, 6.34MB/s]\r 70%|██████▉   | 1.85G/2.64G [02:01\u003c01:56, 6.82MB/s]\n"}
,{"stream_name":"stderr","time":201.784243595,"data":"\r 70%|██████▉   | 1.85G/2.64G [02:01\u003c01:56, 6.82MB/s]\r 70%|██████▉   | 1.85G/2.64G [02:01\u003c02:03, 6.40MB/s]\n"}
,{"stream_name":"stderr","time":201.88549158,"data":"\r 70%|██████▉   | 1.85G/2.64G [02:01\u003c02:03, 6.40MB/s]\r 70%|███████   | 1.85G/2.64G [02:01\u003c01:55, 6.86MB/s]\n"}
,{"stream_name":"stderr","time":202.008642053,"data":"\r 70%|███████   | 1.85G/2.64G [02:01\u003c01:55, 6.86MB/s]\r 70%|███████   | 1.85G/2.64G [02:01\u003c02:00, 6.54MB/s]\n"}
,{"stream_name":"stderr","time":202.108996948,"data":"\r 70%|███████   | 1.85G/2.64G [02:01\u003c02:00, 6.54MB/s]\r 70%|███████   | 1.85G/2.64G [02:01\u003c01:59, 6.63MB/s]\n"}
,{"stream_name":"stderr","time":202.209018619,"data":"\r 70%|███████   | 1.85G/2.64G [02:01\u003c01:59, 6.63MB/s]\r 70%|███████   | 1.85G/2.64G [02:02\u003c01:53, 6.97MB/s]\n"}
,{"stream_name":"stderr","time":202.322378181,"data":"\r 70%|███████   | 1.85G/2.64G [02:02\u003c01:53, 6.97MB/s]\r 70%|███████   | 1.85G/2.64G [02:02\u003c01:56, 6.78MB/s]\n"}
,{"stream_name":"stderr","time":202.431279631,"data":"\r 70%|███████   | 1.85G/2.64G [02:02\u003c01:56, 6.78MB/s]\r 70%|███████   | 1.85G/2.64G [02:02\u003c01:58, 6.65MB/s]\n"}
,{"stream_name":"stderr","time":202.53260368,"data":"\r 70%|███████   | 1.85G/2.64G [02:02\u003c01:58, 6.65MB/s]\r 70%|███████   | 1.85G/2.64G [02:02\u003c01:50, 7.14MB/s]\n"}
,{"stream_name":"stderr","time":202.647862114,"data":"\r 70%|███████   | 1.85G/2.64G [02:02\u003c01:50, 7.14MB/s]\r 70%|███████   | 1.85G/2.64G [02:02\u003c01:54, 6.86MB/s]\n"}
,{"stream_name":"stderr","time":202.75400573,"data":"\r 70%|███████   | 1.85G/2.64G [02:02\u003c01:54, 6.86MB/s]\r 70%|███████   | 1.85G/2.64G [02:02\u003c01:54, 6.84MB/s]\n"}
,{"stream_name":"stderr","time":202.855287831,"data":"\r 70%|███████   | 1.85G/2.64G [02:02\u003c01:54, 6.84MB/s]\r 70%|███████   | 1.86G/2.64G [02:02\u003c01:47, 7.29MB/s]\n"}
,{"stream_name":"stderr","time":202.973566111,"data":"\r 70%|███████   | 1.86G/2.64G [02:02\u003c01:47, 7.29MB/s]\r 70%|███████   | 1.86G/2.64G [02:02\u003c01:52, 7.00MB/s]\n"}
,{"stream_name":"stderr","time":203.076855134,"data":"\r 70%|███████   | 1.86G/2.64G [02:02\u003c01:52, 7.00MB/s]\r 70%|███████   | 1.86G/2.64G [02:02\u003c01:51, 6.99MB/s]\n"}
,{"stream_name":"stderr","time":203.178582389,"data":"\r 70%|███████   | 1.86G/2.64G [02:02\u003c01:51, 6.99MB/s]\r 70%|███████   | 1.86G/2.64G [02:03\u003c01:44, 7.48MB/s]\n"}
,{"stream_name":"stderr","time":203.288206486,"data":"\r 70%|███████   | 1.86G/2.64G [02:03\u003c01:44, 7.48MB/s]\r 70%|███████   | 1.86G/2.64G [02:03\u003c01:47, 7.29MB/s]\n"}
,{"stream_name":"stderr","time":203.39990081,"data":"\r 70%|███████   | 1.86G/2.64G [02:03\u003c01:47, 7.29MB/s]\r 70%|███████   | 1.86G/2.64G [02:03\u003c01:49, 7.13MB/s]\n"}
,{"stream_name":"stderr","time":203.50179411,"data":"\r 70%|███████   | 1.86G/2.64G [02:03\u003c01:49, 7.13MB/s]\r 70%|███████   | 1.86G/2.64G [02:03\u003c01:41, 7.66MB/s]\n"}
,{"stream_name":"stderr","time":203.61801109,"data":"\r 70%|███████   | 1.86G/2.64G [02:03\u003c01:41, 7.66MB/s]\r 70%|███████   | 1.86G/2.64G [02:03\u003c01:45, 7.38MB/s]\n"}
,{"stream_name":"stderr","time":203.72380912,"data":"\r 70%|███████   | 1.86G/2.64G [02:03\u003c01:45, 7.38MB/s]\r 71%|███████   | 1.86G/2.64G [02:03\u003c01:46, 7.31MB/s]\n"}
,{"stream_name":"stderr","time":203.824281233,"data":"\r 71%|███████   | 1.86G/2.64G [02:03\u003c01:46, 7.31MB/s]\r 71%|███████   | 1.86G/2.64G [02:03\u003c01:38, 7.92MB/s]\n"}
,{"stream_name":"stderr","time":203.932440572,"data":"\r 71%|███████   | 1.86G/2.64G [02:03\u003c01:38, 7.92MB/s]\r 71%|███████   | 1.86G/2.64G [02:03\u003c01:39, 7.81MB/s]\n"}
,{"stream_name":"stderr","time":204.041693189,"data":"\r 71%|███████   | 1.86G/2.64G [02:03\u003c01:39, 7.81MB/s]\r 71%|███████   | 1.86G/2.64G [02:03\u003c01:41, 7.64MB/s]\n"}
,{"stream_name":"stderr","time":204.141727779,"data":"\r 71%|███████   | 1.86G/2.64G [02:03\u003c01:41, 7.64MB/s]\r 71%|███████   | 1.87G/2.64G [02:04\u003c01:40, 7.70MB/s]\n"}
,{"stream_name":"stderr","time":204.244691439,"data":"\r 71%|███████   | 1.87G/2.64G [02:04\u003c01:40, 7.70MB/s]\r 71%|███████   | 1.87G/2.64G [02:04\u003c01:33, 8.24MB/s]\n"}
,{"stream_name":"stderr","time":204.35279806,"data":"\r 71%|███████   | 1.87G/2.64G [02:04\u003c01:33, 8.24MB/s]\r 71%|███████   | 1.87G/2.64G [02:04\u003c01:35, 8.13MB/s]\n"}
,{"stream_name":"stderr","time":204.45344771,"data":"\r 71%|███████   | 1.87G/2.64G [02:04\u003c01:35, 8.13MB/s]\r 71%|███████   | 1.87G/2.64G [02:04\u003c01:35, 8.13MB/s]\n"}
,{"stream_name":"stderr","time":204.558828451,"data":"\r 71%|███████   | 1.87G/2.64G [02:04\u003c01:35, 8.13MB/s]\r 71%|███████   | 1.87G/2.64G [02:04\u003c01:35, 8.11MB/s]\n"}
,{"stream_name":"stderr","time":204.660239404,"data":"\r 71%|███████   | 1.87G/2.64G [02:04\u003c01:35, 8.11MB/s]\r 71%|███████   | 1.87G/2.64G [02:04\u003c01:28, 8.67MB/s]\n"}
,{"stream_name":"stderr","time":204.761645534,"data":"\r 71%|███████   | 1.87G/2.64G [02:04\u003c01:28, 8.67MB/s]\r 71%|███████   | 1.87G/2.64G [02:04\u003c01:28, 8.69MB/s]\n"}
,{"stream_name":"stderr","time":204.865835032,"data":"\r 71%|███████   | 1.87G/2.64G [02:04\u003c01:28, 8.69MB/s]\r 71%|███████   | 1.87G/2.64G [02:04\u003c01:29, 8.63MB/s]\n"}
,{"stream_name":"stderr","time":204.973641283,"data":"\r 71%|███████   | 1.87G/2.64G [02:04\u003c01:29, 8.63MB/s]\r 71%|███████   | 1.87G/2.64G [02:04\u003c01:30, 8.50MB/s]\n"}
,{"stream_name":"stderr","time":205.077739708,"data":"\r 71%|███████   | 1.87G/2.64G [02:04\u003c01:30, 8.50MB/s]\r 71%|███████   | 1.87G/2.64G [02:04\u003c01:23, 9.17MB/s]\n"}
,{"stream_name":"stderr","time":205.183821651,"data":"\r 71%|███████   | 1.87G/2.64G [02:04\u003c01:23, 9.17MB/s]\r 71%|███████   | 1.87G/2.64G [02:05\u003c01:24, 9.10MB/s]\n"}
,{"stream_name":"stderr","time":205.292385638,"data":"\r 71%|███████   | 1.87G/2.64G [02:05\u003c01:24, 9.10MB/s]\r 71%|███████   | 1.88G/2.64G [02:05\u003c01:24, 9.00MB/s]\n"}
,{"stream_name":"stderr","time":205.394269084,"data":"\r 71%|███████   | 1.88G/2.64G [02:05\u003c01:24, 9.00MB/s]\r 71%|███████   | 1.88G/2.64G [02:05\u003c01:19, 9.55MB/s]\n"}
,{"stream_name":"stderr","time":205.495637407,"data":"\r 71%|███████   | 1.88G/2.64G [02:05\u003c01:19, 9.55MB/s]\r 71%|███████   | 1.88G/2.64G [02:05\u003c01:18, 9.69MB/s]\n"}
,{"stream_name":"stderr","time":205.599200761,"data":"\r 71%|███████   | 1.88G/2.64G [02:05\u003c01:18, 9.69MB/s]\r 71%|███████   | 1.88G/2.64G [02:05\u003c01:19, 9.63MB/s]\n"}
,{"stream_name":"stderr","time":205.703776865,"data":"\r 71%|███████   | 1.88G/2.64G [02:05\u003c01:19, 9.63MB/s]\r 71%|███████   | 1.88G/2.64G [02:05\u003c01:18, 9.66MB/s]\n"}
,{"stream_name":"stderr","time":205.80746667,"data":"\r 71%|███████   | 1.88G/2.64G [02:05\u003c01:18, 9.66MB/s]\r 71%|███████   | 1.88G/2.64G [02:05\u003c01:18, 9.71MB/s]\n"}
,{"stream_name":"stderr","time":205.910931232,"data":"\r 71%|███████   | 1.88G/2.64G [02:05\u003c01:18, 9.71MB/s]\r 71%|███████▏  | 1.88G/2.64G [02:05\u003c01:12, 10.5MB/s]\n"}
,{"stream_name":"stderr","time":206.021066069,"data":"\r 71%|███████▏  | 1.88G/2.64G [02:05\u003c01:12, 10.5MB/s]\r 71%|███████▏  | 1.88G/2.64G [02:05\u003c01:13, 10.3MB/s]\n"}
,{"stream_name":"stderr","time":206.124981627,"data":"\r 71%|███████▏  | 1.88G/2.64G [02:05\u003c01:13, 10.3MB/s]\r 71%|███████▏  | 1.88G/2.64G [02:05\u003c01:13, 10.3MB/s]\n"}
,{"stream_name":"stderr","time":206.227567182,"data":"\r 71%|███████▏  | 1.88G/2.64G [02:05\u003c01:13, 10.3MB/s]\r 71%|███████▏  | 1.89G/2.64G [02:06\u003c01:08, 11.0MB/s]\n"}
,{"stream_name":"stderr","time":206.337594901,"data":"\r 71%|███████▏  | 1.89G/2.64G [02:06\u003c01:08, 11.0MB/s]\r 71%|███████▏  | 1.89G/2.64G [02:06\u003c01:08, 11.0MB/s]\n"}
,{"stream_name":"stderr","time":206.438701505,"data":"\r 71%|███████▏  | 1.89G/2.64G [02:06\u003c01:08, 11.0MB/s]\r 71%|███████▏  | 1.89G/2.64G [02:06\u003c01:07, 11.1MB/s]\n"}
,{"stream_name":"stderr","time":206.541869272,"data":"\r 71%|███████▏  | 1.89G/2.64G [02:06\u003c01:07, 11.1MB/s]\r 72%|███████▏  | 1.89G/2.64G [02:06\u003c01:07, 11.1MB/s]\n"}
,{"stream_name":"stderr","time":206.641996392,"data":"\r 72%|███████▏  | 1.89G/2.64G [02:06\u003c01:07, 11.1MB/s]\r 72%|███████▏  | 1.89G/2.64G [02:06\u003c01:03, 11.8MB/s]\n"}
,{"stream_name":"stderr","time":206.741883888,"data":"\r 72%|███████▏  | 1.89G/2.64G [02:06\u003c01:03, 11.8MB/s]\r 72%|███████▏  | 1.89G/2.64G [02:06\u003c01:03, 11.8MB/s]\n"}
,{"stream_name":"stderr","time":206.877773526,"data":"\r 72%|███████▏  | 1.89G/2.64G [02:06\u003c01:03, 11.8MB/s]\r 72%|███████▏  | 1.89G/2.64G [02:06\u003c01:10, 10.7MB/s]\n"}
,{"stream_name":"stderr","time":207.010220957,"data":"\r 72%|███████▏  | 1.89G/2.64G [02:06\u003c01:10, 10.7MB/s]\r 72%|███████▏  | 1.89G/2.64G [02:06\u003c01:15, 9.90MB/s]\n"}
,{"stream_name":"stderr","time":207.111048336,"data":"\r 72%|███████▏  | 1.89G/2.64G [02:06\u003c01:15, 9.90MB/s]\r 72%|███████▏  | 1.89G/2.64G [02:06\u003c01:15, 9.94MB/s]\n"}
,{"stream_name":"stderr","time":207.232638626,"data":"\r 72%|███████▏  | 1.89G/2.64G [02:06\u003c01:15, 9.94MB/s]\r 72%|███████▏  | 1.90G/2.64G [02:07\u003c01:18, 9.44MB/s]\n"}
,{"stream_name":"stderr","time":207.333666876,"data":"\r 72%|███████▏  | 1.90G/2.64G [02:07\u003c01:18, 9.44MB/s]\r 72%|███████▏  | 1.90G/2.64G [02:07\u003c01:18, 9.52MB/s]\n"}
,{"stream_name":"stderr","time":207.433651599,"data":"\r 72%|███████▏  | 1.90G/2.64G [02:07\u003c01:18, 9.52MB/s]\r 72%|███████▏  | 1.90G/2.64G [02:07\u003c01:15, 9.78MB/s]\n"}
,{"stream_name":"stderr","time":207.54661597,"data":"\r 72%|███████▏  | 1.90G/2.64G [02:07\u003c01:15, 9.78MB/s]\r 72%|███████▏  | 1.90G/2.64G [02:07\u003c01:17, 9.54MB/s]\n"}
,{"stream_name":"stderr","time":207.653910617,"data":"\r 72%|███████▏  | 1.90G/2.64G [02:07\u003c01:17, 9.54MB/s]\r 72%|███████▏  | 1.90G/2.64G [02:07\u003c01:18, 9.44MB/s]\n"}
,{"stream_name":"stderr","time":207.753608108,"data":"\r 72%|███████▏  | 1.90G/2.64G [02:07\u003c01:18, 9.44MB/s]\r 72%|███████▏  | 1.90G/2.64G [02:07\u003c01:13, 10.0MB/s]\n"}
,{"stream_name":"stderr","time":207.857585761,"data":"\r 72%|███████▏  | 1.90G/2.64G [02:07\u003c01:13, 10.0MB/s]\r 72%|███████▏  | 1.90G/2.64G [02:07\u003c01:13, 10.0MB/s]\n"}
,{"stream_name":"stderr","time":207.962793923,"data":"\r 72%|███████▏  | 1.90G/2.64G [02:07\u003c01:13, 10.0MB/s]\r 72%|███████▏  | 1.90G/2.64G [02:07\u003c01:14, 9.92MB/s]\n"}
,{"stream_name":"stderr","time":208.062679843,"data":"\r 72%|███████▏  | 1.90G/2.64G [02:07\u003c01:14, 9.92MB/s]\r 72%|███████▏  | 1.90G/2.64G [02:07\u003c01:13, 9.99MB/s]\n"}
,{"stream_name":"stderr","time":208.164215736,"data":"\r 72%|███████▏  | 1.90G/2.64G [02:07\u003c01:13, 9.99MB/s]\r 72%|███████▏  | 1.91G/2.64G [02:08\u003c01:12, 10.2MB/s]\n"}
,{"stream_name":"stderr","time":208.265935018,"data":"\r 72%|███████▏  | 1.91G/2.64G [02:08\u003c01:12, 10.2MB/s]\r 72%|███████▏  | 1.91G/2.64G [02:08\u003c01:09, 10.6MB/s]\n"}
,{"stream_name":"stderr","time":208.376518229,"data":"\r 72%|███████▏  | 1.91G/2.64G [02:08\u003c01:09, 10.6MB/s]\r 72%|███████▏  | 1.91G/2.64G [02:08\u003c01:10, 10.3MB/s]\n"}
,{"stream_name":"stderr","time":208.478279698,"data":"\r 72%|███████▏  | 1.91G/2.64G [02:08\u003c01:10, 10.3MB/s]\r 72%|███████▏  | 1.91G/2.64G [02:08\u003c01:10, 10.4MB/s]\n"}
,{"stream_name":"stderr","time":208.579007209,"data":"\r 72%|███████▏  | 1.91G/2.64G [02:08\u003c01:10, 10.4MB/s]\r 72%|███████▏  | 1.91G/2.64G [02:08\u003c01:10, 10.4MB/s]\n"}
,{"stream_name":"stderr","time":208.67979705,"data":"\r 72%|███████▏  | 1.91G/2.64G [02:08\u003c01:10, 10.4MB/s]\r 72%|███████▏  | 1.91G/2.64G [02:08\u003c01:06, 11.0MB/s]\n"}
,{"stream_name":"stderr","time":208.784197488,"data":"\r 72%|███████▏  | 1.91G/2.64G [02:08\u003c01:06, 11.0MB/s]\r 72%|███████▏  | 1.91G/2.64G [02:08\u003c01:06, 10.9MB/s]\n"}
,{"stream_name":"stderr","time":208.888496904,"data":"\r 72%|███████▏  | 1.91G/2.64G [02:08\u003c01:06, 10.9MB/s]\r 72%|███████▏  | 1.91G/2.64G [02:08\u003c01:07, 10.8MB/s]\n"}
,{"stream_name":"stderr","time":208.990253132,"data":"\r 72%|███████▏  | 1.91G/2.64G [02:08\u003c01:07, 10.8MB/s]\r 72%|███████▏  | 1.91G/2.64G [02:08\u003c01:06, 10.9MB/s]\n"}
,{"stream_name":"stderr","time":209.09128629,"data":"\r 72%|███████▏  | 1.91G/2.64G [02:08\u003c01:06, 10.9MB/s]\r 73%|███████▎  | 1.92G/2.64G [02:08\u003c01:04, 11.2MB/s]\n"}
,{"stream_name":"stderr","time":209.193875487,"data":"\r 73%|███████▎  | 1.92G/2.64G [02:08\u003c01:04, 11.2MB/s]\r 73%|███████▎  | 1.92G/2.64G [02:09\u003c01:03, 11.4MB/s]\n"}
,{"stream_name":"stderr","time":209.303384438,"data":"\r 73%|███████▎  | 1.92G/2.64G [02:09\u003c01:03, 11.4MB/s]\r 73%|███████▎  | 1.92G/2.64G [02:09\u003c01:05, 11.1MB/s]\n"}
,{"stream_name":"stderr","time":209.409424008,"data":"\r 73%|███████▎  | 1.92G/2.64G [02:09\u003c01:05, 11.1MB/s]\r 73%|███████▎  | 1.92G/2.64G [02:09\u003c01:04, 11.1MB/s]\n"}
,{"stream_name":"stderr","time":209.510205869,"data":"\r 73%|███████▎  | 1.92G/2.64G [02:09\u003c01:04, 11.1MB/s]\r 73%|███████▎  | 1.92G/2.64G [02:09\u003c01:01, 11.7MB/s]\n"}
,{"stream_name":"stderr","time":209.613295743,"data":"\r 73%|███████▎  | 1.92G/2.64G [02:09\u003c01:01, 11.7MB/s]\r 73%|███████▎  | 1.92G/2.64G [02:09\u003c01:02, 11.6MB/s]\n"}
,{"stream_name":"stderr","time":209.719835237,"data":"\r 73%|███████▎  | 1.92G/2.64G [02:09\u003c01:02, 11.6MB/s]\r 73%|███████▎  | 1.92G/2.64G [02:09\u003c01:02, 11.4MB/s]\n"}
,{"stream_name":"stderr","time":209.825057265,"data":"\r 73%|███████▎  | 1.92G/2.64G [02:09\u003c01:02, 11.4MB/s]\r 73%|███████▎  | 1.92G/2.64G [02:09\u003c01:03, 11.4MB/s]\n"}
,{"stream_name":"stderr","time":209.927327208,"data":"\r 73%|███████▎  | 1.92G/2.64G [02:09\u003c01:03, 11.4MB/s]\r 73%|███████▎  | 1.93G/2.64G [02:09\u003c01:00, 11.9MB/s]\n"}
,{"stream_name":"stderr","time":210.036567746,"data":"\r 73%|███████▎  | 1.93G/2.64G [02:09\u003c01:00, 11.9MB/s]\r 73%|███████▎  | 1.93G/2.64G [02:09\u003c01:01, 11.6MB/s]\n"}
,{"stream_name":"stderr","time":210.138638989,"data":"\r 73%|███████▎  | 1.93G/2.64G [02:09\u003c01:01, 11.6MB/s]\r 73%|███████▎  | 1.93G/2.64G [02:10\u003c01:01, 11.6MB/s]\n"}
,{"stream_name":"stderr","time":210.241440148,"data":"\r 73%|███████▎  | 1.93G/2.64G [02:10\u003c01:01, 11.6MB/s]\r 73%|███████▎  | 1.93G/2.64G [02:10\u003c01:01, 11.6MB/s]\n"}
,{"stream_name":"stderr","time":210.342705593,"data":"\r 73%|███████▎  | 1.93G/2.64G [02:10\u003c01:01, 11.6MB/s]\r 73%|███████▎  | 1.93G/2.64G [02:10\u003c00:58, 12.2MB/s]\n"}
,{"stream_name":"stderr","time":210.502310013,"data":"\r 73%|███████▎  | 1.93G/2.64G [02:10\u003c00:58, 12.2MB/s]\r 73%|███████▎  | 1.93G/2.64G [02:10\u003c01:08, 10.4MB/s]\n"}
,{"stream_name":"stderr","time":210.606810135,"data":"\r 73%|███████▎  | 1.93G/2.64G [02:10\u003c01:08, 10.4MB/s]\r 73%|███████▎  | 1.93G/2.64G [02:10\u003c01:02, 11.3MB/s]\n"}
,{"stream_name":"stderr","time":210.742007485,"data":"\r 73%|███████▎  | 1.93G/2.64G [02:10\u003c01:02, 11.3MB/s]\r 73%|███████▎  | 1.93G/2.64G [02:10\u003c01:07, 10.4MB/s]\n"}
,{"stream_name":"stderr","time":210.857935129,"data":"\r 73%|███████▎  | 1.93G/2.64G [02:10\u003c01:07, 10.4MB/s]\r 73%|███████▎  | 1.93G/2.64G [02:10\u003c01:09, 10.1MB/s]\n"}
,{"stream_name":"stderr","time":210.984413822,"data":"\r 73%|███████▎  | 1.93G/2.64G [02:10\u003c01:09, 10.1MB/s]\r 73%|███████▎  | 1.94G/2.64G [02:10\u003c01:13, 9.53MB/s]\n"}
,{"stream_name":"stderr","time":211.087957501,"data":"\r 73%|███████▎  | 1.94G/2.64G [02:10\u003c01:13, 9.53MB/s]\r 73%|███████▎  | 1.94G/2.64G [02:10\u003c01:13, 9.52MB/s]\n"}
,{"stream_name":"stderr","time":211.205114418,"data":"\r 73%|███████▎  | 1.94G/2.64G [02:10\u003c01:13, 9.52MB/s]\r 73%|███████▎  | 1.94G/2.64G [02:11\u003c01:16, 9.21MB/s]\n"}
,{"stream_name":"stderr","time":211.308804502,"data":"\r 73%|███████▎  | 1.94G/2.64G [02:11\u003c01:16, 9.21MB/s]\r 73%|███████▎  | 1.94G/2.64G [02:11\u003c01:16, 9.18MB/s]\n"}
,{"stream_name":"stderr","time":211.409810376,"data":"\r 73%|███████▎  | 1.94G/2.64G [02:11\u003c01:16, 9.18MB/s]\r 73%|███████▎  | 1.94G/2.64G [02:11\u003c01:15, 9.33MB/s]\n"}
,{"stream_name":"stderr","time":211.512964039,"data":"\r 73%|███████▎  | 1.94G/2.64G [02:11\u003c01:15, 9.33MB/s]\r 74%|███████▎  | 1.94G/2.64G [02:11\u003c01:15, 9.29MB/s]\n"}
,{"stream_name":"stderr","time":211.620874695,"data":"\r 74%|███████▎  | 1.94G/2.64G [02:11\u003c01:15, 9.29MB/s]\r 74%|███████▎  | 1.94G/2.64G [02:11\u003c01:16, 9.14MB/s]\n"}
,{"stream_name":"stderr","time":211.724196542,"data":"\r 74%|███████▎  | 1.94G/2.64G [02:11\u003c01:16, 9.14MB/s]\r 74%|███████▎  | 1.94G/2.64G [02:11\u003c01:16, 9.18MB/s]\n"}
,{"stream_name":"stderr","time":211.824411152,"data":"\r 74%|███████▎  | 1.94G/2.64G [02:11\u003c01:16, 9.18MB/s]\r 74%|███████▎  | 1.94G/2.64G [02:11\u003c01:13, 9.45MB/s]\n"}
,{"stream_name":"stderr","time":211.925317245,"data":"\r 74%|███████▎  | 1.94G/2.64G [02:11\u003c01:13, 9.45MB/s]\r 74%|███████▎  | 1.94G/2.64G [02:11\u003c01:13, 9.43MB/s]\n"}
,{"stream_name":"stderr","time":212.030353519,"data":"\r 74%|███████▎  | 1.94G/2.64G [02:11\u003c01:13, 9.43MB/s]\r 74%|███████▎  | 1.95G/2.64G [02:11\u003c01:14, 9.31MB/s]\n"}
,{"stream_name":"stderr","time":212.133022248,"data":"\r 74%|███████▎  | 1.95G/2.64G [02:11\u003c01:14, 9.31MB/s]\r 74%|███████▎  | 1.95G/2.64G [02:12\u003c01:13, 9.39MB/s]\n"}
,{"stream_name":"stderr","time":212.233274926,"data":"\r 74%|███████▎  | 1.95G/2.64G [02:12\u003c01:13, 9.39MB/s]\r 74%|███████▍  | 1.95G/2.64G [02:12\u003c01:13, 9.42MB/s]\n"}
,{"stream_name":"stderr","time":212.334294629,"data":"\r 74%|███████▍  | 1.95G/2.64G [02:12\u003c01:13, 9.42MB/s]\r 74%|███████▍  | 1.95G/2.64G [02:12\u003c01:10, 9.79MB/s]\n"}
,{"stream_name":"stderr","time":212.435745229,"data":"\r 74%|███████▍  | 1.95G/2.64G [02:12\u003c01:10, 9.79MB/s]\r 74%|███████▍  | 1.95G/2.64G [02:12\u003c01:10, 9.77MB/s]\n"}
,{"stream_name":"stderr","time":212.541959682,"data":"\r 74%|███████▍  | 1.95G/2.64G [02:12\u003c01:10, 9.77MB/s]\r 74%|███████▍  | 1.95G/2.64G [02:12\u003c01:11, 9.61MB/s]\n"}
,{"stream_name":"stderr","time":212.643485291,"data":"\r 74%|███████▍  | 1.95G/2.64G [02:12\u003c01:11, 9.61MB/s]\r 74%|███████▍  | 1.95G/2.64G [02:12\u003c01:11, 9.63MB/s]\n"}
,{"stream_name":"stderr","time":212.748748527,"data":"\r 74%|███████▍  | 1.95G/2.64G [02:12\u003c01:11, 9.63MB/s]\r 74%|███████▍  | 1.95G/2.64G [02:12\u003c01:09, 9.92MB/s]\n"}
,{"stream_name":"stderr","time":212.851635725,"data":"\r 74%|███████▍  | 1.95G/2.64G [02:12\u003c01:09, 9.92MB/s]\r 74%|███████▍  | 1.95G/2.64G [02:12\u003c01:09, 9.91MB/s]\n"}
,{"stream_name":"stderr","time":212.958947847,"data":"\r 74%|███████▍  | 1.95G/2.64G [02:12\u003c01:09, 9.91MB/s]\r 74%|███████▍  | 1.95G/2.64G [02:12\u003c01:10, 9.77MB/s]\n"}
,{"stream_name":"stderr","time":213.059079416,"data":"\r 74%|███████▍  | 1.95G/2.64G [02:12\u003c01:10, 9.77MB/s]\r 74%|███████▍  | 1.96G/2.64G [02:12\u003c01:09, 9.79MB/s]\n"}
,{"stream_name":"stderr","time":213.162937764,"data":"\r 74%|███████▍  | 1.96G/2.64G [02:12\u003c01:09, 9.79MB/s]\r 74%|███████▍  | 1.96G/2.64G [02:13\u003c01:07, 10.1MB/s]\n"}
,{"stream_name":"stderr","time":213.265859932,"data":"\r 74%|███████▍  | 1.96G/2.64G [02:13\u003c01:07, 10.1MB/s]\r 74%|███████▍  | 1.96G/2.64G [02:13\u003c01:08, 10.0MB/s]\n"}
,{"stream_name":"stderr","time":213.374050484,"data":"\r 74%|███████▍  | 1.96G/2.64G [02:13\u003c01:08, 10.0MB/s]\r 74%|███████▍  | 1.96G/2.64G [02:13\u003c01:09, 9.82MB/s]\n"}
,{"stream_name":"stderr","time":213.474492991,"data":"\r 74%|███████▍  | 1.96G/2.64G [02:13\u003c01:09, 9.82MB/s]\r 74%|███████▍  | 1.96G/2.64G [02:13\u003c01:08, 9.90MB/s]\n"}
,{"stream_name":"stderr","time":213.583371807,"data":"\r 74%|███████▍  | 1.96G/2.64G [02:13\u003c01:08, 9.90MB/s]\r 74%|███████▍  | 1.96G/2.64G [02:13\u003c01:09, 9.72MB/s]\n"}
,{"stream_name":"stderr","time":213.745853098,"data":"\r 74%|███████▍  | 1.96G/2.64G [02:13\u003c01:09, 9.72MB/s]\r 74%|███████▍  | 1.96G/2.64G [02:13\u003c01:22, 8.26MB/s]\n"}
,{"stream_name":"stderr","time":213.915281719,"data":"\r 74%|███████▍  | 1.96G/2.64G [02:13\u003c01:22, 8.26MB/s]\r 74%|███████▍  | 1.96G/2.64G [02:13\u003c01:35, 7.13MB/s]\n"}
,{"stream_name":"stderr","time":214.069695254,"data":"\r 74%|███████▍  | 1.96G/2.64G [02:13\u003c01:35, 7.13MB/s]\r 74%|███████▍  | 1.96G/2.64G [02:13\u003c01:44, 6.47MB/s]\n"}
,{"stream_name":"stderr","time":214.19496557,"data":"\r 74%|███████▍  | 1.96G/2.64G [02:13\u003c01:44, 6.47MB/s]\r 74%|███████▍  | 1.96G/2.64G [02:14\u003c01:49, 6.20MB/s]\n"}
,{"stream_name":"stderr","time":214.315048299,"data":"\r 74%|███████▍  | 1.96G/2.64G [02:14\u003c01:49, 6.20MB/s]\r 74%|███████▍  | 1.96G/2.64G [02:14\u003c01:52, 5.99MB/s]\n"}
,{"stream_name":"stderr","time":214.434089584,"data":"\r 74%|███████▍  | 1.96G/2.64G [02:14\u003c01:52, 5.99MB/s]\r 74%|███████▍  | 1.97G/2.64G [02:14\u003c01:56, 5.78MB/s]\n"}
,{"stream_name":"stderr","time":214.535944645,"data":"\r 74%|███████▍  | 1.97G/2.64G [02:14\u003c01:56, 5.78MB/s]\r 74%|███████▍  | 1.97G/2.64G [02:14\u003c01:56, 5.78MB/s]\n"}
,{"stream_name":"stderr","time":214.646378107,"data":"\r 74%|███████▍  | 1.97G/2.64G [02:14\u003c01:56, 5.78MB/s]\r 74%|███████▍  | 1.97G/2.64G [02:14\u003c01:59, 5.66MB/s]\n"}
,{"stream_name":"stderr","time":214.749701855,"data":"\r 74%|███████▍  | 1.97G/2.64G [02:14\u003c01:59, 5.66MB/s]\r 75%|███████▍  | 1.97G/2.64G [02:14\u003c01:58, 5.67MB/s]\n"}
,{"stream_name":"stderr","time":214.856104733,"data":"\r 75%|███████▍  | 1.97G/2.64G [02:14\u003c01:58, 5.67MB/s]\r 75%|███████▍  | 1.97G/2.64G [02:14\u003c01:59, 5.63MB/s]\n"}
,{"stream_name":"stderr","time":214.962704032,"data":"\r 75%|███████▍  | 1.97G/2.64G [02:14\u003c01:59, 5.63MB/s]\r 75%|███████▍  | 1.97G/2.64G [02:14\u003c01:59, 5.61MB/s]\n"}
,{"stream_name":"stderr","time":215.065894672,"data":"\r 75%|███████▍  | 1.97G/2.64G [02:14\u003c01:59, 5.61MB/s]\r 75%|███████▍  | 1.97G/2.64G [02:14\u003c01:57, 5.73MB/s]\n"}
,{"stream_name":"stderr","time":215.170488603,"data":"\r 75%|███████▍  | 1.97G/2.64G [02:14\u003c01:57, 5.73MB/s]\r 75%|███████▍  | 1.97G/2.64G [02:15\u003c01:57, 5.71MB/s]\n"}
,{"stream_name":"stderr","time":215.275832077,"data":"\r 75%|███████▍  | 1.97G/2.64G [02:15\u003c01:57, 5.71MB/s]\r 75%|███████▍  | 1.97G/2.64G [02:15\u003c01:58, 5.67MB/s]\n"}
,{"stream_name":"stderr","time":215.382817689,"data":"\r 75%|███████▍  | 1.97G/2.64G [02:15\u003c01:58, 5.67MB/s]\r 75%|███████▍  | 1.97G/2.64G [02:15\u003c01:57, 5.72MB/s]\n"}
,{"stream_name":"stderr","time":215.483411813,"data":"\r 75%|███████▍  | 1.97G/2.64G [02:15\u003c01:57, 5.72MB/s]\r 75%|███████▍  | 1.97G/2.64G [02:15\u003c01:54, 5.85MB/s]\n"}
,{"stream_name":"stderr","time":215.588714258,"data":"\r 75%|███████▍  | 1.97G/2.64G [02:15\u003c01:54, 5.85MB/s]\r 75%|███████▍  | 1.97G/2.64G [02:15\u003c01:55, 5.77MB/s]\n"}
,{"stream_name":"stderr","time":215.691049895,"data":"\r 75%|███████▍  | 1.97G/2.64G [02:15\u003c01:55, 5.77MB/s]\r 75%|███████▍  | 1.97G/2.64G [02:15\u003c01:55, 5.77MB/s]\n"}
,{"stream_name":"stderr","time":215.798254371,"data":"\r 75%|███████▍  | 1.97G/2.64G [02:15\u003c01:55, 5.77MB/s]\r 75%|███████▍  | 1.97G/2.64G [02:15\u003c01:55, 5.79MB/s]\n"}
,{"stream_name":"stderr","time":215.902097397,"data":"\r 75%|███████▍  | 1.97G/2.64G [02:15\u003c01:55, 5.79MB/s]\r 75%|███████▍  | 1.97G/2.64G [02:15\u003c01:52, 5.94MB/s]\n"}
,{"stream_name":"stderr","time":216.007716443,"data":"\r 75%|███████▍  | 1.97G/2.64G [02:15\u003c01:52, 5.94MB/s]\r 75%|███████▍  | 1.97G/2.64G [02:15\u003c01:52, 5.93MB/s]\n"}
,{"stream_name":"stderr","time":216.121821033,"data":"\r 75%|███████▍  | 1.97G/2.64G [02:15\u003c01:52, 5.93MB/s]\r 75%|███████▍  | 1.98G/2.64G [02:15\u003c01:53, 5.87MB/s]\n"}
,{"stream_name":"stderr","time":216.222530694,"data":"\r 75%|███████▍  | 1.98G/2.64G [02:15\u003c01:53, 5.87MB/s]\r 75%|███████▍  | 1.98G/2.64G [02:16\u003c01:49, 6.05MB/s]\n"}
,{"stream_name":"stderr","time":216.359730975,"data":"\r 75%|███████▍  | 1.98G/2.64G [02:16\u003c01:49, 6.05MB/s]\r 75%|███████▍  | 1.98G/2.64G [02:16\u003c02:00, 5.51MB/s]\n"}
,{"stream_name":"stderr","time":216.493618775,"data":"\r 75%|███████▍  | 1.98G/2.64G [02:16\u003c02:00, 5.51MB/s]\r 75%|███████▍  | 1.98G/2.64G [02:16\u003c02:08, 5.14MB/s]\n"}
,{"stream_name":"stderr","time":216.632127685,"data":"\r 75%|███████▍  | 1.98G/2.64G [02:16\u003c02:08, 5.14MB/s]\r 75%|███████▍  | 1.98G/2.64G [02:16\u003c02:18, 4.78MB/s]\n"}
,{"stream_name":"stderr","time":216.735744551,"data":"\r 75%|███████▍  | 1.98G/2.64G [02:16\u003c02:18, 4.78MB/s]\r 75%|███████▍  | 1.98G/2.64G [02:16\u003c02:16, 4.85MB/s]\n"}
,{"stream_name":"stderr","time":216.862967163,"data":"\r 75%|███████▍  | 1.98G/2.64G [02:16\u003c02:16, 4.85MB/s]\r 75%|███████▍  | 1.98G/2.64G [02:16\u003c02:23, 4.62MB/s]\n"}
,{"stream_name":"stderr","time":216.966456711,"data":"\r 75%|███████▍  | 1.98G/2.64G [02:16\u003c02:23, 4.62MB/s]\r 75%|███████▍  | 1.98G/2.64G [02:16\u003c02:19, 4.74MB/s]\n"}
,{"stream_name":"stderr","time":217.077741346,"data":"\r 75%|███████▍  | 1.98G/2.64G [02:16\u003c02:19, 4.74MB/s]\r 75%|███████▍  | 1.98G/2.64G [02:16\u003c02:22, 4.64MB/s]\n"}
,{"stream_name":"stderr","time":217.18683738,"data":"\r 75%|███████▍  | 1.98G/2.64G [02:16\u003c02:22, 4.64MB/s]\r 75%|███████▍  | 1.98G/2.64G [02:17\u003c02:23, 4.60MB/s]\n"}
,{"stream_name":"stderr","time":217.294835013,"data":"\r 75%|███████▍  | 1.98G/2.64G [02:17\u003c02:23, 4.60MB/s]\r 75%|███████▌  | 1.98G/2.64G [02:17\u003c02:20, 4.68MB/s]\n"}
,{"stream_name":"stderr","time":217.401307579,"data":"\r 75%|███████▌  | 1.98G/2.64G [02:17\u003c02:20, 4.68MB/s]\r 75%|███████▌  | 1.98G/2.64G [02:17\u003c02:21, 4.66MB/s]\n"}
,{"stream_name":"stderr","time":217.510189956,"data":"\r 75%|███████▌  | 1.98G/2.64G [02:17\u003c02:21, 4.66MB/s]\r 75%|███████▌  | 1.98G/2.64G [02:17\u003c02:22, 4.62MB/s]\n"}
,{"stream_name":"stderr","time":217.619501519,"data":"\r 75%|███████▌  | 1.98G/2.64G [02:17\u003c02:22, 4.62MB/s]\r 75%|███████▌  | 1.98G/2.64G [02:17\u003c02:18, 4.76MB/s]\n"}
,{"stream_name":"stderr","time":217.721860715,"data":"\r 75%|███████▌  | 1.98G/2.64G [02:17\u003c02:18, 4.76MB/s]\r 75%|███████▌  | 1.98G/2.64G [02:17\u003c02:17, 4.77MB/s]\n"}
,{"stream_name":"stderr","time":217.827518523,"data":"\r 75%|███████▌  | 1.98G/2.64G [02:17\u003c02:17, 4.77MB/s]\r 75%|███████▌  | 1.98G/2.64G [02:17\u003c02:18, 4.73MB/s]\n"}
,{"stream_name":"stderr","time":217.932064071,"data":"\r 75%|███████▌  | 1.98G/2.64G [02:17\u003c02:18, 4.73MB/s]\r 75%|███████▌  | 1.98G/2.64G [02:17\u003c02:13, 4.91MB/s]\n"}
,{"stream_name":"stderr","time":218.046289363,"data":"\r 75%|███████▌  | 1.98G/2.64G [02:17\u003c02:13, 4.91MB/s]\r 75%|███████▌  | 1.98G/2.64G [02:17\u003c02:16, 4.81MB/s]\n"}
,{"stream_name":"stderr","time":218.157558088,"data":"\r 75%|███████▌  | 1.98G/2.64G [02:17\u003c02:16, 4.81MB/s]\r 75%|███████▌  | 1.98G/2.64G [02:18\u003c02:17, 4.78MB/s]\n"}
,{"stream_name":"stderr","time":218.263813881,"data":"\r 75%|███████▌  | 1.98G/2.64G [02:18\u003c02:17, 4.78MB/s]\r 75%|███████▌  | 1.99G/2.64G [02:18\u003c02:10, 5.01MB/s]\n"}
,{"stream_name":"stderr","time":218.370307439,"data":"\r 75%|███████▌  | 1.99G/2.64G [02:18\u003c02:10, 5.01MB/s]\r 75%|███████▌  | 1.99G/2.64G [02:18\u003c02:11, 4.98MB/s]\n"}
,{"stream_name":"stderr","time":218.482711471,"data":"\r 75%|███████▌  | 1.99G/2.64G [02:18\u003c02:11, 4.98MB/s]\r 75%|███████▌  | 1.99G/2.64G [02:18\u003c02:13, 4.89MB/s]\n"}
,{"stream_name":"stderr","time":218.584094124,"data":"\r 75%|███████▌  | 1.99G/2.64G [02:18\u003c02:13, 4.89MB/s]\r 75%|███████▌  | 1.99G/2.64G [02:18\u003c02:09, 5.06MB/s]\n"}
,{"stream_name":"stderr","time":218.693221489,"data":"\r 75%|███████▌  | 1.99G/2.64G [02:18\u003c02:09, 5.06MB/s]\r 75%|███████▌  | 1.99G/2.64G [02:18\u003c02:11, 4.98MB/s]\n"}
,{"stream_name":"stderr","time":218.820891739,"data":"\r 75%|███████▌  | 1.99G/2.64G [02:18\u003c02:11, 4.98MB/s]\r 75%|███████▌  | 1.99G/2.64G [02:18\u003c02:19, 4.68MB/s]\n"}
,{"stream_name":"stderr","time":218.957588907,"data":"\r 75%|███████▌  | 1.99G/2.64G [02:18\u003c02:19, 4.68MB/s]\r 75%|███████▌  | 1.99G/2.64G [02:18\u003c02:31, 4.31MB/s]\n"}
,{"stream_name":"stderr","time":219.083328977,"data":"\r 75%|███████▌  | 1.99G/2.64G [02:18\u003c02:31, 4.31MB/s]\r 75%|███████▌  | 1.99G/2.64G [02:18\u003c02:38, 4.11MB/s]\n"}
,{"stream_name":"stderr","time":219.20275196,"data":"\r 75%|███████▌  | 1.99G/2.64G [02:18\u003c02:38, 4.11MB/s]\r 75%|███████▌  | 1.99G/2.64G [02:19\u003c02:44, 3.95MB/s]\n"}
,{"stream_name":"stderr","time":219.313698798,"data":"\r 75%|███████▌  | 1.99G/2.64G [02:19\u003c02:44, 3.95MB/s]\r 75%|███████▌  | 1.99G/2.64G [02:19\u003c02:45, 3.92MB/s]\n"}
,{"stream_name":"stderr","time":219.425741805,"data":"\r 75%|███████▌  | 1.99G/2.64G [02:19\u003c02:45, 3.92MB/s]\r 75%|███████▌  | 1.99G/2.64G [02:19\u003c02:47, 3.88MB/s]\n"}
,{"stream_name":"stderr","time":219.544466356,"data":"\r 75%|███████▌  | 1.99G/2.64G [02:19\u003c02:47, 3.88MB/s]\r 75%|███████▌  | 1.99G/2.64G [02:19\u003c02:51, 3.79MB/s]\n"}
,{"stream_name":"stderr","time":219.655071976,"data":"\r 75%|███████▌  | 1.99G/2.64G [02:19\u003c02:51, 3.79MB/s]\r 75%|███████▌  | 1.99G/2.64G [02:19\u003c02:50, 3.81MB/s]\n"}
,{"stream_name":"stderr","time":219.756618481,"data":"\r 75%|███████▌  | 1.99G/2.64G [02:19\u003c02:50, 3.81MB/s]\r 75%|███████▌  | 1.99G/2.64G [02:19\u003c02:45, 3.91MB/s]\n"}
,{"stream_name":"stderr","time":219.869079701,"data":"\r 75%|███████▌  | 1.99G/2.64G [02:19\u003c02:45, 3.91MB/s]\r 75%|███████▌  | 1.99G/2.64G [02:19\u003c02:47, 3.88MB/s]\n"}
,{"stream_name":"stderr","time":219.97913606,"data":"\r 75%|███████▌  | 1.99G/2.64G [02:19\u003c02:47, 3.88MB/s]\r 75%|███████▌  | 1.99G/2.64G [02:19\u003c02:43, 3.96MB/s]\n"}
,{"stream_name":"stderr","time":220.080611141,"data":"\r 75%|███████▌  | 1.99G/2.64G [02:19\u003c02:43, 3.96MB/s]\r 75%|███████▌  | 1.99G/2.64G [02:19\u003c02:40, 4.03MB/s]\n"}
,{"stream_name":"stderr","time":220.193100868,"data":"\r 75%|███████▌  | 1.99G/2.64G [02:19\u003c02:40, 4.03MB/s]\r 75%|███████▌  | 1.99G/2.64G [02:20\u003c02:43, 3.96MB/s]\n"}
,{"stream_name":"stderr","time":220.303467348,"data":"\r 75%|███████▌  | 1.99G/2.64G [02:20\u003c02:43, 3.96MB/s]\r 76%|███████▌  | 1.99G/2.64G [02:20\u003c02:41, 4.02MB/s]\n"}
,{"stream_name":"stderr","time":220.404520782,"data":"\r 76%|███████▌  | 1.99G/2.64G [02:20\u003c02:41, 4.02MB/s]\r 76%|███████▌  | 1.99G/2.64G [02:20\u003c02:38, 4.07MB/s]\n"}
,{"stream_name":"stderr","time":220.517333057,"data":"\r 76%|███████▌  | 1.99G/2.64G [02:20\u003c02:38, 4.07MB/s]\r 76%|███████▌  | 1.99G/2.64G [02:20\u003c02:38, 4.08MB/s]\n"}
,{"stream_name":"stderr","time":220.627213589,"data":"\r 76%|███████▌  | 1.99G/2.64G [02:20\u003c02:38, 4.08MB/s]\r 76%|███████▌  | 2.00G/2.64G [02:20\u003c02:37, 4.10MB/s]\n"}
,{"stream_name":"stderr","time":220.728110049,"data":"\r 76%|███████▌  | 2.00G/2.64G [02:20\u003c02:37, 4.10MB/s]\r 76%|███████▌  | 2.00G/2.64G [02:20\u003c02:35, 4.14MB/s]\n"}
,{"stream_name":"stderr","time":220.840221683,"data":"\r 76%|███████▌  | 2.00G/2.64G [02:20\u003c02:35, 4.14MB/s]\r 76%|███████▌  | 2.00G/2.64G [02:20\u003c02:36, 4.12MB/s]\n"}
,{"stream_name":"stderr","time":220.952062311,"data":"\r 76%|███████▌  | 2.00G/2.64G [02:20\u003c02:36, 4.12MB/s]\r 76%|███████▌  | 2.00G/2.64G [02:20\u003c02:36, 4.12MB/s]\n"}
,{"stream_name":"stderr","time":221.052055196,"data":"\r 76%|███████▌  | 2.00G/2.64G [02:20\u003c02:36, 4.12MB/s]\r 76%|███████▌  | 2.00G/2.64G [02:20\u003c02:31, 4.25MB/s]\n"}
,{"stream_name":"stderr","time":221.165340323,"data":"\r 76%|███████▌  | 2.00G/2.64G [02:20\u003c02:31, 4.25MB/s]\r 76%|███████▌  | 2.00G/2.64G [02:21\u003c02:36, 4.10MB/s]\n"}
,{"stream_name":"stderr","time":221.276725139,"data":"\r 76%|███████▌  | 2.00G/2.64G [02:21\u003c02:36, 4.10MB/s]\r 76%|███████▌  | 2.00G/2.64G [02:21\u003c02:32, 4.20MB/s]\n"}
,{"stream_name":"stderr","time":221.376119592,"data":"\r 76%|███████▌  | 2.00G/2.64G [02:21\u003c02:32, 4.20MB/s]\r 76%|███████▌  | 2.00G/2.64G [02:21\u003c02:29, 4.31MB/s]\n"}
,{"stream_name":"stderr","time":221.489025974,"data":"\r 76%|███████▌  | 2.00G/2.64G [02:21\u003c02:29, 4.31MB/s]\r 76%|███████▌  | 2.00G/2.64G [02:21\u003c02:31, 4.23MB/s]\n"}
,{"stream_name":"stderr","time":221.599441663,"data":"\r 76%|███████▌  | 2.00G/2.64G [02:21\u003c02:31, 4.23MB/s]\r 76%|███████▌  | 2.00G/2.64G [02:21\u003c02:32, 4.21MB/s]\n"}
,{"stream_name":"stderr","time":221.700079133,"data":"\r 76%|███████▌  | 2.00G/2.64G [02:21\u003c02:32, 4.21MB/s]\r 76%|███████▌  | 2.00G/2.64G [02:21\u003c02:31, 4.22MB/s]\n"}
,{"stream_name":"stderr","time":221.813545976,"data":"\r 76%|███████▌  | 2.00G/2.64G [02:21\u003c02:31, 4.22MB/s]\r 76%|███████▌  | 2.00G/2.64G [02:21\u003c02:33, 4.16MB/s]\n"}
,{"stream_name":"stderr","time":221.923953517,"data":"\r 76%|███████▌  | 2.00G/2.64G [02:21\u003c02:33, 4.16MB/s]\r 76%|███████▌  | 2.00G/2.64G [02:21\u003c02:30, 4.25MB/s]\n"}
,{"stream_name":"stderr","time":222.024253826,"data":"\r 76%|███████▌  | 2.00G/2.64G [02:21\u003c02:30, 4.25MB/s]\r 76%|███████▌  | 2.00G/2.64G [02:21\u003c02:27, 4.34MB/s]\n"}
,{"stream_name":"stderr","time":222.137544404,"data":"\r 76%|███████▌  | 2.00G/2.64G [02:21\u003c02:27, 4.34MB/s]\r 76%|███████▌  | 2.00G/2.64G [02:22\u003c02:30, 4.25MB/s]\n"}
,{"stream_name":"stderr","time":222.248385041,"data":"\r 76%|███████▌  | 2.00G/2.64G [02:22\u003c02:30, 4.25MB/s]\r 76%|███████▌  | 2.00G/2.64G [02:22\u003c02:31, 4.21MB/s]\n"}
,{"stream_name":"stderr","time":222.348963625,"data":"\r 76%|███████▌  | 2.00G/2.64G [02:22\u003c02:31, 4.21MB/s]\r 76%|███████▌  | 2.00G/2.64G [02:22\u003c02:27, 4.31MB/s]\n"}
,{"stream_name":"stderr","time":222.461595977,"data":"\r 76%|███████▌  | 2.00G/2.64G [02:22\u003c02:27, 4.31MB/s]\r 76%|███████▌  | 2.00G/2.64G [02:22\u003c02:30, 4.24MB/s]\n"}
,{"stream_name":"stderr","time":222.573287808,"data":"\r 76%|███████▌  | 2.00G/2.64G [02:22\u003c02:30, 4.24MB/s]\r 76%|███████▌  | 2.00G/2.64G [02:22\u003c02:31, 4.20MB/s]\n"}
,{"stream_name":"stderr","time":222.694410013,"data":"\r 76%|███████▌  | 2.00G/2.64G [02:22\u003c02:31, 4.20MB/s]\r 76%|███████▌  | 2.00G/2.64G [02:22\u003c02:33, 4.15MB/s]\n"}
,{"stream_name":"stderr","time":222.804118574,"data":"\r 76%|███████▌  | 2.00G/2.64G [02:22\u003c02:33, 4.15MB/s]\r 76%|███████▌  | 2.00G/2.64G [02:22\u003c02:29, 4.25MB/s]\n"}
,{"stream_name":"stderr","time":222.926417,"data":"\r 76%|███████▌  | 2.00G/2.64G [02:22\u003c02:29, 4.25MB/s]\r 76%|███████▌  | 2.00G/2.64G [02:22\u003c02:32, 4.18MB/s]\n"}
,{"stream_name":"stderr","time":223.035083821,"data":"\r 76%|███████▌  | 2.00G/2.64G [02:22\u003c02:32, 4.18MB/s]\r 76%|███████▌  | 2.01G/2.64G [02:22\u003c02:28, 4.28MB/s]\n"}
,{"stream_name":"stderr","time":223.136074534,"data":"\r 76%|███████▌  | 2.01G/2.64G [02:22\u003c02:28, 4.28MB/s]\r 76%|███████▌  | 2.01G/2.64G [02:23\u003c02:22, 4.44MB/s]\n"}
,{"stream_name":"stderr","time":223.251405361,"data":"\r 76%|███████▌  | 2.01G/2.64G [02:23\u003c02:22, 4.44MB/s]\r 76%|███████▌  | 2.01G/2.64G [02:23\u003c02:27, 4.30MB/s]\n"}
,{"stream_name":"stderr","time":223.358320525,"data":"\r 76%|███████▌  | 2.01G/2.64G [02:23\u003c02:27, 4.30MB/s]\r 76%|███████▌  | 2.01G/2.64G [02:23\u003c02:27, 4.29MB/s]\n"}
,{"stream_name":"stderr","time":223.45854504,"data":"\r 76%|███████▌  | 2.01G/2.64G [02:23\u003c02:27, 4.29MB/s]\r 76%|███████▌  | 2.01G/2.64G [02:23\u003c02:24, 4.37MB/s]\n"}
,{"stream_name":"stderr","time":223.575214867,"data":"\r 76%|███████▌  | 2.01G/2.64G [02:23\u003c02:24, 4.37MB/s]\r 76%|███████▌  | 2.01G/2.64G [02:23\u003c02:29, 4.23MB/s]\n"}
,{"stream_name":"stderr","time":223.682249484,"data":"\r 76%|███████▌  | 2.01G/2.64G [02:23\u003c02:29, 4.23MB/s]\r 76%|███████▌  | 2.01G/2.64G [02:23\u003c02:32, 4.16MB/s]\n"}
,{"stream_name":"stderr","time":223.822200838,"data":"\r 76%|███████▌  | 2.01G/2.64G [02:23\u003c02:32, 4.16MB/s]\r 76%|███████▌  | 2.01G/2.64G [02:23\u003c02:47, 3.76MB/s]\n"}
,{"stream_name":"stderr","time":223.922762553,"data":"\r 76%|███████▌  | 2.01G/2.64G [02:23\u003c02:47, 3.76MB/s]\r 76%|███████▌  | 2.01G/2.64G [02:23\u003c02:45, 3.81MB/s]\n"}
,{"stream_name":"stderr","time":224.053129978,"data":"\r 76%|███████▌  | 2.01G/2.64G [02:23\u003c02:45, 3.81MB/s]\r 76%|███████▌  | 2.01G/2.64G [02:23\u003c02:58, 3.54MB/s]\n"}
,{"stream_name":"stderr","time":224.154131607,"data":"\r 76%|███████▌  | 2.01G/2.64G [02:23\u003c02:58, 3.54MB/s]\r 76%|███████▌  | 2.01G/2.64G [02:24\u003c02:53, 3.64MB/s]\n"}
,{"stream_name":"stderr","time":224.284392949,"data":"\r 76%|███████▌  | 2.01G/2.64G [02:24\u003c02:53, 3.64MB/s]\r 76%|███████▌  | 2.01G/2.64G [02:24\u003c03:03, 3.43MB/s]\n"}
,{"stream_name":"stderr","time":224.407204671,"data":"\r 76%|███████▌  | 2.01G/2.64G [02:24\u003c03:03, 3.43MB/s]\r 76%|███████▌  | 2.01G/2.64G [02:24\u003c03:12, 3.28MB/s]\n"}
,{"stream_name":"stderr","time":224.545334931,"data":"\r 76%|███████▌  | 2.01G/2.64G [02:24\u003c03:12, 3.28MB/s]\r 76%|███████▌  | 2.01G/2.64G [02:24\u003c03:25, 3.06MB/s]\n"}
,{"stream_name":"stderr","time":224.662811671,"data":"\r 76%|███████▌  | 2.01G/2.64G [02:24\u003c03:25, 3.06MB/s]\r 76%|███████▌  | 2.01G/2.64G [02:24\u003c03:31, 2.98MB/s]\n"}
,{"stream_name":"stderr","time":224.800422374,"data":"\r 76%|███████▌  | 2.01G/2.64G [02:24\u003c03:31, 2.98MB/s]\r 76%|███████▌  | 2.01G/2.64G [02:24\u003c03:45, 2.79MB/s]\n"}
,{"stream_name":"stderr","time":224.921521029,"data":"\r 76%|███████▌  | 2.01G/2.64G [02:24\u003c03:45, 2.79MB/s]\r 76%|███████▌  | 2.01G/2.64G [02:24\u003c03:54, 2.69MB/s]\n"}
,{"stream_name":"stderr","time":225.031516463,"data":"\r 76%|███████▌  | 2.01G/2.64G [02:24\u003c03:54, 2.69MB/s]\r 76%|███████▌  | 2.01G/2.64G [02:24\u003c03:54, 2.68MB/s]\n"}
,{"stream_name":"stderr","time":225.147288861,"data":"\r 76%|███████▌  | 2.01G/2.64G [02:24\u003c03:54, 2.68MB/s]\r 76%|███████▌  | 2.01G/2.64G [02:25\u003c03:57, 2.64MB/s]\n"}
,{"stream_name":"stderr","time":225.254805062,"data":"\r 76%|███████▌  | 2.01G/2.64G [02:25\u003c03:57, 2.64MB/s]\r 76%|███████▌  | 2.01G/2.64G [02:25\u003c03:55, 2.67MB/s]\n"}
,{"stream_name":"stderr","time":225.355168271,"data":"\r 76%|███████▌  | 2.01G/2.64G [02:25\u003c03:55, 2.67MB/s]\r 76%|███████▌  | 2.01G/2.64G [02:25\u003c03:48, 2.74MB/s]\n"}
,{"stream_name":"stderr","time":225.470642314,"data":"\r 76%|███████▌  | 2.01G/2.64G [02:25\u003c03:48, 2.74MB/s]\r 76%|███████▌  | 2.01G/2.64G [02:25\u003c03:53, 2.68MB/s]\n"}
,{"stream_name":"stderr","time":225.586058735,"data":"\r 76%|███████▌  | 2.01G/2.64G [02:25\u003c03:53, 2.68MB/s]\r 76%|███████▋  | 2.01G/2.64G [02:25\u003c03:57, 2.64MB/s]\n"}
,{"stream_name":"stderr","time":225.701746188,"data":"\r 76%|███████▋  | 2.01G/2.64G [02:25\u003c03:57, 2.64MB/s]\r 76%|███████▋  | 2.01G/2.64G [02:25\u003c03:51, 2.70MB/s]\n"}
,{"stream_name":"stderr","time":225.810105852,"data":"\r 76%|███████▋  | 2.01G/2.64G [02:25\u003c03:51, 2.70MB/s]\r 76%|███████▋  | 2.01G/2.64G [02:25\u003c03:51, 2.71MB/s]\n"}
,{"stream_name":"stderr","time":225.933065144,"data":"\r 76%|███████▋  | 2.01G/2.64G [02:25\u003c03:51, 2.71MB/s]\r 76%|███████▋  | 2.01G/2.64G [02:25\u003c03:45, 2.78MB/s]\n"}
,{"stream_name":"stderr","time":226.040955562,"data":"\r 76%|███████▋  | 2.01G/2.64G [02:25\u003c03:45, 2.78MB/s]\r 76%|███████▋  | 2.01G/2.64G [02:25\u003c03:46, 2.77MB/s]\n"}
,{"stream_name":"stderr","time":226.164111852,"data":"\r 76%|███████▋  | 2.01G/2.64G [02:25\u003c03:46, 2.77MB/s]\r 76%|███████▋  | 2.02G/2.64G [02:26\u003c03:41, 2.82MB/s]\n"}
,{"stream_name":"stderr","time":226.271748857,"data":"\r 76%|███████▋  | 2.02G/2.64G [02:26\u003c03:41, 2.82MB/s]\r 76%|███████▋  | 2.02G/2.64G [02:26\u003c03:43, 2.80MB/s]\n"}
,{"stream_name":"stderr","time":226.395140251,"data":"\r 76%|███████▋  | 2.02G/2.64G [02:26\u003c03:43, 2.80MB/s]\r 76%|███████▋  | 2.02G/2.64G [02:26\u003c03:40, 2.83MB/s]\n"}
,{"stream_name":"stderr","time":226.502375027,"data":"\r 76%|███████▋  | 2.02G/2.64G [02:26\u003c03:40, 2.83MB/s]\r 76%|███████▋  | 2.02G/2.64G [02:26\u003c03:42, 2.81MB/s]\n"}
,{"stream_name":"stderr","time":226.602581742,"data":"\r 76%|███████▋  | 2.02G/2.64G [02:26\u003c03:42, 2.81MB/s]\r 76%|███████▋  | 2.02G/2.64G [02:26\u003c03:32, 2.94MB/s]\n"}
,{"stream_name":"stderr","time":226.718623626,"data":"\r 76%|███████▋  | 2.02G/2.64G [02:26\u003c03:32, 2.94MB/s]\r 76%|███████▋  | 2.02G/2.64G [02:26\u003c03:41, 2.81MB/s]\n"}
,{"stream_name":"stderr","time":226.825893356,"data":"\r 76%|███████▋  | 2.02G/2.64G [02:26\u003c03:41, 2.81MB/s]\r 76%|███████▋  | 2.02G/2.64G [02:26\u003c03:43, 2.79MB/s]\n"}
,{"stream_name":"stderr","time":226.949030473,"data":"\r 76%|███████▋  | 2.02G/2.64G [02:26\u003c03:43, 2.79MB/s]\r 76%|███████▋  | 2.02G/2.64G [02:26\u003c03:39, 2.84MB/s]\n"}
,{"stream_name":"stderr","time":227.064752098,"data":"\r 76%|███████▋  | 2.02G/2.64G [02:26\u003c03:39, 2.84MB/s]\r 76%|███████▋  | 2.02G/2.64G [02:26\u003c03:39, 2.84MB/s]\n"}
,{"stream_name":"stderr","time":227.181072498,"data":"\r 76%|███████▋  | 2.02G/2.64G [02:26\u003c03:39, 2.84MB/s]\r 76%|███████▋  | 2.02G/2.64G [02:27\u003c03:33, 2.92MB/s]\n"}
,{"stream_name":"stderr","time":227.287289149,"data":"\r 76%|███████▋  | 2.02G/2.64G [02:27\u003c03:33, 2.92MB/s]\r 76%|███████▋  | 2.02G/2.64G [02:27\u003c03:36, 2.88MB/s]\n"}
,{"stream_name":"stderr","time":227.388696942,"data":"\r 76%|███████▋  | 2.02G/2.64G [02:27\u003c03:36, 2.88MB/s]\r 76%|███████▋  | 2.02G/2.64G [02:27\u003c03:35, 2.89MB/s]\n"}
,{"stream_name":"stderr","time":227.502786171,"data":"\r 76%|███████▋  | 2.02G/2.64G [02:27\u003c03:35, 2.89MB/s]\r 76%|███████▋  | 2.02G/2.64G [02:27\u003c03:35, 2.88MB/s]\n"}
,{"stream_name":"stderr","time":227.61031079,"data":"\r 76%|███████▋  | 2.02G/2.64G [02:27\u003c03:35, 2.88MB/s]\r 76%|███████▋  | 2.02G/2.64G [02:27\u003c03:38, 2.84MB/s]\n"}
,{"stream_name":"stderr","time":227.711223142,"data":"\r 76%|███████▋  | 2.02G/2.64G [02:27\u003c03:38, 2.84MB/s]\r 76%|███████▋  | 2.02G/2.64G [02:27\u003c03:36, 2.86MB/s]\n"}
,{"stream_name":"stderr","time":227.827101984,"data":"\r 76%|███████▋  | 2.02G/2.64G [02:27\u003c03:36, 2.86MB/s]\r 77%|███████▋  | 2.02G/2.64G [02:27\u003c03:30, 2.94MB/s]\n"}
,{"stream_name":"stderr","time":227.932905754,"data":"\r 77%|███████▋  | 2.02G/2.64G [02:27\u003c03:30, 2.94MB/s]\r 77%|███████▋  | 2.02G/2.64G [02:27\u003c03:34, 2.90MB/s]\n"}
,{"stream_name":"stderr","time":228.034111821,"data":"\r 77%|███████▋  | 2.02G/2.64G [02:27\u003c03:34, 2.90MB/s]\r 77%|███████▋  | 2.02G/2.64G [02:27\u003c03:33, 2.90MB/s]\n"}
,{"stream_name":"stderr","time":228.148503453,"data":"\r 77%|███████▋  | 2.02G/2.64G [02:27\u003c03:33, 2.90MB/s]\r 77%|███████▋  | 2.02G/2.64G [02:28\u003c03:34, 2.89MB/s]\n"}
,{"stream_name":"stderr","time":228.256726888,"data":"\r 77%|███████▋  | 2.02G/2.64G [02:28\u003c03:34, 2.89MB/s]\r 77%|███████▋  | 2.02G/2.64G [02:28\u003c03:38, 2.84MB/s]\n"}
,{"stream_name":"stderr","time":228.357142271,"data":"\r 77%|███████▋  | 2.02G/2.64G [02:28\u003c03:38, 2.84MB/s]\r 77%|███████▋  | 2.02G/2.64G [02:28\u003c03:35, 2.87MB/s]\n"}
,{"stream_name":"stderr","time":228.471306136,"data":"\r 77%|███████▋  | 2.02G/2.64G [02:28\u003c03:35, 2.87MB/s]\r 77%|███████▋  | 2.02G/2.64G [02:28\u003c03:35, 2.87MB/s]\n"}
,{"stream_name":"stderr","time":228.579853049,"data":"\r 77%|███████▋  | 2.02G/2.64G [02:28\u003c03:35, 2.87MB/s]\r 77%|███████▋  | 2.02G/2.64G [02:28\u003c03:32, 2.91MB/s]\n"}
,{"stream_name":"stderr","time":228.680290792,"data":"\r 77%|███████▋  | 2.02G/2.64G [02:28\u003c03:32, 2.91MB/s]\r 77%|███████▋  | 2.02G/2.64G [02:28\u003c03:31, 2.92MB/s]\n"}
,{"stream_name":"stderr","time":228.79573016,"data":"\r 77%|███████▋  | 2.02G/2.64G [02:28\u003c03:31, 2.92MB/s]\r 77%|███████▋  | 2.02G/2.64G [02:28\u003c03:33, 2.89MB/s]\n"}
,{"stream_name":"stderr","time":228.903210654,"data":"\r 77%|███████▋  | 2.02G/2.64G [02:28\u003c03:33, 2.89MB/s]\r 77%|███████▋  | 2.02G/2.64G [02:28\u003c03:36, 2.85MB/s]\n"}
,{"stream_name":"stderr","time":229.00330162,"data":"\r 77%|███████▋  | 2.02G/2.64G [02:28\u003c03:36, 2.85MB/s]\r 77%|███████▋  | 2.02G/2.64G [02:28\u003c03:34, 2.88MB/s]\n"}
,{"stream_name":"stderr","time":229.118652041,"data":"\r 77%|███████▋  | 2.02G/2.64G [02:28\u003c03:34, 2.88MB/s]\r 77%|███████▋  | 2.02G/2.64G [02:28\u003c03:35, 2.87MB/s]\n"}
,{"stream_name":"stderr","time":229.228820008,"data":"\r 77%|███████▋  | 2.02G/2.64G [02:28\u003c03:35, 2.87MB/s]\r 77%|███████▋  | 2.02G/2.64G [02:29\u003c03:32, 2.90MB/s]\n"}
,{"stream_name":"stderr","time":229.350791434,"data":"\r 77%|███████▋  | 2.02G/2.64G [02:29\u003c03:32, 2.90MB/s]\r 77%|███████▋  | 2.02G/2.64G [02:29\u003c03:31, 2.92MB/s]\n"}
,{"stream_name":"stderr","time":229.458808816,"data":"\r 77%|███████▋  | 2.02G/2.64G [02:29\u003c03:31, 2.92MB/s]\r 77%|███████▋  | 2.02G/2.64G [02:29\u003c03:35, 2.86MB/s]\n"}
,{"stream_name":"stderr","time":229.580539831,"data":"\r 77%|███████▋  | 2.02G/2.64G [02:29\u003c03:35, 2.86MB/s]\r 77%|███████▋  | 2.02G/2.64G [02:29\u003c03:32, 2.90MB/s]\n"}
,{"stream_name":"stderr","time":229.689801457,"data":"\r 77%|███████▋  | 2.02G/2.64G [02:29\u003c03:32, 2.90MB/s]\r 77%|███████▋  | 2.03G/2.64G [02:29\u003c03:30, 2.92MB/s]\n"}
,{"stream_name":"stderr","time":229.811978429,"data":"\r 77%|███████▋  | 2.03G/2.64G [02:29\u003c03:30, 2.92MB/s]\r 77%|███████▋  | 2.03G/2.64G [02:29\u003c03:29, 2.93MB/s]\n"}
,{"stream_name":"stderr","time":229.925079825,"data":"\r 77%|███████▋  | 2.03G/2.64G [02:29\u003c03:29, 2.93MB/s]\r 77%|███████▋  | 2.03G/2.64G [02:29\u003c03:30, 2.92MB/s]\n"}
,{"stream_name":"stderr","time":230.043684521,"data":"\r 77%|███████▋  | 2.03G/2.64G [02:29\u003c03:30, 2.92MB/s]\r 77%|███████▋  | 2.03G/2.64G [02:29\u003c03:27, 2.96MB/s]\n"}
,{"stream_name":"stderr","time":230.151526675,"data":"\r 77%|███████▋  | 2.03G/2.64G [02:29\u003c03:27, 2.96MB/s]\r 77%|███████▋  | 2.03G/2.64G [02:30\u003c03:25, 2.98MB/s]\n"}
,{"stream_name":"stderr","time":230.323900869,"data":"\r 77%|███████▋  | 2.03G/2.64G [02:30\u003c03:25, 2.98MB/s]\r 77%|███████▋  | 2.03G/2.64G [02:30\u003c03:26, 2.97MB/s]\n"}
,{"stream_name":"stderr","time":230.383781632,"data":"\r 77%|███████▋  | 2.03G/2.64G [02:30\u003c03:26, 2.97MB/s]\r 77%|███████▋  | 2.03G/2.64G [02:30\u003c03:26, 2.97MB/s]\n"}
,{"stream_name":"stderr","time":230.505536746,"data":"\r 77%|███████▋  | 2.03G/2.64G [02:30\u003c03:26, 2.97MB/s]\r 77%|███████▋  | 2.03G/2.64G [02:30\u003c03:20, 3.05MB/s]\n"}
,{"stream_name":"stderr","time":230.614639944,"data":"\r 77%|███████▋  | 2.03G/2.64G [02:30\u003c03:20, 3.05MB/s]\r 77%|███████▋  | 2.03G/2.64G [02:30\u003c03:21, 3.04MB/s]\n"}
,{"stream_name":"stderr","time":230.736785959,"data":"\r 77%|███████▋  | 2.03G/2.64G [02:30\u003c03:21, 3.04MB/s]\r 77%|███████▋  | 2.03G/2.64G [02:30\u003c03:17, 3.10MB/s]\n"}
,{"stream_name":"stderr","time":230.84819948,"data":"\r 77%|███████▋  | 2.03G/2.64G [02:30\u003c03:17, 3.10MB/s]\r 77%|███████▋  | 2.03G/2.64G [02:30\u003c03:14, 3.14MB/s]\n"}
,{"stream_name":"stderr","time":230.968717686,"data":"\r 77%|███████▋  | 2.03G/2.64G [02:30\u003c03:14, 3.14MB/s]\r 77%|███████▋  | 2.03G/2.64G [02:30\u003c03:12, 3.18MB/s]\n"}
,{"stream_name":"stderr","time":231.077975063,"data":"\r 77%|███████▋  | 2.03G/2.64G [02:30\u003c03:12, 3.18MB/s]\r 77%|███████▋  | 2.03G/2.64G [02:30\u003c03:10, 3.21MB/s]\n"}
,{"stream_name":"stderr","time":231.200646707,"data":"\r 77%|███████▋  | 2.03G/2.64G [02:30\u003c03:10, 3.21MB/s]\r 77%|███████▋  | 2.03G/2.64G [02:31\u003c03:09, 3.22MB/s]\n"}
,{"stream_name":"stderr","time":231.308137005,"data":"\r 77%|███████▋  | 2.03G/2.64G [02:31\u003c03:09, 3.22MB/s]\r 77%|███████▋  | 2.03G/2.64G [02:31\u003c03:07, 3.25MB/s]\n"}
,{"stream_name":"stderr","time":231.4308349,"data":"\r 77%|███████▋  | 2.03G/2.64G [02:31\u003c03:07, 3.25MB/s]\r 77%|███████▋  | 2.03G/2.64G [02:31\u003c03:03, 3.32MB/s]\n"}
,{"stream_name":"stderr","time":231.539057359,"data":"\r 77%|███████▋  | 2.03G/2.64G [02:31\u003c03:03, 3.32MB/s]\r 77%|███████▋  | 2.03G/2.64G [02:31\u003c02:58, 3.41MB/s]\n"}
,{"stream_name":"stderr","time":231.662009558,"data":"\r 77%|███████▋  | 2.03G/2.64G [02:31\u003c02:58, 3.41MB/s]\r 77%|███████▋  | 2.03G/2.64G [02:31\u003c02:57, 3.43MB/s]\n"}
,{"stream_name":"stderr","time":231.769942434,"data":"\r 77%|███████▋  | 2.03G/2.64G [02:31\u003c02:57, 3.43MB/s]\r 77%|███████▋  | 2.03G/2.64G [02:31\u003c02:54, 3.49MB/s]\n"}
,{"stream_name":"stderr","time":231.892886813,"data":"\r 77%|███████▋  | 2.03G/2.64G [02:31\u003c02:54, 3.49MB/s]\r 77%|███████▋  | 2.03G/2.64G [02:31\u003c02:50, 3.56MB/s]\n"}
,{"stream_name":"stderr","time":232.001120164,"data":"\r 77%|███████▋  | 2.03G/2.64G [02:31\u003c02:50, 3.56MB/s]\r 77%|███████▋  | 2.03G/2.64G [02:31\u003c02:49, 3.58MB/s]\n"}
,{"stream_name":"stderr","time":232.123865877,"data":"\r 77%|███████▋  | 2.03G/2.64G [02:31\u003c02:49, 3.58MB/s]\r 77%|███████▋  | 2.03G/2.64G [02:31\u003c02:43, 3.72MB/s]\n"}
,{"stream_name":"stderr","time":232.232690391,"data":"\r 77%|███████▋  | 2.03G/2.64G [02:31\u003c02:43, 3.72MB/s]\r 77%|███████▋  | 2.03G/2.64G [02:32\u003c02:40, 3.77MB/s]\n"}
,{"stream_name":"stderr","time":232.333209509,"data":"\r 77%|███████▋  | 2.03G/2.64G [02:32\u003c02:40, 3.77MB/s]\r 77%|███████▋  | 2.03G/2.64G [02:32\u003c02:31, 3.99MB/s]\n"}
,{"stream_name":"stderr","time":232.448075476,"data":"\r 77%|███████▋  | 2.03G/2.64G [02:32\u003c02:31, 3.99MB/s]\r 77%|███████▋  | 2.03G/2.64G [02:32\u003c02:35, 3.90MB/s]\n"}
,{"stream_name":"stderr","time":232.559349403,"data":"\r 77%|███████▋  | 2.03G/2.64G [02:32\u003c02:35, 3.90MB/s]\r 77%|███████▋  | 2.04G/2.64G [02:32\u003c02:35, 3.90MB/s]\n"}
,{"stream_name":"stderr","time":232.679453849,"data":"\r 77%|███████▋  | 2.04G/2.64G [02:32\u003c02:35, 3.90MB/s]\r 77%|███████▋  | 2.04G/2.64G [02:32\u003c02:29, 4.03MB/s]\n"}
,{"stream_name":"stderr","time":232.788106133,"data":"\r 77%|███████▋  | 2.04G/2.64G [02:32\u003c02:29, 4.03MB/s]\r 77%|███████▋  | 2.04G/2.64G [02:32\u003c02:28, 4.08MB/s]\n"}
,{"stream_name":"stderr","time":232.910002421,"data":"\r 77%|███████▋  | 2.04G/2.64G [02:32\u003c02:28, 4.08MB/s]\r 77%|███████▋  | 2.04G/2.64G [02:32\u003c02:22, 4.24MB/s]\n"}
,{"stream_name":"stderr","time":233.019461647,"data":"\r 77%|███████▋  | 2.04G/2.64G [02:32\u003c02:22, 4.24MB/s]\r 77%|███████▋  | 2.04G/2.64G [02:32\u003c02:19, 4.31MB/s]\n"}
,{"stream_name":"stderr","time":233.129069375,"data":"\r 77%|███████▋  | 2.04G/2.64G [02:32\u003c02:19, 4.31MB/s]\r 77%|███████▋  | 2.04G/2.64G [02:32\u003c02:12, 4.53MB/s]\n"}
,{"stream_name":"stderr","time":233.232775981,"data":"\r 77%|███████▋  | 2.04G/2.64G [02:32\u003c02:12, 4.53MB/s]\r 77%|███████▋  | 2.04G/2.64G [02:33\u003c02:13, 4.50MB/s]\n"}
,{"stream_name":"stderr","time":233.343002244,"data":"\r 77%|███████▋  | 2.04G/2.64G [02:33\u003c02:13, 4.50MB/s]\r 77%|███████▋  | 2.04G/2.64G [02:33\u003c02:08, 4.67MB/s]\n"}
,{"stream_name":"stderr","time":233.459307592,"data":"\r 77%|███████▋  | 2.04G/2.64G [02:33\u003c02:08, 4.67MB/s]\r 77%|███████▋  | 2.04G/2.64G [02:33\u003c02:05, 4.79MB/s]\n"}
,{"stream_name":"stderr","time":233.567906387,"data":"\r 77%|███████▋  | 2.04G/2.64G [02:33\u003c02:05, 4.79MB/s]\r 77%|███████▋  | 2.04G/2.64G [02:33\u003c02:02, 4.89MB/s]\n"}
,{"stream_name":"stderr","time":233.669285198,"data":"\r 77%|███████▋  | 2.04G/2.64G [02:33\u003c02:02, 4.89MB/s]\r 77%|███████▋  | 2.04G/2.64G [02:33\u003c01:54, 5.25MB/s]\n"}
,{"stream_name":"stderr","time":233.786422724,"data":"\r 77%|███████▋  | 2.04G/2.64G [02:33\u003c01:54, 5.25MB/s]\r 77%|███████▋  | 2.04G/2.64G [02:33\u003c01:57, 5.09MB/s]\n"}
,{"stream_name":"stderr","time":233.890616415,"data":"\r 77%|███████▋  | 2.04G/2.64G [02:33\u003c01:57, 5.09MB/s]\r 77%|███████▋  | 2.04G/2.64G [02:33\u003c01:53, 5.26MB/s]\n"}
,{"stream_name":"stderr","time":233.998025192,"data":"\r 77%|███████▋  | 2.04G/2.64G [02:33\u003c01:53, 5.26MB/s]\r 77%|███████▋  | 2.04G/2.64G [02:33\u003c01:46, 5.60MB/s]\n"}
,{"stream_name":"stderr","time":234.109728449,"data":"\r 77%|███████▋  | 2.04G/2.64G [02:33\u003c01:46, 5.60MB/s]\r 77%|███████▋  | 2.04G/2.64G [02:33\u003c01:48, 5.50MB/s]\n"}
,{"stream_name":"stderr","time":234.219560188,"data":"\r 77%|███████▋  | 2.04G/2.64G [02:33\u003c01:48, 5.50MB/s]\r 77%|███████▋  | 2.04G/2.64G [02:34\u003c01:45, 5.64MB/s]\n"}
,{"stream_name":"stderr","time":234.320920845,"data":"\r 77%|███████▋  | 2.04G/2.64G [02:34\u003c01:45, 5.64MB/s]\r 77%|███████▋  | 2.04G/2.64G [02:34\u003c01:38, 6.05MB/s]\n"}
,{"stream_name":"stderr","time":234.427236933,"data":"\r 77%|███████▋  | 2.04G/2.64G [02:34\u003c01:38, 6.05MB/s]\r 77%|███████▋  | 2.04G/2.64G [02:34\u003c01:39, 6.00MB/s]\n"}
,{"stream_name":"stderr","time":234.530856933,"data":"\r 77%|███████▋  | 2.04G/2.64G [02:34\u003c01:39, 6.00MB/s]\r 77%|███████▋  | 2.05G/2.64G [02:34\u003c01:36, 6.18MB/s]\n"}
,{"stream_name":"stderr","time":234.634048589,"data":"\r 77%|███████▋  | 2.05G/2.64G [02:34\u003c01:36, 6.18MB/s]\r 77%|███████▋  | 2.05G/2.64G [02:34\u003c01:35, 6.24MB/s]\n"}
,{"stream_name":"stderr","time":234.733874973,"data":"\r 77%|███████▋  | 2.05G/2.64G [02:34\u003c01:35, 6.24MB/s]\r 78%|███████▊  | 2.05G/2.64G [02:34\u003c01:28, 6.71MB/s]\n"}
,{"stream_name":"stderr","time":234.835499239,"data":"\r 78%|███████▊  | 2.05G/2.64G [02:34\u003c01:28, 6.71MB/s]\r 78%|███████▊  | 2.05G/2.64G [02:34\u003c01:28, 6.73MB/s]\n"}
,{"stream_name":"stderr","time":234.939363391,"data":"\r 78%|███████▊  | 2.05G/2.64G [02:34\u003c01:28, 6.73MB/s]\r 78%|███████▊  | 2.05G/2.64G [02:34\u003c01:27, 6.79MB/s]\n"}
,{"stream_name":"stderr","time":235.048973507,"data":"\r 78%|███████▊  | 2.05G/2.64G [02:34\u003c01:27, 6.79MB/s]\r 78%|███████▊  | 2.05G/2.64G [02:34\u003c01:25, 6.92MB/s]\n"}
,{"stream_name":"stderr","time":235.149683009,"data":"\r 78%|███████▊  | 2.05G/2.64G [02:34\u003c01:25, 6.92MB/s]\r 78%|███████▊  | 2.05G/2.64G [02:35\u003c01:19, 7.45MB/s]\n"}
,{"stream_name":"stderr","time":235.257109058,"data":"\r 78%|███████▊  | 2.05G/2.64G [02:35\u003c01:19, 7.45MB/s]\r 78%|███████▊  | 2.05G/2.64G [02:35\u003c01:19, 7.41MB/s]\n"}
,{"stream_name":"stderr","time":235.373596257,"data":"\r 78%|███████▊  | 2.05G/2.64G [02:35\u003c01:19, 7.41MB/s]\r 78%|███████▊  | 2.05G/2.64G [02:35\u003c01:18, 7.49MB/s]\n"}
,{"stream_name":"stderr","time":235.477049517,"data":"\r 78%|███████▊  | 2.05G/2.64G [02:35\u003c01:18, 7.49MB/s]\r 78%|███████▊  | 2.05G/2.64G [02:35\u003c01:12, 8.07MB/s]\n"}
,{"stream_name":"stderr","time":235.579086671,"data":"\r 78%|███████▊  | 2.05G/2.64G [02:35\u003c01:12, 8.07MB/s]\r 78%|███████▊  | 2.05G/2.64G [02:35\u003c01:12, 8.06MB/s]\n"}
,{"stream_name":"stderr","time":235.679190137,"data":"\r 78%|███████▊  | 2.05G/2.64G [02:35\u003c01:12, 8.06MB/s]\r 78%|███████▊  | 2.05G/2.64G [02:35\u003c01:09, 8.37MB/s]\n"}
,{"stream_name":"stderr","time":235.783757996,"data":"\r 78%|███████▊  | 2.05G/2.64G [02:35\u003c01:09, 8.37MB/s]\r 78%|███████▊  | 2.06G/2.64G [02:35\u003c01:09, 8.40MB/s]\n"}
,{"stream_name":"stderr","time":235.888130653,"data":"\r 78%|███████▊  | 2.06G/2.64G [02:35\u003c01:09, 8.40MB/s]\r 78%|███████▊  | 2.06G/2.64G [02:35\u003c01:04, 8.99MB/s]\n"}
,{"stream_name":"stderr","time":235.994314861,"data":"\r 78%|███████▊  | 2.06G/2.64G [02:35\u003c01:04, 8.99MB/s]\r 78%|███████▊  | 2.06G/2.64G [02:35\u003c01:04, 8.98MB/s]\n"}
,{"stream_name":"stderr","time":236.09686902,"data":"\r 78%|███████▊  | 2.06G/2.64G [02:35\u003c01:04, 8.98MB/s]\r 78%|███████▊  | 2.06G/2.64G [02:35\u003c01:02, 9.34MB/s]\n"}
,{"stream_name":"stderr","time":236.20361438,"data":"\r 78%|███████▊  | 2.06G/2.64G [02:35\u003c01:02, 9.34MB/s]\r 78%|███████▊  | 2.06G/2.64G [02:36\u003c01:02, 9.31MB/s]\n"}
,{"stream_name":"stderr","time":236.303592627,"data":"\r 78%|███████▊  | 2.06G/2.64G [02:36\u003c01:02, 9.31MB/s]\r 78%|███████▊  | 2.06G/2.64G [02:36\u003c00:57, 10.0MB/s]\n"}
,{"stream_name":"stderr","time":236.409630207,"data":"\r 78%|███████▊  | 2.06G/2.64G [02:36\u003c00:57, 10.0MB/s]\r 78%|███████▊  | 2.06G/2.64G [02:36\u003c00:57, 9.99MB/s]\n"}
,{"stream_name":"stderr","time":236.510926709,"data":"\r 78%|███████▊  | 2.06G/2.64G [02:36\u003c00:57, 9.99MB/s]\r 78%|███████▊  | 2.06G/2.64G [02:36\u003c00:55, 10.4MB/s]\n"}
,{"stream_name":"stderr","time":236.647186288,"data":"\r 78%|███████▊  | 2.06G/2.64G [02:36\u003c00:55, 10.4MB/s]\r 78%|███████▊  | 2.06G/2.64G [02:36\u003c01:01, 9.41MB/s]\n"}
,{"stream_name":"stderr","time":236.756981389,"data":"\r 78%|███████▊  | 2.06G/2.64G [02:36\u003c01:01, 9.41MB/s]\r 78%|███████▊  | 2.07G/2.64G [02:36\u003c00:57, 9.97MB/s]\n"}
,{"stream_name":"stderr","time":236.876153392,"data":"\r 78%|███████▊  | 2.07G/2.64G [02:36\u003c00:57, 9.97MB/s]\r 78%|███████▊  | 2.07G/2.64G [02:36\u003c01:00, 9.52MB/s]\n"}
,{"stream_name":"stderr","time":236.991524468,"data":"\r 78%|███████▊  | 2.07G/2.64G [02:36\u003c01:00, 9.52MB/s]\r 78%|███████▊  | 2.07G/2.64G [02:36\u003c01:02, 9.22MB/s]\n"}
,{"stream_name":"stderr","time":237.104092234,"data":"\r 78%|███████▊  | 2.07G/2.64G [02:36\u003c01:02, 9.22MB/s]\r 78%|███████▊  | 2.07G/2.64G [02:36\u003c01:03, 8.99MB/s]\n"}
,{"stream_name":"stderr","time":237.208586703,"data":"\r 78%|███████▊  | 2.07G/2.64G [02:36\u003c01:03, 8.99MB/s]\r 78%|███████▊  | 2.07G/2.64G [02:37\u003c01:03, 9.02MB/s]\n"}
,{"stream_name":"stderr","time":237.315852176,"data":"\r 78%|███████▊  | 2.07G/2.64G [02:37\u003c01:03, 9.02MB/s]\r 78%|███████▊  | 2.07G/2.64G [02:37\u003c01:04, 8.88MB/s]\n"}
,{"stream_name":"stderr","time":237.42370291,"data":"\r 78%|███████▊  | 2.07G/2.64G [02:37\u003c01:04, 8.88MB/s]\r 78%|███████▊  | 2.07G/2.64G [02:37\u003c01:03, 8.95MB/s]\n"}
,{"stream_name":"stderr","time":237.524156179,"data":"\r 78%|███████▊  | 2.07G/2.64G [02:37\u003c01:03, 8.95MB/s]\r 78%|███████▊  | 2.07G/2.64G [02:37\u003c01:03, 9.01MB/s]\n"}
,{"stream_name":"stderr","time":237.629091237,"data":"\r 78%|███████▊  | 2.07G/2.64G [02:37\u003c01:03, 9.01MB/s]\r 79%|███████▊  | 2.07G/2.64G [02:37\u003c01:02, 9.02MB/s]\n"}
,{"stream_name":"stderr","time":237.731590072,"data":"\r 79%|███████▊  | 2.07G/2.64G [02:37\u003c01:02, 9.02MB/s]\r 79%|███████▊  | 2.07G/2.64G [02:37\u003c01:02, 9.00MB/s]\n"}
,{"stream_name":"stderr","time":237.83313658,"data":"\r 79%|███████▊  | 2.07G/2.64G [02:37\u003c01:02, 9.00MB/s]\r 79%|███████▊  | 2.07G/2.64G [02:37\u003c01:00, 9.38MB/s]\n"}
,{"stream_name":"stderr","time":237.938479693,"data":"\r 79%|███████▊  | 2.07G/2.64G [02:37\u003c01:00, 9.38MB/s]\r 79%|███████▊  | 2.08G/2.64G [02:37\u003c01:00, 9.28MB/s]\n"}
,{"stream_name":"stderr","time":238.044971056,"data":"\r 79%|███████▊  | 2.08G/2.64G [02:37\u003c01:00, 9.28MB/s]\r 79%|███████▊  | 2.08G/2.64G [02:37\u003c00:59, 9.45MB/s]\n"}
,{"stream_name":"stderr","time":238.147307369,"data":"\r 79%|███████▊  | 2.08G/2.64G [02:37\u003c00:59, 9.45MB/s]\r 79%|███████▊  | 2.08G/2.64G [02:38\u003c00:59, 9.40MB/s]\n"}
,{"stream_name":"stderr","time":238.247510903,"data":"\r 79%|███████▊  | 2.08G/2.64G [02:38\u003c00:59, 9.40MB/s]\r 79%|███████▊  | 2.08G/2.64G [02:38\u003c00:57, 9.80MB/s]\n"}
,{"stream_name":"stderr","time":238.353090983,"data":"\r 79%|███████▊  | 2.08G/2.64G [02:38\u003c00:57, 9.80MB/s]\r 79%|███████▉  | 2.08G/2.64G [02:38\u003c00:58, 9.65MB/s]\n"}
,{"stream_name":"stderr","time":238.460724552,"data":"\r 79%|███████▉  | 2.08G/2.64G [02:38\u003c00:58, 9.65MB/s]\r 79%|███████▉  | 2.08G/2.64G [02:38\u003c00:56, 9.87MB/s]\n"}
,{"stream_name":"stderr","time":238.56308009,"data":"\r 79%|███████▉  | 2.08G/2.64G [02:38\u003c00:56, 9.87MB/s]\r 79%|███████▉  | 2.08G/2.64G [02:38\u003c00:56, 9.89MB/s]\n"}
,{"stream_name":"stderr","time":238.664439254,"data":"\r 79%|███████▉  | 2.08G/2.64G [02:38\u003c00:56, 9.89MB/s]\r 79%|███████▉  | 2.08G/2.64G [02:38\u003c00:54, 10.2MB/s]\n"}
,{"stream_name":"stderr","time":238.769480898,"data":"\r 79%|███████▉  | 2.08G/2.64G [02:38\u003c00:54, 10.2MB/s]\r 79%|███████▉  | 2.08G/2.64G [02:38\u003c00:54, 10.1MB/s]\n"}
,{"stream_name":"stderr","time":238.874127656,"data":"\r 79%|███████▉  | 2.08G/2.64G [02:38\u003c00:54, 10.1MB/s]\r 79%|███████▉  | 2.09G/2.64G [02:38\u003c00:54, 10.2MB/s]\n"}
,{"stream_name":"stderr","time":238.977858062,"data":"\r 79%|███████▉  | 2.09G/2.64G [02:38\u003c00:54, 10.2MB/s]\r 79%|███████▉  | 2.09G/2.64G [02:38\u003c00:54, 10.2MB/s]\n"}
,{"stream_name":"stderr","time":239.079032442,"data":"\r 79%|███████▉  | 2.09G/2.64G [02:38\u003c00:54, 10.2MB/s]\r 79%|███████▉  | 2.09G/2.64G [02:38\u003c00:52, 10.5MB/s]\n"}
,{"stream_name":"stderr","time":239.207788236,"data":"\r 79%|███████▉  | 2.09G/2.64G [02:38\u003c00:52, 10.5MB/s]\r 79%|███████▉  | 2.09G/2.64G [02:39\u003c00:56, 9.78MB/s]\n"}
,{"stream_name":"stderr","time":239.339282329,"data":"\r 79%|███████▉  | 2.09G/2.64G [02:39\u003c00:56, 9.78MB/s]\r 79%|███████▉  | 2.09G/2.64G [02:39\u003c01:00, 9.09MB/s]\n"}
,{"stream_name":"stderr","time":239.462052123,"data":"\r 79%|███████▉  | 2.09G/2.64G [02:39\u003c01:00, 9.09MB/s]\r 79%|███████▉  | 2.09G/2.64G [02:39\u003c01:03, 8.67MB/s]\n"}
,{"stream_name":"stderr","time":239.581794041,"data":"\r 79%|███████▉  | 2.09G/2.64G [02:39\u003c01:03, 8.67MB/s]\r 79%|███████▉  | 2.09G/2.64G [02:39\u003c01:06, 8.28MB/s]\n"}
,{"stream_name":"stderr","time":239.683764761,"data":"\r 79%|███████▉  | 2.09G/2.64G [02:39\u003c01:06, 8.28MB/s]\r 79%|███████▉  | 2.09G/2.64G [02:39\u003c01:06, 8.30MB/s]\n"}
,{"stream_name":"stderr","time":239.794455501,"data":"\r 79%|███████▉  | 2.09G/2.64G [02:39\u003c01:06, 8.30MB/s]\r 79%|███████▉  | 2.09G/2.64G [02:39\u003c01:07, 8.12MB/s]\n"}
,{"stream_name":"stderr","time":239.901097541,"data":"\r 79%|███████▉  | 2.09G/2.64G [02:39\u003c01:07, 8.12MB/s]\r 79%|███████▉  | 2.09G/2.64G [02:39\u003c01:08, 7.99MB/s]\n"}
,{"stream_name":"stderr","time":240.00460163,"data":"\r 79%|███████▉  | 2.09G/2.64G [02:39\u003c01:08, 7.99MB/s]\r 79%|███████▉  | 2.09G/2.64G [02:39\u003c01:06, 8.16MB/s]\n"}
,{"stream_name":"stderr","time":240.10733938,"data":"\r 79%|███████▉  | 2.09G/2.64G [02:39\u003c01:06, 8.16MB/s]\r 79%|███████▉  | 2.10G/2.64G [02:39\u003c01:07, 8.11MB/s]\n"}
,{"stream_name":"stderr","time":240.212447479,"data":"\r 79%|███████▉  | 2.10G/2.64G [02:39\u003c01:07, 8.11MB/s]\r 79%|███████▉  | 2.10G/2.64G [02:40\u003c01:07, 8.11MB/s]\n"}
,{"stream_name":"stderr","time":240.314497181,"data":"\r 79%|███████▉  | 2.10G/2.64G [02:40\u003c01:07, 8.11MB/s]\r 79%|███████▉  | 2.10G/2.64G [02:40\u003c01:07, 8.09MB/s]\n"}
,{"stream_name":"stderr","time":240.420080641,"data":"\r 79%|███████▉  | 2.10G/2.64G [02:40\u003c01:07, 8.09MB/s]\r 79%|███████▉  | 2.10G/2.64G [02:40\u003c01:05, 8.27MB/s]\n"}
,{"stream_name":"stderr","time":240.522438007,"data":"\r 79%|███████▉  | 2.10G/2.64G [02:40\u003c01:05, 8.27MB/s]\r 79%|███████▉  | 2.10G/2.64G [02:40\u003c01:05, 8.28MB/s]\n"}
,{"stream_name":"stderr","time":240.622316537,"data":"\r 79%|███████▉  | 2.10G/2.64G [02:40\u003c01:05, 8.28MB/s]\r 80%|███████▉  | 2.10G/2.64G [02:40\u003c01:04, 8.35MB/s]\n"}
,{"stream_name":"stderr","time":240.724329367,"data":"\r 80%|███████▉  | 2.10G/2.64G [02:40\u003c01:04, 8.35MB/s]\r 80%|███████▉  | 2.10G/2.64G [02:40\u003c01:04, 8.35MB/s]\n"}
,{"stream_name":"stderr","time":240.827905104,"data":"\r 80%|███████▉  | 2.10G/2.64G [02:40\u003c01:04, 8.35MB/s]\r 80%|███████▉  | 2.10G/2.64G [02:40\u003c01:04, 8.31MB/s]\n"}
,{"stream_name":"stderr","time":240.929249835,"data":"\r 80%|███████▉  | 2.10G/2.64G [02:40\u003c01:04, 8.31MB/s]\r 80%|███████▉  | 2.10G/2.64G [02:40\u003c01:03, 8.53MB/s]\n"}
,{"stream_name":"stderr","time":241.034217517,"data":"\r 80%|███████▉  | 2.10G/2.64G [02:40\u003c01:03, 8.53MB/s]\r 80%|███████▉  | 2.10G/2.64G [02:40\u003c01:03, 8.50MB/s]\n"}
,{"stream_name":"stderr","time":241.137472518,"data":"\r 80%|███████▉  | 2.10G/2.64G [02:40\u003c01:03, 8.50MB/s]\r 80%|███████▉  | 2.10G/2.64G [02:41\u003c01:02, 8.52MB/s]\n"}
,{"stream_name":"stderr","time":241.243366712,"data":"\r 80%|███████▉  | 2.10G/2.64G [02:41\u003c01:02, 8.52MB/s]\r 80%|███████▉  | 2.11G/2.64G [02:41\u003c01:03, 8.48MB/s]\n"}
,{"stream_name":"stderr","time":241.345108076,"data":"\r 80%|███████▉  | 2.11G/2.64G [02:41\u003c01:03, 8.48MB/s]\r 80%|███████▉  | 2.11G/2.64G [02:41\u003c01:01, 8.72MB/s]\n"}
,{"stream_name":"stderr","time":241.450097525,"data":"\r 80%|███████▉  | 2.11G/2.64G [02:41\u003c01:01, 8.72MB/s]\r 80%|███████▉  | 2.11G/2.64G [02:41\u003c01:01, 8.63MB/s]\n"}
,{"stream_name":"stderr","time":241.555540648,"data":"\r 80%|███████▉  | 2.11G/2.64G [02:41\u003c01:01, 8.63MB/s]\r 80%|███████▉  | 2.11G/2.64G [02:41\u003c01:01, 8.65MB/s]\n"}
,{"stream_name":"stderr","time":241.658994107,"data":"\r 80%|███████▉  | 2.11G/2.64G [02:41\u003c01:01, 8.65MB/s]\r 80%|███████▉  | 2.11G/2.64G [02:41\u003c01:01, 8.62MB/s]\n"}
,{"stream_name":"stderr","time":241.75898982,"data":"\r 80%|███████▉  | 2.11G/2.64G [02:41\u003c01:01, 8.62MB/s]\r 80%|███████▉  | 2.11G/2.64G [02:41\u003c00:59, 8.88MB/s]\n"}
,{"stream_name":"stderr","time":241.864992344,"data":"\r 80%|███████▉  | 2.11G/2.64G [02:41\u003c00:59, 8.88MB/s]\r 80%|███████▉  | 2.11G/2.64G [02:41\u003c01:00, 8.81MB/s]\n"}
,{"stream_name":"stderr","time":241.965266235,"data":"\r 80%|███████▉  | 2.11G/2.64G [02:41\u003c01:00, 8.81MB/s]\r 80%|███████▉  | 2.11G/2.64G [02:41\u003c00:59, 8.82MB/s]\n"}
,{"stream_name":"stderr","time":242.06682164,"data":"\r 80%|███████▉  | 2.11G/2.64G [02:41\u003c00:59, 8.82MB/s]\r 80%|████████  | 2.11G/2.64G [02:41\u003c01:00, 8.79MB/s]\n"}
,{"stream_name":"stderr","time":242.168993913,"data":"\r 80%|████████  | 2.11G/2.64G [02:41\u003c01:00, 8.79MB/s]\r 80%|████████  | 2.11G/2.64G [02:42\u003c01:00, 8.75MB/s]\n"}
,{"stream_name":"stderr","time":242.273036704,"data":"\r 80%|████████  | 2.11G/2.64G [02:42\u003c01:00, 8.75MB/s]\r 80%|████████  | 2.11G/2.64G [02:42\u003c00:58, 8.95MB/s]\n"}
,{"stream_name":"stderr","time":242.378293279,"data":"\r 80%|████████  | 2.11G/2.64G [02:42\u003c00:58, 8.95MB/s]\r 80%|████████  | 2.12G/2.64G [02:42\u003c00:59, 8.88MB/s]\n"}
,{"stream_name":"stderr","time":242.492235665,"data":"\r 80%|████████  | 2.12G/2.64G [02:42\u003c00:59, 8.88MB/s]\r 80%|████████  | 2.12G/2.64G [02:42\u003c01:00, 8.62MB/s]\n"}
,{"stream_name":"stderr","time":242.598691477,"data":"\r 80%|████████  | 2.12G/2.64G [02:42\u003c01:00, 8.62MB/s]\r 80%|████████  | 2.12G/2.64G [02:42\u003c00:58, 8.99MB/s]\n"}
,{"stream_name":"stderr","time":242.698852936,"data":"\r 80%|████████  | 2.12G/2.64G [02:42\u003c00:58, 8.99MB/s]\r 80%|████████  | 2.12G/2.64G [02:42\u003c00:57, 9.04MB/s]\n"}
,{"stream_name":"stderr","time":242.806807846,"data":"\r 80%|████████  | 2.12G/2.64G [02:42\u003c00:57, 9.04MB/s]\r 80%|████████  | 2.12G/2.64G [02:42\u003c00:58, 8.87MB/s]\n"}
,{"stream_name":"stderr","time":242.908783529,"data":"\r 80%|████████  | 2.12G/2.64G [02:42\u003c00:58, 8.87MB/s]\r 80%|████████  | 2.12G/2.64G [02:42\u003c00:58, 8.91MB/s]\n"}
,{"stream_name":"stderr","time":243.011047914,"data":"\r 80%|████████  | 2.12G/2.64G [02:42\u003c00:58, 8.91MB/s]\r 80%|████████  | 2.12G/2.64G [02:42\u003c00:56, 9.12MB/s]\n"}
,{"stream_name":"stderr","time":243.111867509,"data":"\r 80%|████████  | 2.12G/2.64G [02:42\u003c00:56, 9.12MB/s]\r 80%|████████  | 2.12G/2.64G [02:42\u003c00:56, 9.11MB/s]\n"}
,{"stream_name":"stderr","time":243.216071991,"data":"\r 80%|████████  | 2.12G/2.64G [02:42\u003c00:56, 9.11MB/s]\r 80%|████████  | 2.12G/2.64G [02:43\u003c00:57, 9.02MB/s]\n"}
,{"stream_name":"stderr","time":243.32411207,"data":"\r 80%|████████  | 2.12G/2.64G [02:43\u003c00:57, 9.02MB/s]\r 80%|████████  | 2.12G/2.64G [02:43\u003c00:58, 8.86MB/s]\n"}
,{"stream_name":"stderr","time":243.430215664,"data":"\r 80%|████████  | 2.12G/2.64G [02:43\u003c00:58, 8.86MB/s]\r 80%|████████  | 2.12G/2.64G [02:43\u003c00:56, 9.07MB/s]\n"}
,{"stream_name":"stderr","time":243.534955944,"data":"\r 80%|████████  | 2.12G/2.64G [02:43\u003c00:56, 9.07MB/s]\r 81%|████████  | 2.13G/2.64G [02:43\u003c00:56, 9.07MB/s]\n"}
,{"stream_name":"stderr","time":243.646668388,"data":"\r 81%|████████  | 2.13G/2.64G [02:43\u003c00:56, 9.07MB/s]\r 81%|████████  | 2.13G/2.64G [02:43\u003c00:58, 8.80MB/s]\n"}
,{"stream_name":"stderr","time":243.752709383,"data":"\r 81%|████████  | 2.13G/2.64G [02:43\u003c00:58, 8.80MB/s]\r 81%|████████  | 2.13G/2.64G [02:43\u003c00:56, 9.13MB/s]\n"}
,{"stream_name":"stderr","time":243.857678954,"data":"\r 81%|████████  | 2.13G/2.64G [02:43\u003c00:56, 9.13MB/s]\r 81%|████████  | 2.13G/2.64G [02:43\u003c00:56, 9.10MB/s]\n"}
,{"stream_name":"stderr","time":243.971147831,"data":"\r 81%|████████  | 2.13G/2.64G [02:43\u003c00:56, 9.10MB/s]\r 81%|████████  | 2.13G/2.64G [02:43\u003c00:58, 8.79MB/s]\n"}
,{"stream_name":"stderr","time":244.073487923,"data":"\r 81%|████████  | 2.13G/2.64G [02:43\u003c00:58, 8.79MB/s]\r 81%|████████  | 2.13G/2.64G [02:43\u003c00:55, 9.21MB/s]\n"}
,{"stream_name":"stderr","time":244.180894247,"data":"\r 81%|████████  | 2.13G/2.64G [02:43\u003c00:55, 9.21MB/s]\r 81%|████████  | 2.13G/2.64G [02:44\u003c00:55, 9.10MB/s]\n"}
,{"stream_name":"stderr","time":244.330806358,"data":"\r 81%|████████  | 2.13G/2.64G [02:44\u003c00:55, 9.10MB/s]\r 81%|████████  | 2.13G/2.64G [02:44\u003c01:03, 7.98MB/s]\n"}
,{"stream_name":"stderr","time":244.434035181,"data":"\r 81%|████████  | 2.13G/2.64G [02:44\u003c01:03, 7.98MB/s]\r 81%|████████  | 2.13G/2.64G [02:44\u003c00:59, 8.48MB/s]\n"}
,{"stream_name":"stderr","time":244.572211124,"data":"\r 81%|████████  | 2.13G/2.64G [02:44\u003c00:59, 8.48MB/s]\r 81%|████████  | 2.13G/2.64G [02:44\u003c01:05, 7.77MB/s]\n"}
,{"stream_name":"stderr","time":244.682240966,"data":"\r 81%|████████  | 2.13G/2.64G [02:44\u003c01:05, 7.77MB/s]\r 81%|████████  | 2.13G/2.64G [02:44\u003c01:05, 7.68MB/s]\n"}
,{"stream_name":"stderr","time":244.803837541,"data":"\r 81%|████████  | 2.13G/2.64G [02:44\u003c01:05, 7.68MB/s]\r 81%|████████  | 2.14G/2.64G [02:44\u003c01:09, 7.31MB/s]\n"}
,{"stream_name":"stderr","time":244.912160807,"data":"\r 81%|████████  | 2.14G/2.64G [02:44\u003c01:09, 7.31MB/s]\r 81%|████████  | 2.14G/2.64G [02:44\u003c01:09, 7.21MB/s]\n"}
,{"stream_name":"stderr","time":245.014973718,"data":"\r 81%|████████  | 2.14G/2.64G [02:44\u003c01:09, 7.21MB/s]\r 81%|████████  | 2.14G/2.64G [02:44\u003c01:09, 7.24MB/s]\n"}
,{"stream_name":"stderr","time":245.12636458,"data":"\r 81%|████████  | 2.14G/2.64G [02:44\u003c01:09, 7.24MB/s]\r 81%|████████  | 2.14G/2.64G [02:44\u003c01:10, 7.10MB/s]\n"}
,{"stream_name":"stderr","time":245.229770047,"data":"\r 81%|████████  | 2.14G/2.64G [02:44\u003c01:10, 7.10MB/s]\r 81%|████████  | 2.14G/2.64G [02:45\u003c01:10, 7.16MB/s]\n"}
,{"stream_name":"stderr","time":245.337064254,"data":"\r 81%|████████  | 2.14G/2.64G [02:45\u003c01:10, 7.16MB/s]\r 81%|████████  | 2.14G/2.64G [02:45\u003c01:08, 7.29MB/s]\n"}
,{"stream_name":"stderr","time":245.449598564,"data":"\r 81%|████████  | 2.14G/2.64G [02:45\u003c01:08, 7.29MB/s]\r 81%|████████  | 2.14G/2.64G [02:45\u003c01:09, 7.20MB/s]\n"}
,{"stream_name":"stderr","time":245.553456463,"data":"\r 81%|████████  | 2.14G/2.64G [02:45\u003c01:09, 7.20MB/s]\r 81%|████████  | 2.14G/2.64G [02:45\u003c01:07, 7.40MB/s]\n"}
,{"stream_name":"stderr","time":245.660284813,"data":"\r 81%|████████  | 2.14G/2.64G [02:45\u003c01:07, 7.40MB/s]\r 81%|████████  | 2.14G/2.64G [02:45\u003c01:05, 7.57MB/s]\n"}
,{"stream_name":"stderr","time":245.767526925,"data":"\r 81%|████████  | 2.14G/2.64G [02:45\u003c01:05, 7.57MB/s]\r 81%|████████  | 2.14G/2.64G [02:45\u003c01:06, 7.50MB/s]\n"}
,{"stream_name":"stderr","time":245.867920394,"data":"\r 81%|████████  | 2.14G/2.64G [02:45\u003c01:06, 7.50MB/s]\r 81%|████████  | 2.14G/2.64G [02:45\u003c01:04, 7.69MB/s]\n"}
,{"stream_name":"stderr","time":245.970770292,"data":"\r 81%|████████  | 2.14G/2.64G [02:45\u003c01:04, 7.69MB/s]\r 81%|████████  | 2.14G/2.64G [02:45\u003c01:04, 7.67MB/s]\n"}
,{"stream_name":"stderr","time":246.075839203,"data":"\r 81%|████████  | 2.14G/2.64G [02:45\u003c01:04, 7.67MB/s]\r 81%|████████▏ | 2.15G/2.64G [02:45\u003c01:02, 7.90MB/s]\n"}
,{"stream_name":"stderr","time":246.176943323,"data":"\r 81%|████████▏ | 2.15G/2.64G [02:45\u003c01:02, 7.90MB/s]\r 81%|████████▏ | 2.15G/2.64G [02:46\u003c01:02, 7.96MB/s]\n"}
,{"stream_name":"stderr","time":246.280661151,"data":"\r 81%|████████▏ | 2.15G/2.64G [02:46\u003c01:02, 7.96MB/s]\r 81%|████████▏ | 2.15G/2.64G [02:46\u003c01:02, 7.94MB/s]\n"}
,{"stream_name":"stderr","time":246.388157552,"data":"\r 81%|████████▏ | 2.15G/2.64G [02:46\u003c01:02, 7.94MB/s]\r 81%|████████▏ | 2.15G/2.64G [02:46\u003c01:02, 7.94MB/s]\n"}
,{"stream_name":"stderr","time":246.49158968,"data":"\r 81%|████████▏ | 2.15G/2.64G [02:46\u003c01:02, 7.94MB/s]\r 81%|████████▏ | 2.15G/2.64G [02:46\u003c00:59, 8.21MB/s]\n"}
,{"stream_name":"stderr","time":246.595777901,"data":"\r 81%|████████▏ | 2.15G/2.64G [02:46\u003c00:59, 8.21MB/s]\r 81%|████████▏ | 2.15G/2.64G [02:46\u003c00:59, 8.20MB/s]\n"}
,{"stream_name":"stderr","time":246.696234092,"data":"\r 81%|████████▏ | 2.15G/2.64G [02:46\u003c00:59, 8.20MB/s]\r 81%|████████▏ | 2.15G/2.64G [02:46\u003c00:59, 8.28MB/s]\n"}
,{"stream_name":"stderr","time":246.80303962,"data":"\r 81%|████████▏ | 2.15G/2.64G [02:46\u003c00:59, 8.28MB/s]\r 81%|████████▏ | 2.15G/2.64G [02:46\u003c00:59, 8.19MB/s]\n"}
,{"stream_name":"stderr","time":246.906821155,"data":"\r 81%|████████▏ | 2.15G/2.64G [02:46\u003c00:59, 8.19MB/s]\r 82%|████████▏ | 2.15G/2.64G [02:46\u003c00:57, 8.48MB/s]\n"}
,{"stream_name":"stderr","time":247.018565921,"data":"\r 82%|████████▏ | 2.15G/2.64G [02:46\u003c00:57, 8.48MB/s]\r 82%|████████▏ | 2.15G/2.64G [02:46\u003c00:58, 8.30MB/s]\n"}
,{"stream_name":"stderr","time":247.124085919,"data":"\r 82%|████████▏ | 2.15G/2.64G [02:46\u003c00:58, 8.30MB/s]\r 82%|████████▏ | 2.15G/2.64G [02:46\u003c00:57, 8.42MB/s]\n"}
,{"stream_name":"stderr","time":247.229111277,"data":"\r 82%|████████▏ | 2.15G/2.64G [02:46\u003c00:57, 8.42MB/s]\r 82%|████████▏ | 2.16G/2.64G [02:47\u003c00:56, 8.61MB/s]\n"}
,{"stream_name":"stderr","time":247.329291335,"data":"\r 82%|████████▏ | 2.16G/2.64G [02:47\u003c00:56, 8.61MB/s]\r 82%|████████▏ | 2.16G/2.64G [02:47\u003c00:55, 8.67MB/s]\n"}
,{"stream_name":"stderr","time":247.434600466,"data":"\r 82%|████████▏ | 2.16G/2.64G [02:47\u003c00:55, 8.67MB/s]\r 82%|████████▏ | 2.16G/2.64G [02:47\u003c00:56, 8.59MB/s]\n"}
,{"stream_name":"stderr","time":247.541196739,"data":"\r 82%|████████▏ | 2.16G/2.64G [02:47\u003c00:56, 8.59MB/s]\r 82%|████████▏ | 2.16G/2.64G [02:47\u003c00:56, 8.52MB/s]\n"}
,{"stream_name":"stderr","time":247.644851448,"data":"\r 82%|████████▏ | 2.16G/2.64G [02:47\u003c00:56, 8.52MB/s]\r 82%|████████▏ | 2.16G/2.64G [02:47\u003c00:54, 8.78MB/s]\n"}
,{"stream_name":"stderr","time":247.745066221,"data":"\r 82%|████████▏ | 2.16G/2.64G [02:47\u003c00:54, 8.78MB/s]\r 82%|████████▏ | 2.16G/2.64G [02:47\u003c00:54, 8.80MB/s]\n"}
,{"stream_name":"stderr","time":247.850703195,"data":"\r 82%|████████▏ | 2.16G/2.64G [02:47\u003c00:54, 8.80MB/s]\r 82%|████████▏ | 2.16G/2.64G [02:47\u003c00:55, 8.67MB/s]\n"}
,{"stream_name":"stderr","time":247.952410899,"data":"\r 82%|████████▏ | 2.16G/2.64G [02:47\u003c00:55, 8.67MB/s]\r 82%|████████▏ | 2.16G/2.64G [02:47\u003c00:55, 8.67MB/s]\n"}
,{"stream_name":"stderr","time":248.056039997,"data":"\r 82%|████████▏ | 2.16G/2.64G [02:47\u003c00:55, 8.67MB/s]\r 82%|████████▏ | 2.16G/2.64G [02:47\u003c00:53, 8.92MB/s]\n"}
,{"stream_name":"stderr","time":248.161355639,"data":"\r 82%|████████▏ | 2.16G/2.64G [02:47\u003c00:53, 8.92MB/s]\r 82%|████████▏ | 2.16G/2.64G [02:48\u003c00:53, 8.86MB/s]\n"}
,{"stream_name":"stderr","time":248.266045153,"data":"\r 82%|████████▏ | 2.16G/2.64G [02:48\u003c00:53, 8.86MB/s]\r 82%|████████▏ | 2.16G/2.64G [02:48\u003c00:53, 8.83MB/s]\n"}
,{"stream_name":"stderr","time":248.371494268,"data":"\r 82%|████████▏ | 2.16G/2.64G [02:48\u003c00:53, 8.83MB/s]\r 82%|████████▏ | 2.17G/2.64G [02:48\u003c00:54, 8.70MB/s]\n"}
,{"stream_name":"stderr","time":248.475723785,"data":"\r 82%|████████▏ | 2.17G/2.64G [02:48\u003c00:54, 8.70MB/s]\r 82%|████████▏ | 2.17G/2.64G [02:48\u003c00:53, 8.92MB/s]\n"}
,{"stream_name":"stderr","time":248.583632633,"data":"\r 82%|████████▏ | 2.17G/2.64G [02:48\u003c00:53, 8.92MB/s]\r 82%|████████▏ | 2.17G/2.64G [02:48\u003c00:53, 8.79MB/s]\n"}
,{"stream_name":"stderr","time":248.688024636,"data":"\r 82%|████████▏ | 2.17G/2.64G [02:48\u003c00:53, 8.79MB/s]\r 82%|████████▏ | 2.17G/2.64G [02:48\u003c00:53, 8.88MB/s]\n"}
,{"stream_name":"stderr","time":248.792672869,"data":"\r 82%|████████▏ | 2.17G/2.64G [02:48\u003c00:53, 8.88MB/s]\r 82%|████████▏ | 2.17G/2.64G [02:48\u003c00:52, 9.03MB/s]\n"}
,{"stream_name":"stderr","time":248.892832715,"data":"\r 82%|████████▏ | 2.17G/2.64G [02:48\u003c00:52, 9.03MB/s]\r 82%|████████▏ | 2.17G/2.64G [02:48\u003c00:51, 9.07MB/s]\n"}
,{"stream_name":"stderr","time":249.002454636,"data":"\r 82%|████████▏ | 2.17G/2.64G [02:48\u003c00:51, 9.07MB/s]\r 82%|████████▏ | 2.17G/2.64G [02:48\u003c00:53, 8.85MB/s]\n"}
,{"stream_name":"stderr","time":249.107843983,"data":"\r 82%|████████▏ | 2.17G/2.64G [02:48\u003c00:53, 8.85MB/s]\r 82%|████████▏ | 2.17G/2.64G [02:48\u003c00:52, 8.90MB/s]\n"}
,{"stream_name":"stderr","time":249.210366641,"data":"\r 82%|████████▏ | 2.17G/2.64G [02:48\u003c00:52, 8.90MB/s]\r 82%|████████▏ | 2.17G/2.64G [02:49\u003c00:51, 9.10MB/s]\n"}
,{"stream_name":"stderr","time":249.314784633,"data":"\r 82%|████████▏ | 2.17G/2.64G [02:49\u003c00:51, 9.10MB/s]\r 82%|████████▏ | 2.17G/2.64G [02:49\u003c00:51, 9.10MB/s]\n"}
,{"stream_name":"stderr","time":249.421469577,"data":"\r 82%|████████▏ | 2.17G/2.64G [02:49\u003c00:51, 9.10MB/s]\r 82%|████████▏ | 2.17G/2.64G [02:49\u003c00:52, 8.95MB/s]\n"}
,{"stream_name":"stderr","time":249.526001834,"data":"\r 82%|████████▏ | 2.17G/2.64G [02:49\u003c00:52, 8.95MB/s]\r 82%|████████▏ | 2.18G/2.64G [02:49\u003c00:52, 8.90MB/s]\n"}
,{"stream_name":"stderr","time":249.631291631,"data":"\r 82%|████████▏ | 2.18G/2.64G [02:49\u003c00:52, 8.90MB/s]\r 82%|████████▏ | 2.18G/2.64G [02:49\u003c00:51, 9.03MB/s]\n"}
,{"stream_name":"stderr","time":249.73778544,"data":"\r 82%|████████▏ | 2.18G/2.64G [02:49\u003c00:51, 9.03MB/s]\r 82%|████████▏ | 2.18G/2.64G [02:49\u003c00:51, 8.99MB/s]\n"}
,{"stream_name":"stderr","time":249.839053801,"data":"\r 82%|████████▏ | 2.18G/2.64G [02:49\u003c00:51, 8.99MB/s]\r 82%|████████▏ | 2.18G/2.64G [02:49\u003c00:50, 9.11MB/s]\n"}
,{"stream_name":"stderr","time":249.942023038,"data":"\r 82%|████████▏ | 2.18G/2.64G [02:49\u003c00:50, 9.11MB/s]\r 83%|████████▎ | 2.18G/2.64G [02:49\u003c00:50, 9.05MB/s]\n"}
,{"stream_name":"stderr","time":250.047003858,"data":"\r 83%|████████▎ | 2.18G/2.64G [02:49\u003c00:50, 9.05MB/s]\r 83%|████████▎ | 2.18G/2.64G [02:49\u003c00:50, 9.05MB/s]\n"}
,{"stream_name":"stderr","time":250.15703775,"data":"\r 83%|████████▎ | 2.18G/2.64G [02:49\u003c00:50, 9.05MB/s]\r 83%|████████▎ | 2.18G/2.64G [02:50\u003c00:51, 8.92MB/s]\n"}
,{"stream_name":"stderr","time":250.259250931,"data":"\r 83%|████████▎ | 2.18G/2.64G [02:50\u003c00:51, 8.92MB/s]\r 83%|████████▎ | 2.18G/2.64G [02:50\u003c00:50, 9.03MB/s]\n"}
,{"stream_name":"stderr","time":250.361965253,"data":"\r 83%|████████▎ | 2.18G/2.64G [02:50\u003c00:50, 9.03MB/s]\r 83%|████████▎ | 2.18G/2.64G [02:50\u003c00:49, 9.19MB/s]\n"}
,{"stream_name":"stderr","time":250.469080093,"data":"\r 83%|████████▎ | 2.18G/2.64G [02:50\u003c00:49, 9.19MB/s]\r 83%|████████▎ | 2.18G/2.64G [02:50\u003c00:50, 9.09MB/s]\n"}
,{"stream_name":"stderr","time":250.574706364,"data":"\r 83%|████████▎ | 2.18G/2.64G [02:50\u003c00:50, 9.09MB/s]\r 83%|████████▎ | 2.18G/2.64G [02:50\u003c00:50, 8.97MB/s]\n"}
,{"stream_name":"stderr","time":250.680515898,"data":"\r 83%|████████▎ | 2.18G/2.64G [02:50\u003c00:50, 8.97MB/s]\r 83%|████████▎ | 2.19G/2.64G [02:50\u003c00:51, 8.88MB/s]\n"}
,{"stream_name":"stderr","time":250.783040673,"data":"\r 83%|████████▎ | 2.19G/2.64G [02:50\u003c00:51, 8.88MB/s]\r 83%|████████▎ | 2.19G/2.64G [02:50\u003c00:49, 9.09MB/s]\n"}
,{"stream_name":"stderr","time":250.888216038,"data":"\r 83%|████████▎ | 2.19G/2.64G [02:50\u003c00:49, 9.09MB/s]\r 83%|████████▎ | 2.19G/2.64G [02:50\u003c00:49, 9.07MB/s]\n"}
,{"stream_name":"stderr","time":250.991063297,"data":"\r 83%|████████▎ | 2.19G/2.64G [02:50\u003c00:49, 9.07MB/s]\r 83%|████████▎ | 2.19G/2.64G [02:50\u003c00:50, 9.03MB/s]\n"}
,{"stream_name":"stderr","time":251.096628886,"data":"\r 83%|████████▎ | 2.19G/2.64G [02:50\u003c00:50, 9.03MB/s]\r 83%|████████▎ | 2.19G/2.64G [02:50\u003c00:50, 8.93MB/s]\n"}
,{"stream_name":"stderr","time":251.202484762,"data":"\r 83%|████████▎ | 2.19G/2.64G [02:50\u003c00:50, 8.93MB/s]\r 83%|████████▎ | 2.19G/2.64G [02:51\u003c00:49, 9.06MB/s]\n"}
,{"stream_name":"stderr","time":251.312831231,"data":"\r 83%|████████▎ | 2.19G/2.64G [02:51\u003c00:49, 9.06MB/s]\r 83%|████████▎ | 2.19G/2.64G [02:51\u003c00:50, 8.91MB/s]\n"}
,{"stream_name":"stderr","time":251.42030626,"data":"\r 83%|████████▎ | 2.19G/2.64G [02:51\u003c00:50, 8.91MB/s]\r 83%|████████▎ | 2.19G/2.64G [02:51\u003c00:49, 8.98MB/s]\n"}
,{"stream_name":"stderr","time":251.523541122,"data":"\r 83%|████████▎ | 2.19G/2.64G [02:51\u003c00:49, 8.98MB/s]\r 83%|████████▎ | 2.19G/2.64G [02:51\u003c00:48, 9.13MB/s]\n"}
,{"stream_name":"stderr","time":251.634131191,"data":"\r 83%|████████▎ | 2.19G/2.64G [02:51\u003c00:48, 9.13MB/s]\r 83%|████████▎ | 2.19G/2.64G [02:51\u003c00:49, 8.96MB/s]\n"}
,{"stream_name":"stderr","time":251.743514735,"data":"\r 83%|████████▎ | 2.19G/2.64G [02:51\u003c00:49, 8.96MB/s]\r 83%|████████▎ | 2.20G/2.64G [02:51\u003c00:49, 8.97MB/s]\n"}
,{"stream_name":"stderr","time":251.846039776,"data":"\r 83%|████████▎ | 2.20G/2.64G [02:51\u003c00:49, 8.97MB/s]\r 83%|████████▎ | 2.20G/2.64G [02:51\u003c00:48, 9.15MB/s]\n"}
,{"stream_name":"stderr","time":251.951045024,"data":"\r 83%|████████▎ | 2.20G/2.64G [02:51\u003c00:48, 9.15MB/s]\r 83%|████████▎ | 2.20G/2.64G [02:51\u003c00:48, 9.11MB/s]\n"}
,{"stream_name":"stderr","time":252.051977195,"data":"\r 83%|████████▎ | 2.20G/2.64G [02:51\u003c00:48, 9.11MB/s]\r 83%|████████▎ | 2.20G/2.64G [02:51\u003c00:48, 9.11MB/s]\n"}
,{"stream_name":"stderr","time":252.159627121,"data":"\r 83%|████████▎ | 2.20G/2.64G [02:51\u003c00:48, 9.11MB/s]\r 83%|████████▎ | 2.20G/2.64G [02:52\u003c00:49, 8.93MB/s]\n"}
,{"stream_name":"stderr","time":252.263977043,"data":"\r 83%|████████▎ | 2.20G/2.64G [02:52\u003c00:49, 8.93MB/s]\r 83%|████████▎ | 2.20G/2.64G [02:52\u003c00:48, 9.08MB/s]\n"}
,{"stream_name":"stderr","time":252.372734734,"data":"\r 83%|████████▎ | 2.20G/2.64G [02:52\u003c00:48, 9.08MB/s]\r 83%|████████▎ | 2.20G/2.64G [02:52\u003c00:48, 8.98MB/s]\n"}
,{"stream_name":"stderr","time":252.472814412,"data":"\r 83%|████████▎ | 2.20G/2.64G [02:52\u003c00:48, 8.98MB/s]\r 83%|████████▎ | 2.20G/2.64G [02:52\u003c00:48, 9.12MB/s]\n"}
,{"stream_name":"stderr","time":252.575105395,"data":"\r 83%|████████▎ | 2.20G/2.64G [02:52\u003c00:48, 9.12MB/s]\r 83%|████████▎ | 2.20G/2.64G [02:52\u003c00:48, 9.07MB/s]\n"}
,{"stream_name":"stderr","time":252.679771111,"data":"\r 83%|████████▎ | 2.20G/2.64G [02:52\u003c00:48, 9.07MB/s]\r 83%|████████▎ | 2.20G/2.64G [02:52\u003c00:48, 9.08MB/s]\n"}
,{"stream_name":"stderr","time":252.783219589,"data":"\r 83%|████████▎ | 2.20G/2.64G [02:52\u003c00:48, 9.08MB/s]\r 84%|████████▎ | 2.20G/2.64G [02:52\u003c00:47, 9.11MB/s]\n"}
,{"stream_name":"stderr","time":252.883664376,"data":"\r 84%|████████▎ | 2.20G/2.64G [02:52\u003c00:47, 9.11MB/s]\r 84%|████████▎ | 2.21G/2.64G [02:52\u003c00:47, 9.11MB/s]\n"}
,{"stream_name":"stderr","time":252.989850761,"data":"\r 84%|████████▎ | 2.21G/2.64G [02:52\u003c00:47, 9.11MB/s]\r 84%|████████▎ | 2.21G/2.64G [02:52\u003c00:47, 9.07MB/s]\n"}
,{"stream_name":"stderr","time":253.096067014,"data":"\r 84%|████████▎ | 2.21G/2.64G [02:52\u003c00:47, 9.07MB/s]\r 84%|████████▎ | 2.21G/2.64G [02:52\u003c00:46, 9.21MB/s]\n"}
,{"stream_name":"stderr","time":253.199034348,"data":"\r 84%|████████▎ | 2.21G/2.64G [02:52\u003c00:46, 9.21MB/s]\r 84%|████████▎ | 2.21G/2.64G [02:53\u003c00:46, 9.22MB/s]\n"}
,{"stream_name":"stderr","time":253.302062508,"data":"\r 84%|████████▎ | 2.21G/2.64G [02:53\u003c00:46, 9.22MB/s]\r 84%|████████▎ | 2.21G/2.64G [02:53\u003c00:46, 9.22MB/s]\n"}
,{"stream_name":"stderr","time":253.405550478,"data":"\r 84%|████████▎ | 2.21G/2.64G [02:53\u003c00:46, 9.22MB/s]\r 84%|████████▎ | 2.21G/2.64G [02:53\u003c00:46, 9.21MB/s]\n"}
,{"stream_name":"stderr","time":253.506978322,"data":"\r 84%|████████▎ | 2.21G/2.64G [02:53\u003c00:46, 9.21MB/s]\r 84%|████████▍ | 2.21G/2.64G [02:53\u003c00:45, 9.35MB/s]\n"}
,{"stream_name":"stderr","time":253.613064046,"data":"\r 84%|████████▍ | 2.21G/2.64G [02:53\u003c00:45, 9.35MB/s]\r 84%|████████▍ | 2.21G/2.64G [02:53\u003c00:45, 9.33MB/s]\n"}
,{"stream_name":"stderr","time":253.716701276,"data":"\r 84%|████████▍ | 2.21G/2.64G [02:53\u003c00:45, 9.33MB/s]\r 84%|████████▍ | 2.21G/2.64G [02:53\u003c00:46, 9.28MB/s]\n"}
,{"stream_name":"stderr","time":253.818665366,"data":"\r 84%|████████▍ | 2.21G/2.64G [02:53\u003c00:46, 9.28MB/s]\r 84%|████████▍ | 2.21G/2.64G [02:53\u003c00:45, 9.29MB/s]\n"}
,{"stream_name":"stderr","time":253.924756999,"data":"\r 84%|████████▍ | 2.21G/2.64G [02:53\u003c00:45, 9.29MB/s]\r 84%|████████▍ | 2.22G/2.64G [02:53\u003c00:44, 9.48MB/s]\n"}
,{"stream_name":"stderr","time":254.030156927,"data":"\r 84%|████████▍ | 2.22G/2.64G [02:53\u003c00:44, 9.48MB/s]\r 84%|████████▍ | 2.22G/2.64G [02:53\u003c00:44, 9.52MB/s]\n"}
,{"stream_name":"stderr","time":254.134552775,"data":"\r 84%|████████▍ | 2.22G/2.64G [02:53\u003c00:44, 9.52MB/s]\r 84%|████████▍ | 2.22G/2.64G [02:54\u003c00:44, 9.49MB/s]\n"}
,{"stream_name":"stderr","time":254.236655544,"data":"\r 84%|████████▍ | 2.22G/2.64G [02:54\u003c00:44, 9.49MB/s]\r 84%|████████▍ | 2.22G/2.64G [02:54\u003c00:44, 9.54MB/s]\n"}
,{"stream_name":"stderr","time":254.342000445,"data":"\r 84%|████████▍ | 2.22G/2.64G [02:54\u003c00:44, 9.54MB/s]\r 84%|████████▍ | 2.22G/2.64G [02:54\u003c00:43, 9.65MB/s]\n"}
,{"stream_name":"stderr","time":254.447218525,"data":"\r 84%|████████▍ | 2.22G/2.64G [02:54\u003c00:43, 9.65MB/s]\r 84%|████████▍ | 2.22G/2.64G [02:54\u003c00:43, 9.75MB/s]\n"}
,{"stream_name":"stderr","time":254.550336435,"data":"\r 84%|████████▍ | 2.22G/2.64G [02:54\u003c00:43, 9.75MB/s]\r 84%|████████▍ | 2.22G/2.64G [02:54\u003c00:43, 9.69MB/s]\n"}
,{"stream_name":"stderr","time":254.652427195,"data":"\r 84%|████████▍ | 2.22G/2.64G [02:54\u003c00:43, 9.69MB/s]\r 84%|████████▍ | 2.22G/2.64G [02:54\u003c00:43, 9.67MB/s]\n"}
,{"stream_name":"stderr","time":254.752817023,"data":"\r 84%|████████▍ | 2.22G/2.64G [02:54\u003c00:43, 9.67MB/s]\r 84%|████████▍ | 2.22G/2.64G [02:54\u003c00:41, 9.99MB/s]\n"}
,{"stream_name":"stderr","time":254.854827665,"data":"\r 84%|████████▍ | 2.22G/2.64G [02:54\u003c00:41, 9.99MB/s]\r 84%|████████▍ | 2.22G/2.64G [02:54\u003c00:41, 10.1MB/s]\n"}
,{"stream_name":"stderr","time":254.960868048,"data":"\r 84%|████████▍ | 2.22G/2.64G [02:54\u003c00:41, 10.1MB/s]\r 84%|████████▍ | 2.23G/2.64G [02:54\u003c00:41, 9.92MB/s]\n"}
,{"stream_name":"stderr","time":255.064844211,"data":"\r 84%|████████▍ | 2.23G/2.64G [02:54\u003c00:41, 9.92MB/s]\r 84%|████████▍ | 2.23G/2.64G [02:54\u003c00:41, 9.98MB/s]\n"}
,{"stream_name":"stderr","time":255.165932398,"data":"\r 84%|████████▍ | 2.23G/2.64G [02:54\u003c00:41, 9.98MB/s]\r 84%|████████▍ | 2.23G/2.64G [02:55\u003c00:40, 10.3MB/s]\n"}
,{"stream_name":"stderr","time":255.267843166,"data":"\r 84%|████████▍ | 2.23G/2.64G [02:55\u003c00:40, 10.3MB/s]\r 84%|████████▍ | 2.23G/2.64G [02:55\u003c00:39, 10.3MB/s]\n"}
,{"stream_name":"stderr","time":255.370840241,"data":"\r 84%|████████▍ | 2.23G/2.64G [02:55\u003c00:39, 10.3MB/s]\r 84%|████████▍ | 2.23G/2.64G [02:55\u003c00:39, 10.4MB/s]\n"}
,{"stream_name":"stderr","time":255.474106359,"data":"\r 84%|████████▍ | 2.23G/2.64G [02:55\u003c00:39, 10.4MB/s]\r 84%|████████▍ | 2.23G/2.64G [02:55\u003c00:39, 10.3MB/s]\n"}
,{"stream_name":"stderr","time":255.575139919,"data":"\r 84%|████████▍ | 2.23G/2.64G [02:55\u003c00:39, 10.3MB/s]\r 85%|████████▍ | 2.23G/2.64G [02:55\u003c00:39, 10.3MB/s]\n"}
,{"stream_name":"stderr","time":255.67873356,"data":"\r 85%|████████▍ | 2.23G/2.64G [02:55\u003c00:39, 10.3MB/s]\r 85%|████████▍ | 2.23G/2.64G [02:55\u003c00:38, 10.6MB/s]\n"}
,{"stream_name":"stderr","time":255.780732354,"data":"\r 85%|████████▍ | 2.23G/2.64G [02:55\u003c00:38, 10.6MB/s]\r 85%|████████▍ | 2.23G/2.64G [02:55\u003c00:37, 10.8MB/s]\n"}
,{"stream_name":"stderr","time":255.888901681,"data":"\r 85%|████████▍ | 2.23G/2.64G [02:55\u003c00:37, 10.8MB/s]\r 85%|████████▍ | 2.24G/2.64G [02:55\u003c00:37, 10.7MB/s]\n"}
,{"stream_name":"stderr","time":255.990465182,"data":"\r 85%|████████▍ | 2.24G/2.64G [02:55\u003c00:37, 10.7MB/s]\r 85%|████████▍ | 2.24G/2.64G [02:55\u003c00:37, 10.8MB/s]\n"}
,{"stream_name":"stderr","time":256.096385426,"data":"\r 85%|████████▍ | 2.24G/2.64G [02:55\u003c00:37, 10.8MB/s]\r 85%|████████▍ | 2.24G/2.64G [02:55\u003c00:36, 11.1MB/s]\n"}
,{"stream_name":"stderr","time":256.200358616,"data":"\r 85%|████████▍ | 2.24G/2.64G [02:55\u003c00:36, 11.1MB/s]\r 85%|████████▍ | 2.24G/2.64G [02:56\u003c00:35, 11.2MB/s]\n"}
,{"stream_name":"stderr","time":256.305038831,"data":"\r 85%|████████▍ | 2.24G/2.64G [02:56\u003c00:35, 11.2MB/s]\r 85%|████████▍ | 2.24G/2.64G [02:56\u003c00:35, 11.1MB/s]\n"}
,{"stream_name":"stderr","time":256.406044338,"data":"\r 85%|████████▍ | 2.24G/2.64G [02:56\u003c00:35, 11.1MB/s]\r 85%|████████▍ | 2.24G/2.64G [02:56\u003c00:35, 11.2MB/s]\n"}
,{"stream_name":"stderr","time":256.507298951,"data":"\r 85%|████████▍ | 2.24G/2.64G [02:56\u003c00:35, 11.2MB/s]\r 85%|████████▍ | 2.24G/2.64G [02:56\u003c00:33, 11.7MB/s]\n"}
,{"stream_name":"stderr","time":256.61109434,"data":"\r 85%|████████▍ | 2.24G/2.64G [02:56\u003c00:33, 11.7MB/s]\r 85%|████████▍ | 2.24G/2.64G [02:56\u003c00:33, 11.8MB/s]\n"}
,{"stream_name":"stderr","time":256.717867295,"data":"\r 85%|████████▍ | 2.24G/2.64G [02:56\u003c00:33, 11.8MB/s]\r 85%|████████▌ | 2.25G/2.64G [02:56\u003c00:33, 11.7MB/s]\n"}
,{"stream_name":"stderr","time":256.821648844,"data":"\r 85%|████████▌ | 2.25G/2.64G [02:56\u003c00:33, 11.7MB/s]\r 85%|████████▌ | 2.25G/2.64G [02:56\u003c00:33, 11.8MB/s]\n"}
,{"stream_name":"stderr","time":256.921563666,"data":"\r 85%|████████▌ | 2.25G/2.64G [02:56\u003c00:33, 11.8MB/s]\r 85%|████████▌ | 2.25G/2.64G [02:56\u003c00:32, 12.3MB/s]\n"}
,{"stream_name":"stderr","time":257.021435212,"data":"\r 85%|████████▌ | 2.25G/2.64G [02:56\u003c00:32, 12.3MB/s]\r 85%|████████▌ | 2.25G/2.64G [02:56\u003c00:31, 12.3MB/s]\n"}
,{"stream_name":"stderr","time":257.126717466,"data":"\r 85%|████████▌ | 2.25G/2.64G [02:56\u003c00:31, 12.3MB/s]\r 85%|████████▌ | 2.25G/2.64G [02:56\u003c00:31, 12.4MB/s]\n"}
,{"stream_name":"stderr","time":257.228064674,"data":"\r 85%|████████▌ | 2.25G/2.64G [02:56\u003c00:31, 12.4MB/s]\r 85%|████████▌ | 2.25G/2.64G [02:57\u003c00:31, 12.4MB/s]\n"}
,{"stream_name":"stderr","time":257.329640598,"data":"\r 85%|████████▌ | 2.25G/2.64G [02:57\u003c00:31, 12.4MB/s]\r 85%|████████▌ | 2.25G/2.64G [02:57\u003c00:30, 12.6MB/s]\n"}
,{"stream_name":"stderr","time":257.429808919,"data":"\r 85%|████████▌ | 2.25G/2.64G [02:57\u003c00:30, 12.6MB/s]\r 85%|████████▌ | 2.25G/2.64G [02:57\u003c00:29, 13.1MB/s]\n"}
,{"stream_name":"stderr","time":257.53014067,"data":"\r 85%|████████▌ | 2.25G/2.64G [02:57\u003c00:29, 13.1MB/s]\r 85%|████████▌ | 2.26G/2.64G [02:57\u003c00:29, 13.2MB/s]\n"}
,{"stream_name":"stderr","time":257.634131904,"data":"\r 85%|████████▌ | 2.26G/2.64G [02:57\u003c00:29, 13.2MB/s]\r 85%|████████▌ | 2.26G/2.64G [02:57\u003c00:29, 13.2MB/s]\n"}
,{"stream_name":"stderr","time":257.735864405,"data":"\r 85%|████████▌ | 2.26G/2.64G [02:57\u003c00:29, 13.2MB/s]\r 86%|████████▌ | 2.26G/2.64G [02:57\u003c00:28, 13.3MB/s]\n"}
,{"stream_name":"stderr","time":257.836916123,"data":"\r 86%|████████▌ | 2.26G/2.64G [02:57\u003c00:28, 13.3MB/s]\r 86%|████████▌ | 2.26G/2.64G [02:57\u003c00:28, 13.4MB/s]\n"}
,{"stream_name":"stderr","time":257.93738322,"data":"\r 86%|████████▌ | 2.26G/2.64G [02:57\u003c00:28, 13.4MB/s]\r 86%|████████▌ | 2.26G/2.64G [02:57\u003c00:26, 14.1MB/s]\n"}
,{"stream_name":"stderr","time":258.038938787,"data":"\r 86%|████████▌ | 2.26G/2.64G [02:57\u003c00:26, 14.1MB/s]\r 86%|████████▌ | 2.26G/2.64G [02:57\u003c00:26, 14.2MB/s]\n"}
,{"stream_name":"stderr","time":258.143833384,"data":"\r 86%|████████▌ | 2.26G/2.64G [02:57\u003c00:26, 14.2MB/s]\r 86%|████████▌ | 2.26G/2.64G [02:58\u003c00:26, 14.2MB/s]\n"}
,{"stream_name":"stderr","time":258.245759053,"data":"\r 86%|████████▌ | 2.26G/2.64G [02:58\u003c00:26, 14.2MB/s]\r 86%|████████▌ | 2.27G/2.64G [02:58\u003c00:26, 14.2MB/s]\n"}
,{"stream_name":"stderr","time":258.38173817,"data":"\r 86%|████████▌ | 2.27G/2.64G [02:58\u003c00:26, 14.2MB/s]\r 86%|████████▌ | 2.27G/2.64G [02:58\u003c00:28, 12.9MB/s]\n"}
,{"stream_name":"stderr","time":258.499951333,"data":"\r 86%|████████▌ | 2.27G/2.64G [02:58\u003c00:28, 12.9MB/s]\r 86%|████████▌ | 2.27G/2.64G [02:58\u003c00:30, 12.3MB/s]\n"}
,{"stream_name":"stderr","time":258.617564622,"data":"\r 86%|████████▌ | 2.27G/2.64G [02:58\u003c00:30, 12.3MB/s]\r 86%|████████▌ | 2.27G/2.64G [02:58\u003c00:31, 11.9MB/s]\n"}
,{"stream_name":"stderr","time":258.722765187,"data":"\r 86%|████████▌ | 2.27G/2.64G [02:58\u003c00:31, 11.9MB/s]\r 86%|████████▌ | 2.27G/2.64G [02:58\u003c00:31, 11.8MB/s]\n"}
,{"stream_name":"stderr","time":258.826426526,"data":"\r 86%|████████▌ | 2.27G/2.64G [02:58\u003c00:31, 11.8MB/s]\r 86%|████████▌ | 2.27G/2.64G [02:58\u003c00:31, 11.7MB/s]\n"}
,{"stream_name":"stderr","time":258.937848154,"data":"\r 86%|████████▌ | 2.27G/2.64G [02:58\u003c00:31, 11.7MB/s]\r 86%|████████▌ | 2.27G/2.64G [02:58\u003c00:31, 11.5MB/s]\n"}
,{"stream_name":"stderr","time":259.038720515,"data":"\r 86%|████████▌ | 2.27G/2.64G [02:58\u003c00:31, 11.5MB/s]\r 86%|████████▌ | 2.27G/2.64G [02:58\u003c00:31, 11.6MB/s]\n"}
,{"stream_name":"stderr","time":259.140403489,"data":"\r 86%|████████▌ | 2.27G/2.64G [02:58\u003c00:31, 11.6MB/s]\r 86%|████████▌ | 2.28G/2.64G [02:59\u003c00:30, 11.9MB/s]\n"}
,{"stream_name":"stderr","time":259.245341794,"data":"\r 86%|████████▌ | 2.28G/2.64G [02:59\u003c00:30, 11.9MB/s]\r 86%|████████▌ | 2.28G/2.64G [02:59\u003c00:30, 11.9MB/s]\n"}
,{"stream_name":"stderr","time":259.348256015,"data":"\r 86%|████████▌ | 2.28G/2.64G [02:59\u003c00:30, 11.9MB/s]\r 86%|████████▋ | 2.28G/2.64G [02:59\u003c00:30, 11.9MB/s]\n"}
,{"stream_name":"stderr","time":259.44924013,"data":"\r 86%|████████▋ | 2.28G/2.64G [02:59\u003c00:30, 11.9MB/s]\r 86%|████████▋ | 2.28G/2.64G [02:59\u003c00:29, 12.0MB/s]\n"}
,{"stream_name":"stderr","time":259.549195442,"data":"\r 86%|████████▋ | 2.28G/2.64G [02:59\u003c00:29, 12.0MB/s]\r 86%|████████▋ | 2.28G/2.64G [02:59\u003c00:29, 12.4MB/s]\n"}
,{"stream_name":"stderr","time":259.649825943,"data":"\r 86%|████████▋ | 2.28G/2.64G [02:59\u003c00:29, 12.4MB/s]\r 86%|████████▋ | 2.28G/2.64G [02:59\u003c00:28, 12.5MB/s]\n"}
,{"stream_name":"stderr","time":259.753784524,"data":"\r 86%|████████▋ | 2.28G/2.64G [02:59\u003c00:28, 12.5MB/s]\r 86%|████████▋ | 2.28G/2.64G [02:59\u003c00:28, 12.4MB/s]\n"}
,{"stream_name":"stderr","time":259.854801964,"data":"\r 86%|████████▋ | 2.28G/2.64G [02:59\u003c00:28, 12.4MB/s]\r 87%|████████▋ | 2.28G/2.64G [02:59\u003c00:28, 12.5MB/s]\n"}
,{"stream_name":"stderr","time":259.955256653,"data":"\r 87%|████████▋ | 2.28G/2.64G [02:59\u003c00:28, 12.5MB/s]\r 87%|████████▋ | 2.29G/2.64G [02:59\u003c00:28, 12.6MB/s]\n"}
,{"stream_name":"stderr","time":260.056980344,"data":"\r 87%|████████▋ | 2.29G/2.64G [02:59\u003c00:28, 12.6MB/s]\r 87%|████████▋ | 2.29G/2.64G [02:59\u003c00:27, 12.7MB/s]\n"}
,{"stream_name":"stderr","time":260.163661154,"data":"\r 87%|████████▋ | 2.29G/2.64G [02:59\u003c00:27, 12.7MB/s]\r 87%|████████▋ | 2.29G/2.64G [03:00\u003c00:27, 13.0MB/s]\n"}
,{"stream_name":"stderr","time":260.264601215,"data":"\r 87%|████████▋ | 2.29G/2.64G [03:00\u003c00:27, 13.0MB/s]\r 87%|████████▋ | 2.29G/2.64G [03:00\u003c00:26, 13.2MB/s]\n"}
,{"stream_name":"stderr","time":260.442055522,"data":"\r 87%|████████▋ | 2.29G/2.64G [03:00\u003c00:26, 13.2MB/s]\r 87%|████████▋ | 2.29G/2.64G [03:00\u003c00:26, 13.0MB/s]\n"}
,{"stream_name":"stderr","time":260.473014899,"data":"\r 87%|████████▋ | 2.29G/2.64G [03:00\u003c00:26, 13.0MB/s]\r 87%|████████▋ | 2.29G/2.64G [03:00\u003c00:26, 13.2MB/s]\n"}
,{"stream_name":"stderr","time":260.574093626,"data":"\r 87%|████████▋ | 2.29G/2.64G [03:00\u003c00:26, 13.2MB/s]\r 87%|████████▋ | 2.29G/2.64G [03:00\u003c00:25, 13.6MB/s]\n"}
,{"stream_name":"stderr","time":260.677753426,"data":"\r 87%|████████▋ | 2.29G/2.64G [03:00\u003c00:25, 13.6MB/s]\r 87%|████████▋ | 2.30G/2.64G [03:00\u003c00:25, 13.5MB/s]\n"}
,{"stream_name":"stderr","time":260.779877275,"data":"\r 87%|████████▋ | 2.30G/2.64G [03:00\u003c00:25, 13.5MB/s]\r 87%|████████▋ | 2.30G/2.64G [03:00\u003c00:25, 13.5MB/s]\n"}
,{"stream_name":"stderr","time":260.881545704,"data":"\r 87%|████████▋ | 2.30G/2.64G [03:00\u003c00:25, 13.5MB/s]\r 87%|████████▋ | 2.30G/2.64G [03:00\u003c00:25, 13.6MB/s]\n"}
,{"stream_name":"stderr","time":260.981436109,"data":"\r 87%|████████▋ | 2.30G/2.64G [03:00\u003c00:25, 13.6MB/s]\r 87%|████████▋ | 2.30G/2.64G [03:00\u003c00:24, 13.6MB/s]\n"}
,{"stream_name":"stderr","time":261.082866409,"data":"\r 87%|████████▋ | 2.30G/2.64G [03:00\u003c00:24, 13.6MB/s]\r 87%|████████▋ | 2.30G/2.64G [03:00\u003c00:24, 14.0MB/s]\n"}
,{"stream_name":"stderr","time":261.18713434,"data":"\r 87%|████████▋ | 2.30G/2.64G [03:00\u003c00:24, 14.0MB/s]\r 87%|████████▋ | 2.30G/2.64G [03:01\u003c00:24, 13.9MB/s]\n"}
,{"stream_name":"stderr","time":261.291623541,"data":"\r 87%|████████▋ | 2.30G/2.64G [03:01\u003c00:24, 13.9MB/s]\r 87%|████████▋ | 2.30G/2.64G [03:01\u003c00:24, 13.8MB/s]\n"}
,{"stream_name":"stderr","time":261.393241429,"data":"\r 87%|████████▋ | 2.30G/2.64G [03:01\u003c00:24, 13.8MB/s]\r 87%|████████▋ | 2.31G/2.64G [03:01\u003c00:24, 13.9MB/s]\n"}
,{"stream_name":"stderr","time":261.497395049,"data":"\r 87%|████████▋ | 2.31G/2.64G [03:01\u003c00:24, 13.9MB/s]\r 87%|████████▋ | 2.31G/2.64G [03:01\u003c00:23, 14.2MB/s]\n"}
,{"stream_name":"stderr","time":261.597577689,"data":"\r 87%|████████▋ | 2.31G/2.64G [03:01\u003c00:23, 14.2MB/s]\r 87%|████████▋ | 2.31G/2.64G [03:01\u003c00:23, 14.4MB/s]\n"}
,{"stream_name":"stderr","time":261.697694799,"data":"\r 87%|████████▋ | 2.31G/2.64G [03:01\u003c00:23, 14.4MB/s]\r 87%|████████▋ | 2.31G/2.64G [03:01\u003c00:23, 14.4MB/s]\n"}
,{"stream_name":"stderr","time":261.80351842,"data":"\r 87%|████████▋ | 2.31G/2.64G [03:01\u003c00:23, 14.4MB/s]\r 88%|████████▊ | 2.31G/2.64G [03:01\u003c00:23, 14.1MB/s]\n"}
,{"stream_name":"stderr","time":261.904954079,"data":"\r 88%|████████▊ | 2.31G/2.64G [03:01\u003c00:23, 14.1MB/s]\r 88%|████████▊ | 2.31G/2.64G [03:01\u003c00:22, 14.3MB/s]\n"}
,{"stream_name":"stderr","time":262.00568287,"data":"\r 88%|████████▊ | 2.31G/2.64G [03:01\u003c00:22, 14.3MB/s]\r 88%|████████▊ | 2.31G/2.64G [03:01\u003c00:22, 14.5MB/s]\n"}
,{"stream_name":"stderr","time":262.108722001,"data":"\r 88%|████████▊ | 2.31G/2.64G [03:01\u003c00:22, 14.5MB/s]\r 88%|████████▊ | 2.32G/2.64G [03:01\u003c00:22, 14.5MB/s]\n"}
,{"stream_name":"stderr","time":262.209264732,"data":"\r 88%|████████▊ | 2.32G/2.64G [03:01\u003c00:22, 14.5MB/s]\r 88%|████████▊ | 2.32G/2.64G [03:02\u003c00:22, 14.6MB/s]\n"}
,{"stream_name":"stderr","time":262.312279245,"data":"\r 88%|████████▊ | 2.32G/2.64G [03:02\u003c00:22, 14.6MB/s]\r 88%|████████▊ | 2.32G/2.64G [03:02\u003c00:22, 14.5MB/s]\n"}
,{"stream_name":"stderr","time":262.413510936,"data":"\r 88%|████████▊ | 2.32G/2.64G [03:02\u003c00:22, 14.5MB/s]\r 88%|████████▊ | 2.32G/2.64G [03:02\u003c00:22, 14.5MB/s]\n"}
,{"stream_name":"stderr","time":262.513824585,"data":"\r 88%|████████▊ | 2.32G/2.64G [03:02\u003c00:22, 14.5MB/s]\r 88%|████████▊ | 2.32G/2.64G [03:02\u003c00:21, 14.9MB/s]\n"}
,{"stream_name":"stderr","time":262.618583798,"data":"\r 88%|████████▊ | 2.32G/2.64G [03:02\u003c00:21, 14.9MB/s]\r 88%|████████▊ | 2.32G/2.64G [03:02\u003c00:21, 14.7MB/s]\n"}
,{"stream_name":"stderr","time":262.718848656,"data":"\r 88%|████████▊ | 2.32G/2.64G [03:02\u003c00:21, 14.7MB/s]\r 88%|████████▊ | 2.33G/2.64G [03:02\u003c00:21, 14.7MB/s]\n"}
,{"stream_name":"stderr","time":262.820619631,"data":"\r 88%|████████▊ | 2.33G/2.64G [03:02\u003c00:21, 14.7MB/s]\r 88%|████████▊ | 2.33G/2.64G [03:02\u003c00:21, 14.6MB/s]\n"}
,{"stream_name":"stderr","time":262.921645137,"data":"\r 88%|████████▊ | 2.33G/2.64G [03:02\u003c00:21, 14.6MB/s]\r 88%|████████▊ | 2.33G/2.64G [03:02\u003c00:21, 14.6MB/s]\n"}
,{"stream_name":"stderr","time":263.023063636,"data":"\r 88%|████████▊ | 2.33G/2.64G [03:02\u003c00:21, 14.6MB/s]\r 88%|████████▊ | 2.33G/2.64G [03:02\u003c00:20, 14.9MB/s]\n"}
,{"stream_name":"stderr","time":263.12660409,"data":"\r 88%|████████▊ | 2.33G/2.64G [03:02\u003c00:20, 14.9MB/s]\r 88%|████████▊ | 2.33G/2.64G [03:02\u003c00:20, 14.8MB/s]\n"}
,{"stream_name":"stderr","time":263.232615558,"data":"\r 88%|████████▊ | 2.33G/2.64G [03:02\u003c00:20, 14.8MB/s]\r 88%|████████▊ | 2.33G/2.64G [03:03\u003c00:21, 14.6MB/s]\n"}
,{"stream_name":"stderr","time":263.337631569,"data":"\r 88%|████████▊ | 2.33G/2.64G [03:03\u003c00:21, 14.6MB/s]\r 88%|████████▊ | 2.33G/2.64G [03:03\u003c00:20, 14.6MB/s]\n"}
,{"stream_name":"stderr","time":263.438280737,"data":"\r 88%|████████▊ | 2.33G/2.64G [03:03\u003c00:20, 14.6MB/s]\r 88%|████████▊ | 2.34G/2.64G [03:03\u003c00:20, 15.1MB/s]\n"}
,{"stream_name":"stderr","time":263.54155242,"data":"\r 88%|████████▊ | 2.34G/2.64G [03:03\u003c00:20, 15.1MB/s]\r 89%|████████▊ | 2.34G/2.64G [03:03\u003c00:20, 15.1MB/s]\n"}
,{"stream_name":"stderr","time":263.644614686,"data":"\r 89%|████████▊ | 2.34G/2.64G [03:03\u003c00:20, 15.1MB/s]\r 89%|████████▊ | 2.34G/2.64G [03:03\u003c00:20, 14.9MB/s]\n"}
,{"stream_name":"stderr","time":263.745058538,"data":"\r 89%|████████▊ | 2.34G/2.64G [03:03\u003c00:20, 14.9MB/s]\r 89%|████████▊ | 2.34G/2.64G [03:03\u003c00:20, 14.9MB/s]\n"}
,{"stream_name":"stderr","time":263.846707516,"data":"\r 89%|████████▊ | 2.34G/2.64G [03:03\u003c00:20, 14.9MB/s]\r 89%|████████▊ | 2.34G/2.64G [03:03\u003c00:20, 14.9MB/s]\n"}
,{"stream_name":"stderr","time":263.9520594,"data":"\r 89%|████████▊ | 2.34G/2.64G [03:03\u003c00:20, 14.9MB/s]\r 89%|████████▉ | 2.34G/2.64G [03:03\u003c00:19, 15.0MB/s]\n"}
,{"stream_name":"stderr","time":264.052696917,"data":"\r 89%|████████▉ | 2.34G/2.64G [03:03\u003c00:19, 15.0MB/s]\r 89%|████████▉ | 2.35G/2.64G [03:03\u003c00:19, 15.2MB/s]\n"}
,{"stream_name":"stderr","time":264.161234191,"data":"\r 89%|████████▉ | 2.35G/2.64G [03:03\u003c00:19, 15.2MB/s]\r 89%|████████▉ | 2.35G/2.64G [03:04\u003c00:19, 14.9MB/s]\n"}
,{"stream_name":"stderr","time":264.264107708,"data":"\r 89%|████████▉ | 2.35G/2.64G [03:04\u003c00:19, 14.9MB/s]\r 89%|████████▉ | 2.35G/2.64G [03:04\u003c00:19, 14.8MB/s]\n"}
,{"stream_name":"stderr","time":264.369271388,"data":"\r 89%|████████▉ | 2.35G/2.64G [03:04\u003c00:19, 14.8MB/s]\r 89%|████████▉ | 2.35G/2.64G [03:04\u003c00:19, 15.0MB/s]\n"}
,{"stream_name":"stderr","time":264.472230991,"data":"\r 89%|████████▉ | 2.35G/2.64G [03:04\u003c00:19, 15.0MB/s]\r 89%|████████▉ | 2.35G/2.64G [03:04\u003c00:18, 15.2MB/s]\n"}
,{"stream_name":"stderr","time":264.577576185,"data":"\r 89%|████████▉ | 2.35G/2.64G [03:04\u003c00:18, 15.2MB/s]\r 89%|████████▉ | 2.35G/2.64G [03:04\u003c00:19, 15.0MB/s]\n"}
,{"stream_name":"stderr","time":264.680217312,"data":"\r 89%|████████▉ | 2.35G/2.64G [03:04\u003c00:19, 15.0MB/s]\r 89%|████████▉ | 2.35G/2.64G [03:04\u003c00:19, 14.9MB/s]\n"}
,{"stream_name":"stderr","time":264.782792544,"data":"\r 89%|████████▉ | 2.35G/2.64G [03:04\u003c00:19, 14.9MB/s]\r 89%|████████▉ | 2.36G/2.64G [03:04\u003c00:18, 15.1MB/s]\n"}
,{"stream_name":"stderr","time":264.883668905,"data":"\r 89%|████████▉ | 2.36G/2.64G [03:04\u003c00:18, 15.1MB/s]\r 89%|████████▉ | 2.36G/2.64G [03:04\u003c00:18, 15.3MB/s]\n"}
,{"stream_name":"stderr","time":264.991493672,"data":"\r 89%|████████▉ | 2.36G/2.64G [03:04\u003c00:18, 15.3MB/s]\r 89%|████████▉ | 2.36G/2.64G [03:04\u003c00:18, 15.0MB/s]\n"}
,{"stream_name":"stderr","time":265.093001279,"data":"\r 89%|████████▉ | 2.36G/2.64G [03:04\u003c00:18, 15.0MB/s]\r 89%|████████▉ | 2.36G/2.64G [03:04\u003c00:18, 14.9MB/s]\n"}
,{"stream_name":"stderr","time":265.193325511,"data":"\r 89%|████████▉ | 2.36G/2.64G [03:04\u003c00:18, 14.9MB/s]\r 89%|████████▉ | 2.36G/2.64G [03:05\u003c00:18, 15.2MB/s]\n"}
,{"stream_name":"stderr","time":265.293653709,"data":"\r 89%|████████▉ | 2.36G/2.64G [03:05\u003c00:18, 15.2MB/s]\r 90%|████████▉ | 2.36G/2.64G [03:05\u003c00:18, 15.3MB/s]\n"}
,{"stream_name":"stderr","time":265.403675681,"data":"\r 90%|████████▉ | 2.36G/2.64G [03:05\u003c00:18, 15.3MB/s]\r 90%|████████▉ | 2.37G/2.64G [03:05\u003c00:18, 14.9MB/s]\n"}
,{"stream_name":"stderr","time":265.508160711,"data":"\r 90%|████████▉ | 2.37G/2.64G [03:05\u003c00:18, 14.9MB/s]\r 90%|████████▉ | 2.37G/2.64G [03:05\u003c00:18, 14.9MB/s]\n"}
,{"stream_name":"stderr","time":265.613730653,"data":"\r 90%|████████▉ | 2.37G/2.64G [03:05\u003c00:18, 14.9MB/s]\r 90%|████████▉ | 2.37G/2.64G [03:05\u003c00:17, 15.1MB/s]\n"}
,{"stream_name":"stderr","time":265.714057285,"data":"\r 90%|████████▉ | 2.37G/2.64G [03:05\u003c00:17, 15.1MB/s]\r 90%|████████▉ | 2.37G/2.64G [03:05\u003c00:17, 15.3MB/s]\n"}
,{"stream_name":"stderr","time":265.823109215,"data":"\r 90%|████████▉ | 2.37G/2.64G [03:05\u003c00:17, 15.3MB/s]\r 90%|████████▉ | 2.37G/2.64G [03:05\u003c00:18, 14.9MB/s]\n"}
,{"stream_name":"stderr","time":265.924977015,"data":"\r 90%|████████▉ | 2.37G/2.64G [03:05\u003c00:18, 14.9MB/s]\r 90%|████████▉ | 2.37G/2.64G [03:05\u003c00:17, 14.9MB/s]\n"}
,{"stream_name":"stderr","time":266.027916923,"data":"\r 90%|████████▉ | 2.37G/2.64G [03:05\u003c00:17, 14.9MB/s]\r 90%|████████▉ | 2.37G/2.64G [03:05\u003c00:17, 15.2MB/s]\n"}
,{"stream_name":"stderr","time":266.129662658,"data":"\r 90%|████████▉ | 2.37G/2.64G [03:05\u003c00:17, 15.2MB/s]\r 90%|█████████ | 2.38G/2.64G [03:05\u003c00:17, 15.2MB/s]\n"}
,{"stream_name":"stderr","time":266.237434966,"data":"\r 90%|█████████ | 2.38G/2.64G [03:05\u003c00:17, 15.2MB/s]\r 90%|█████████ | 2.38G/2.64G [03:06\u003c00:17, 14.9MB/s]\n"}
,{"stream_name":"stderr","time":266.340728674,"data":"\r 90%|█████████ | 2.38G/2.64G [03:06\u003c00:17, 14.9MB/s]\r 90%|█████████ | 2.38G/2.64G [03:06\u003c00:17, 14.9MB/s]\n"}
,{"stream_name":"stderr","time":266.443679229,"data":"\r 90%|█████████ | 2.38G/2.64G [03:06\u003c00:17, 14.9MB/s]\r 90%|█████████ | 2.38G/2.64G [03:06\u003c00:17, 15.2MB/s]\n"}
,{"stream_name":"stderr","time":266.544002059,"data":"\r 90%|█████████ | 2.38G/2.64G [03:06\u003c00:17, 15.2MB/s]\r 90%|█████████ | 2.38G/2.64G [03:06\u003c00:16, 15.2MB/s]\n"}
,{"stream_name":"stderr","time":266.653178492,"data":"\r 90%|█████████ | 2.38G/2.64G [03:06\u003c00:16, 15.2MB/s]\r 90%|█████████ | 2.38G/2.64G [03:06\u003c00:17, 14.9MB/s]\n"}
,{"stream_name":"stderr","time":266.755423146,"data":"\r 90%|█████████ | 2.38G/2.64G [03:06\u003c00:17, 14.9MB/s]\r 90%|█████████ | 2.39G/2.64G [03:06\u003c00:17, 14.9MB/s]\n"}
,{"stream_name":"stderr","time":266.858036555,"data":"\r 90%|█████████ | 2.39G/2.64G [03:06\u003c00:17, 14.9MB/s]\r 90%|█████████ | 2.39G/2.64G [03:06\u003c00:16, 15.2MB/s]\n"}
,{"stream_name":"stderr","time":266.961087428,"data":"\r 90%|█████████ | 2.39G/2.64G [03:06\u003c00:16, 15.2MB/s]\r 90%|█████████ | 2.39G/2.64G [03:06\u003c00:16, 15.2MB/s]\n"}
,{"stream_name":"stderr","time":267.068284688,"data":"\r 90%|█████████ | 2.39G/2.64G [03:06\u003c00:16, 15.2MB/s]\r 91%|█████████ | 2.39G/2.64G [03:06\u003c00:16, 14.9MB/s]\n"}
,{"stream_name":"stderr","time":267.169305883,"data":"\r 91%|█████████ | 2.39G/2.64G [03:06\u003c00:16, 14.9MB/s]\r 91%|█████████ | 2.39G/2.64G [03:07\u003c00:16, 15.0MB/s]\n"}
,{"stream_name":"stderr","time":267.2699429,"data":"\r 91%|█████████ | 2.39G/2.64G [03:07\u003c00:16, 15.0MB/s]\r 91%|█████████ | 2.39G/2.64G [03:07\u003c00:16, 15.3MB/s]\n"}
,{"stream_name":"stderr","time":267.372306281,"data":"\r 91%|█████████ | 2.39G/2.64G [03:07\u003c00:16, 15.3MB/s]\r 91%|█████████ | 2.40G/2.64G [03:07\u003c00:16, 15.2MB/s]\n"}
,{"stream_name":"stderr","time":267.480086616,"data":"\r 91%|█████████ | 2.40G/2.64G [03:07\u003c00:16, 15.2MB/s]\r 91%|█████████ | 2.40G/2.64G [03:07\u003c00:16, 14.9MB/s]\n"}
,{"stream_name":"stderr","time":267.580213862,"data":"\r 91%|█████████ | 2.40G/2.64G [03:07\u003c00:16, 14.9MB/s]\r 91%|█████████ | 2.40G/2.64G [03:07\u003c00:16, 15.1MB/s]\n"}
,{"stream_name":"stderr","time":267.681611787,"data":"\r 91%|█████████ | 2.40G/2.64G [03:07\u003c00:16, 15.1MB/s]\r 91%|█████████ | 2.40G/2.64G [03:07\u003c00:16, 15.0MB/s]\n"}
,{"stream_name":"stderr","time":267.784337853,"data":"\r 91%|█████████ | 2.40G/2.64G [03:07\u003c00:16, 15.0MB/s]\r 91%|█████████ | 2.40G/2.64G [03:07\u003c00:15, 15.1MB/s]\n"}
,{"stream_name":"stderr","time":267.884996314,"data":"\r 91%|█████████ | 2.40G/2.64G [03:07\u003c00:15, 15.1MB/s]\r 91%|█████████ | 2.40G/2.64G [03:07\u003c00:15, 15.2MB/s]\n"}
,{"stream_name":"stderr","time":267.991473385,"data":"\r 91%|█████████ | 2.40G/2.64G [03:07\u003c00:15, 15.2MB/s]\r 91%|█████████ | 2.40G/2.64G [03:07\u003c00:15, 14.9MB/s]\n"}
,{"stream_name":"stderr","time":268.092830962,"data":"\r 91%|█████████ | 2.40G/2.64G [03:07\u003c00:15, 14.9MB/s]\r 91%|█████████ | 2.41G/2.64G [03:07\u003c00:15, 15.1MB/s]\n"}
,{"stream_name":"stderr","time":268.194991997,"data":"\r 91%|█████████ | 2.41G/2.64G [03:07\u003c00:15, 15.1MB/s]\r 91%|█████████ | 2.41G/2.64G [03:08\u003c00:15, 15.4MB/s]\n"}
,{"stream_name":"stderr","time":268.297235171,"data":"\r 91%|█████████ | 2.41G/2.64G [03:08\u003c00:15, 15.4MB/s]\r 91%|█████████ | 2.41G/2.64G [03:08\u003c00:15, 15.4MB/s]\n"}
,{"stream_name":"stderr","time":268.403906571,"data":"\r 91%|█████████ | 2.41G/2.64G [03:08\u003c00:15, 15.4MB/s]\r 91%|█████████▏| 2.41G/2.64G [03:08\u003c00:15, 15.2MB/s]\n"}
,{"stream_name":"stderr","time":268.504984285,"data":"\r 91%|█████████▏| 2.41G/2.64G [03:08\u003c00:15, 15.2MB/s]\r 91%|█████████▏| 2.41G/2.64G [03:08\u003c00:14, 15.3MB/s]\n"}
,{"stream_name":"stderr","time":268.60507987,"data":"\r 91%|█████████▏| 2.41G/2.64G [03:08\u003c00:14, 15.3MB/s]\r 91%|█████████▏| 2.41G/2.64G [03:08\u003c00:14, 15.4MB/s]\n"}
,{"stream_name":"stderr","time":268.70856752,"data":"\r 91%|█████████▏| 2.41G/2.64G [03:08\u003c00:14, 15.4MB/s]\r 91%|█████████▏| 2.42G/2.64G [03:08\u003c00:14, 15.3MB/s]\n"}
,{"stream_name":"stderr","time":268.810998929,"data":"\r 91%|█████████▏| 2.42G/2.64G [03:08\u003c00:14, 15.3MB/s]\r 92%|█████████▏| 2.42G/2.64G [03:08\u003c00:14, 15.4MB/s]\n"}
,{"stream_name":"stderr","time":268.917021535,"data":"\r 92%|█████████▏| 2.42G/2.64G [03:08\u003c00:14, 15.4MB/s]\r 92%|█████████▏| 2.42G/2.64G [03:08\u003c00:14, 15.3MB/s]\n"}
,{"stream_name":"stderr","time":269.017543786,"data":"\r 92%|█████████▏| 2.42G/2.64G [03:08\u003c00:14, 15.3MB/s]\r 92%|█████████▏| 2.42G/2.64G [03:08\u003c00:14, 15.4MB/s]\n"}
,{"stream_name":"stderr","time":269.11864727,"data":"\r 92%|█████████▏| 2.42G/2.64G [03:08\u003c00:14, 15.4MB/s]\r 92%|█████████▏| 2.42G/2.64G [03:08\u003c00:13, 15.7MB/s]\n"}
,{"stream_name":"stderr","time":269.219137518,"data":"\r 92%|█████████▏| 2.42G/2.64G [03:08\u003c00:13, 15.7MB/s]\r 92%|█████████▏| 2.42G/2.64G [03:09\u003c00:13, 15.7MB/s]\n"}
,{"stream_name":"stderr","time":269.319360619,"data":"\r 92%|█████████▏| 2.42G/2.64G [03:09\u003c00:13, 15.7MB/s]\r 92%|█████████▏| 2.42G/2.64G [03:09\u003c00:13, 15.7MB/s]\n"}
,{"stream_name":"stderr","time":269.424541037,"data":"\r 92%|█████████▏| 2.42G/2.64G [03:09\u003c00:13, 15.7MB/s]\r 92%|█████████▏| 2.43G/2.64G [03:09\u003c00:13, 15.5MB/s]\n"}
,{"stream_name":"stderr","time":269.525805417,"data":"\r 92%|█████████▏| 2.43G/2.64G [03:09\u003c00:13, 15.5MB/s]\r 92%|█████████▏| 2.43G/2.64G [03:09\u003c00:13, 15.6MB/s]\n"}
,{"stream_name":"stderr","time":269.628629153,"data":"\r 92%|█████████▏| 2.43G/2.64G [03:09\u003c00:13, 15.6MB/s]\r 92%|█████████▏| 2.43G/2.64G [03:09\u003c00:13, 16.0MB/s]\n"}
,{"stream_name":"stderr","time":269.730672576,"data":"\r 92%|█████████▏| 2.43G/2.64G [03:09\u003c00:13, 16.0MB/s]\r 92%|█████████▏| 2.43G/2.64G [03:09\u003c00:13, 16.0MB/s]\n"}
,{"stream_name":"stderr","time":269.868605631,"data":"\r 92%|█████████▏| 2.43G/2.64G [03:09\u003c00:13, 16.0MB/s]\r 92%|█████████▏| 2.43G/2.64G [03:09\u003c00:14, 14.4MB/s]\n"}
,{"stream_name":"stderr","time":269.97649542,"data":"\r 92%|█████████▏| 2.43G/2.64G [03:09\u003c00:14, 14.4MB/s]\r 92%|█████████▏| 2.43G/2.64G [03:09\u003c00:13, 14.9MB/s]\n"}
,{"stream_name":"stderr","time":270.103921379,"data":"\r 92%|█████████▏| 2.43G/2.64G [03:09\u003c00:13, 14.9MB/s]\r 92%|█████████▏| 2.44G/2.64G [03:09\u003c00:14, 14.0MB/s]\n"}
,{"stream_name":"stderr","time":270.230041086,"data":"\r 92%|█████████▏| 2.44G/2.64G [03:09\u003c00:14, 14.0MB/s]\r 92%|█████████▏| 2.44G/2.64G [03:10\u003c00:15, 13.2MB/s]\n"}
,{"stream_name":"stderr","time":270.335333909,"data":"\r 92%|█████████▏| 2.44G/2.64G [03:10\u003c00:15, 13.2MB/s]\r 92%|█████████▏| 2.44G/2.64G [03:10\u003c00:15, 13.1MB/s]\n"}
,{"stream_name":"stderr","time":270.482848001,"data":"\r 92%|█████████▏| 2.44G/2.64G [03:10\u003c00:15, 13.1MB/s]\r 92%|█████████▏| 2.44G/2.64G [03:10\u003c00:17, 11.7MB/s]\n"}
,{"stream_name":"stderr","time":270.624456652,"data":"\r 92%|█████████▏| 2.44G/2.64G [03:10\u003c00:17, 11.7MB/s]\r 92%|█████████▏| 2.44G/2.64G [03:10\u003c00:18, 10.6MB/s]\n"}
,{"stream_name":"stderr","time":270.744474354,"data":"\r 92%|█████████▏| 2.44G/2.64G [03:10\u003c00:18, 10.6MB/s]\r 93%|█████████▎| 2.44G/2.64G [03:10\u003c00:19, 10.3MB/s]\n"}
,{"stream_name":"stderr","time":270.865763763,"data":"\r 93%|█████████▎| 2.44G/2.64G [03:10\u003c00:19, 10.3MB/s]\r 93%|█████████▎| 2.44G/2.64G [03:10\u003c00:20, 9.80MB/s]\n"}
,{"stream_name":"stderr","time":270.974717026,"data":"\r 93%|█████████▎| 2.44G/2.64G [03:10\u003c00:20, 9.80MB/s]\r 93%|█████████▎| 2.44G/2.64G [03:10\u003c00:20, 9.66MB/s]\n"}
,{"stream_name":"stderr","time":271.086059137,"data":"\r 93%|█████████▎| 2.44G/2.64G [03:10\u003c00:20, 9.66MB/s]\r 93%|█████████▎| 2.45G/2.64G [03:10\u003c00:20, 9.42MB/s]\n"}
,{"stream_name":"stderr","time":271.188417345,"data":"\r 93%|█████████▎| 2.45G/2.64G [03:10\u003c00:20, 9.42MB/s]\r 93%|█████████▎| 2.45G/2.64G [03:11\u003c00:20, 9.39MB/s]\n"}
,{"stream_name":"stderr","time":271.29023278,"data":"\r 93%|█████████▎| 2.45G/2.64G [03:11\u003c00:20, 9.39MB/s]\r 93%|█████████▎| 2.45G/2.64G [03:11\u003c00:20, 9.37MB/s]\n"}
,{"stream_name":"stderr","time":271.390791481,"data":"\r 93%|█████████▎| 2.45G/2.64G [03:11\u003c00:20, 9.37MB/s]\r 93%|█████████▎| 2.45G/2.64G [03:11\u003c00:20, 9.47MB/s]\n"}
,{"stream_name":"stderr","time":271.492582414,"data":"\r 93%|█████████▎| 2.45G/2.64G [03:11\u003c00:20, 9.47MB/s]\r 93%|█████████▎| 2.45G/2.64G [03:11\u003c00:20, 9.43MB/s]\n"}
,{"stream_name":"stderr","time":271.596908876,"data":"\r 93%|█████████▎| 2.45G/2.64G [03:11\u003c00:20, 9.43MB/s]\r 93%|█████████▎| 2.45G/2.64G [03:11\u003c00:20, 9.34MB/s]\n"}
,{"stream_name":"stderr","time":271.698841701,"data":"\r 93%|█████████▎| 2.45G/2.64G [03:11\u003c00:20, 9.34MB/s]\r 93%|█████████▎| 2.45G/2.64G [03:11\u003c00:20, 9.42MB/s]\n"}
,{"stream_name":"stderr","time":271.801936052,"data":"\r 93%|█████████▎| 2.45G/2.64G [03:11\u003c00:20, 9.42MB/s]\r 93%|█████████▎| 2.45G/2.64G [03:11\u003c00:19, 9.55MB/s]\n"}
,{"stream_name":"stderr","time":271.903709596,"data":"\r 93%|█████████▎| 2.45G/2.64G [03:11\u003c00:19, 9.55MB/s]\r 93%|█████████▎| 2.45G/2.64G [03:11\u003c00:19, 9.68MB/s]\n"}
,{"stream_name":"stderr","time":272.008772532,"data":"\r 93%|█████████▎| 2.45G/2.64G [03:11\u003c00:19, 9.68MB/s]\r 93%|█████████▎| 2.45G/2.64G [03:11\u003c00:19, 9.58MB/s]\n"}
,{"stream_name":"stderr","time":272.112122041,"data":"\r 93%|█████████▎| 2.45G/2.64G [03:11\u003c00:19, 9.58MB/s]\r 93%|█████████▎| 2.46G/2.64G [03:11\u003c00:19, 9.66MB/s]\n"}
,{"stream_name":"stderr","time":272.21313418,"data":"\r 93%|█████████▎| 2.46G/2.64G [03:11\u003c00:19, 9.66MB/s]\r 93%|█████████▎| 2.46G/2.64G [03:12\u003c00:18, 9.77MB/s]\n"}
,{"stream_name":"stderr","time":272.317098421,"data":"\r 93%|█████████▎| 2.46G/2.64G [03:12\u003c00:18, 9.77MB/s]\r 93%|█████████▎| 2.46G/2.64G [03:12\u003c00:18, 9.87MB/s]\n"}
,{"stream_name":"stderr","time":272.420795067,"data":"\r 93%|█████████▎| 2.46G/2.64G [03:12\u003c00:18, 9.87MB/s]\r 93%|█████████▎| 2.46G/2.64G [03:12\u003c00:18, 9.84MB/s]\n"}
,{"stream_name":"stderr","time":272.522446768,"data":"\r 93%|█████████▎| 2.46G/2.64G [03:12\u003c00:18, 9.84MB/s]\r 93%|█████████▎| 2.46G/2.64G [03:12\u003c00:18, 9.89MB/s]\n"}
,{"stream_name":"stderr","time":272.623811727,"data":"\r 93%|█████████▎| 2.46G/2.64G [03:12\u003c00:18, 9.89MB/s]\r 93%|█████████▎| 2.46G/2.64G [03:12\u003c00:18, 9.93MB/s]\n"}
,{"stream_name":"stderr","time":272.725611235,"data":"\r 93%|█████████▎| 2.46G/2.64G [03:12\u003c00:18, 9.93MB/s]\r 93%|█████████▎| 2.46G/2.64G [03:12\u003c00:17, 9.95MB/s]\n"}
,{"stream_name":"stderr","time":272.826764646,"data":"\r 93%|█████████▎| 2.46G/2.64G [03:12\u003c00:17, 9.95MB/s]\r 93%|█████████▎| 2.46G/2.64G [03:12\u003c00:17, 10.1MB/s]\n"}
,{"stream_name":"stderr","time":272.928785828,"data":"\r 93%|█████████▎| 2.46G/2.64G [03:12\u003c00:17, 10.1MB/s]\r 93%|█████████▎| 2.46G/2.64G [03:12\u003c00:17, 10.0MB/s]\n"}
,{"stream_name":"stderr","time":273.034141511,"data":"\r 93%|█████████▎| 2.46G/2.64G [03:12\u003c00:17, 10.0MB/s]\r 93%|█████████▎| 2.46G/2.64G [03:12\u003c00:17, 10.0MB/s]\n"}
,{"stream_name":"stderr","time":273.139062237,"data":"\r 93%|█████████▎| 2.46G/2.64G [03:12\u003c00:17, 10.0MB/s]\r 93%|█████████▎| 2.47G/2.64G [03:13\u003c00:17, 10.1MB/s]\n"}
,{"stream_name":"stderr","time":273.24159974,"data":"\r 93%|█████████▎| 2.47G/2.64G [03:13\u003c00:17, 10.1MB/s]\r 93%|█████████▎| 2.47G/2.64G [03:13\u003c00:16, 10.2MB/s]\n"}
,{"stream_name":"stderr","time":273.349996305,"data":"\r 93%|█████████▎| 2.47G/2.64G [03:13\u003c00:16, 10.2MB/s]\r 93%|█████████▎| 2.47G/2.64G [03:13\u003c00:17, 10.1MB/s]\n"}
,{"stream_name":"stderr","time":273.454254921,"data":"\r 93%|█████████▎| 2.47G/2.64G [03:13\u003c00:17, 10.1MB/s]\r 94%|█████████▎| 2.47G/2.64G [03:13\u003c00:16, 10.2MB/s]\n"}
,{"stream_name":"stderr","time":273.555130786,"data":"\r 94%|█████████▎| 2.47G/2.64G [03:13\u003c00:16, 10.2MB/s]\r 94%|█████████▎| 2.47G/2.64G [03:13\u003c00:16, 10.2MB/s]\n"}
,{"stream_name":"stderr","time":273.659760223,"data":"\r 94%|█████████▎| 2.47G/2.64G [03:13\u003c00:16, 10.2MB/s]\r 94%|█████████▎| 2.47G/2.64G [03:13\u003c00:16, 10.3MB/s]\n"}
,{"stream_name":"stderr","time":273.764988968,"data":"\r 94%|█████████▎| 2.47G/2.64G [03:13\u003c00:16, 10.3MB/s]\r 94%|█████████▎| 2.47G/2.64G [03:13\u003c00:16, 10.2MB/s]\n"}
,{"stream_name":"stderr","time":273.868183505,"data":"\r 94%|█████████▎| 2.47G/2.64G [03:13\u003c00:16, 10.2MB/s]\r 94%|█████████▎| 2.47G/2.64G [03:13\u003c00:16, 10.2MB/s]\n"}
,{"stream_name":"stderr","time":273.972055583,"data":"\r 94%|█████████▎| 2.47G/2.64G [03:13\u003c00:16, 10.2MB/s]\r 94%|█████████▎| 2.47G/2.64G [03:13\u003c00:16, 10.3MB/s]\n"}
,{"stream_name":"stderr","time":274.076203123,"data":"\r 94%|█████████▎| 2.47G/2.64G [03:13\u003c00:16, 10.3MB/s]\r 94%|█████████▍| 2.48G/2.64G [03:13\u003c00:15, 10.4MB/s]\n"}
,{"stream_name":"stderr","time":274.181520483,"data":"\r 94%|█████████▍| 2.48G/2.64G [03:13\u003c00:15, 10.4MB/s]\r 94%|█████████▍| 2.48G/2.64G [03:14\u003c00:15, 10.3MB/s]\n"}
,{"stream_name":"stderr","time":274.283532565,"data":"\r 94%|█████████▍| 2.48G/2.64G [03:14\u003c00:15, 10.3MB/s]\r 94%|█████████▍| 2.48G/2.64G [03:14\u003c00:15, 10.3MB/s]\n"}
,{"stream_name":"stderr","time":274.388923753,"data":"\r 94%|█████████▍| 2.48G/2.64G [03:14\u003c00:15, 10.3MB/s]\r 94%|█████████▍| 2.48G/2.64G [03:14\u003c00:15, 10.3MB/s]\n"}
,{"stream_name":"stderr","time":274.492555163,"data":"\r 94%|█████████▍| 2.48G/2.64G [03:14\u003c00:15, 10.3MB/s]\r 94%|█████████▍| 2.48G/2.64G [03:14\u003c00:15, 10.4MB/s]\n"}
,{"stream_name":"stderr","time":274.596118408,"data":"\r 94%|█████████▍| 2.48G/2.64G [03:14\u003c00:15, 10.4MB/s]\r 94%|█████████▍| 2.48G/2.64G [03:14\u003c00:15, 10.3MB/s]\n"}
,{"stream_name":"stderr","time":274.699263414,"data":"\r 94%|█████████▍| 2.48G/2.64G [03:14\u003c00:15, 10.3MB/s]\r 94%|█████████▍| 2.48G/2.64G [03:14\u003c00:15, 10.3MB/s]\n"}
,{"stream_name":"stderr","time":274.802846174,"data":"\r 94%|█████████▍| 2.48G/2.64G [03:14\u003c00:15, 10.3MB/s]\r 94%|█████████▍| 2.48G/2.64G [03:14\u003c00:15, 10.3MB/s]\n"}
,{"stream_name":"stderr","time":274.904095325,"data":"\r 94%|█████████▍| 2.48G/2.64G [03:14\u003c00:15, 10.3MB/s]\r 94%|█████████▍| 2.48G/2.64G [03:14\u003c00:14, 10.4MB/s]\n"}
,{"stream_name":"stderr","time":275.006216448,"data":"\r 94%|█████████▍| 2.48G/2.64G [03:14\u003c00:14, 10.4MB/s]\r 94%|█████████▍| 2.49G/2.64G [03:14\u003c00:14, 10.4MB/s]\n"}
,{"stream_name":"stderr","time":275.110062618,"data":"\r 94%|█████████▍| 2.49G/2.64G [03:14\u003c00:14, 10.4MB/s]\r 94%|█████████▍| 2.49G/2.64G [03:14\u003c00:14, 10.3MB/s]\n"}
,{"stream_name":"stderr","time":275.213240892,"data":"\r 94%|█████████▍| 2.49G/2.64G [03:14\u003c00:14, 10.3MB/s]\r 94%|█████████▍| 2.49G/2.64G [03:15\u003c00:14, 10.4MB/s]\n"}
,{"stream_name":"stderr","time":275.318352133,"data":"\r 94%|█████████▍| 2.49G/2.64G [03:15\u003c00:14, 10.4MB/s]\r 94%|█████████▍| 2.49G/2.64G [03:15\u003c00:14, 10.4MB/s]\n"}
,{"stream_name":"stderr","time":275.423077266,"data":"\r 94%|█████████▍| 2.49G/2.64G [03:15\u003c00:14, 10.4MB/s]\r 94%|█████████▍| 2.49G/2.64G [03:15\u003c00:14, 10.3MB/s]\n"}
,{"stream_name":"stderr","time":275.544762408,"data":"\r 94%|█████████▍| 2.49G/2.64G [03:15\u003c00:14, 10.3MB/s]\r 94%|█████████▍| 2.49G/2.64G [03:15\u003c00:15, 9.75MB/s]\n"}
,{"stream_name":"stderr","time":275.676985626,"data":"\r 94%|█████████▍| 2.49G/2.64G [03:15\u003c00:15, 9.75MB/s]\r 94%|█████████▍| 2.49G/2.64G [03:15\u003c00:16, 8.95MB/s]\n"}
,{"stream_name":"stderr","time":275.791811679,"data":"\r 94%|█████████▍| 2.49G/2.64G [03:15\u003c00:16, 8.95MB/s]\r 94%|█████████▍| 2.49G/2.64G [03:15\u003c00:17, 8.67MB/s]\n"}
,{"stream_name":"stderr","time":275.911032948,"data":"\r 94%|█████████▍| 2.49G/2.64G [03:15\u003c00:17, 8.67MB/s]\r 94%|█████████▍| 2.49G/2.64G [03:15\u003c00:17, 8.28MB/s]\n"}
,{"stream_name":"stderr","time":276.018058474,"data":"\r 94%|█████████▍| 2.49G/2.64G [03:15\u003c00:17, 8.28MB/s]\r 94%|█████████▍| 2.49G/2.64G [03:15\u003c00:17, 8.19MB/s]\n"}
,{"stream_name":"stderr","time":276.122072133,"data":"\r 94%|█████████▍| 2.49G/2.64G [03:15\u003c00:17, 8.19MB/s]\r 94%|█████████▍| 2.50G/2.64G [03:15\u003c00:17, 8.19MB/s]\n"}
,{"stream_name":"stderr","time":276.231827001,"data":"\r 94%|█████████▍| 2.50G/2.64G [03:15\u003c00:17, 8.19MB/s]\r 95%|█████████▍| 2.50G/2.64G [03:16\u003c00:17, 8.06MB/s]\n"}
,{"stream_name":"stderr","time":276.333534291,"data":"\r 95%|█████████▍| 2.50G/2.64G [03:16\u003c00:17, 8.06MB/s]\r 95%|█████████▍| 2.50G/2.64G [03:16\u003c00:17, 8.06MB/s]\n"}
,{"stream_name":"stderr","time":276.438012895,"data":"\r 95%|█████████▍| 2.50G/2.64G [03:16\u003c00:17, 8.06MB/s]\r 95%|█████████▍| 2.50G/2.64G [03:16\u003c00:17, 8.27MB/s]\n"}
,{"stream_name":"stderr","time":276.538292804,"data":"\r 95%|█████████▍| 2.50G/2.64G [03:16\u003c00:17, 8.27MB/s]\r 95%|█████████▍| 2.50G/2.64G [03:16\u003c00:17, 8.34MB/s]\n"}
,{"stream_name":"stderr","time":276.645206999,"data":"\r 95%|█████████▍| 2.50G/2.64G [03:16\u003c00:17, 8.34MB/s]\r 95%|█████████▍| 2.50G/2.64G [03:16\u003c00:17, 8.22MB/s]\n"}
,{"stream_name":"stderr","time":276.748972672,"data":"\r 95%|█████████▍| 2.50G/2.64G [03:16\u003c00:17, 8.22MB/s]\r 95%|█████████▍| 2.50G/2.64G [03:16\u003c00:16, 8.41MB/s]\n"}
,{"stream_name":"stderr","time":276.84900293,"data":"\r 95%|█████████▍| 2.50G/2.64G [03:16\u003c00:16, 8.41MB/s]\r 95%|█████████▍| 2.50G/2.64G [03:16\u003c00:16, 8.63MB/s]\n"}
,{"stream_name":"stderr","time":276.952149874,"data":"\r 95%|█████████▍| 2.50G/2.64G [03:16\u003c00:16, 8.63MB/s]\r 95%|█████████▍| 2.50G/2.64G [03:16\u003c00:15, 8.71MB/s]\n"}
,{"stream_name":"stderr","time":277.054522472,"data":"\r 95%|█████████▍| 2.50G/2.64G [03:16\u003c00:15, 8.71MB/s]\r 95%|█████████▍| 2.50G/2.64G [03:16\u003c00:15, 8.69MB/s]\n"}
,{"stream_name":"stderr","time":277.161048958,"data":"\r 95%|█████████▍| 2.50G/2.64G [03:16\u003c00:15, 8.69MB/s]\r 95%|█████████▍| 2.50G/2.64G [03:17\u003c00:15, 8.76MB/s]\n"}
,{"stream_name":"stderr","time":277.263165826,"data":"\r 95%|█████████▍| 2.50G/2.64G [03:17\u003c00:15, 8.76MB/s]\r 95%|█████████▍| 2.51G/2.64G [03:17\u003c00:15, 9.02MB/s]\n"}
,{"stream_name":"stderr","time":277.36727402,"data":"\r 95%|█████████▍| 2.51G/2.64G [03:17\u003c00:15, 9.02MB/s]\r 95%|█████████▍| 2.51G/2.64G [03:17\u003c00:14, 9.05MB/s]\n"}
,{"stream_name":"stderr","time":277.473526896,"data":"\r 95%|█████████▍| 2.51G/2.64G [03:17\u003c00:14, 9.05MB/s]\r 95%|█████████▍| 2.51G/2.64G [03:17\u003c00:14, 9.02MB/s]\n"}
,{"stream_name":"stderr","time":277.574673959,"data":"\r 95%|█████████▍| 2.51G/2.64G [03:17\u003c00:14, 9.02MB/s]\r 95%|█████████▍| 2.51G/2.64G [03:17\u003c00:14, 9.13MB/s]\n"}
,{"stream_name":"stderr","time":277.677134773,"data":"\r 95%|█████████▍| 2.51G/2.64G [03:17\u003c00:14, 9.13MB/s]\r 95%|█████████▌| 2.51G/2.64G [03:17\u003c00:14, 9.39MB/s]\n"}
,{"stream_name":"stderr","time":277.776543103,"data":"\r 95%|█████████▌| 2.51G/2.64G [03:17\u003c00:14, 9.39MB/s]\r 95%|█████████▌| 2.51G/2.64G [03:17\u003c00:13, 9.42MB/s]\n"}
,{"stream_name":"stderr","time":277.877108942,"data":"\r 95%|█████████▌| 2.51G/2.64G [03:17\u003c00:13, 9.42MB/s]\r 95%|█████████▌| 2.51G/2.64G [03:17\u003c00:13, 9.52MB/s]\n"}
,{"stream_name":"stderr","time":277.984650525,"data":"\r 95%|█████████▌| 2.51G/2.64G [03:17\u003c00:13, 9.52MB/s]\r 95%|█████████▌| 2.51G/2.64G [03:17\u003c00:13, 9.40MB/s]\n"}
,{"stream_name":"stderr","time":278.094002167,"data":"\r 95%|█████████▌| 2.51G/2.64G [03:17\u003c00:13, 9.40MB/s]\r 95%|█████████▌| 2.51G/2.64G [03:17\u003c00:13, 9.18MB/s]\n"}
,{"stream_name":"stderr","time":278.232990868,"data":"\r 95%|█████████▌| 2.51G/2.64G [03:17\u003c00:13, 9.18MB/s]\r 95%|█████████▌| 2.51G/2.64G [03:18\u003c00:15, 8.33MB/s]\n"}
,{"stream_name":"stderr","time":278.354664572,"data":"\r 95%|█████████▌| 2.51G/2.64G [03:18\u003c00:15, 8.33MB/s]\r 95%|█████████▌| 2.51G/2.64G [03:18\u003c00:15, 7.92MB/s]\n"}
,{"stream_name":"stderr","time":278.464854781,"data":"\r 95%|█████████▌| 2.51G/2.64G [03:18\u003c00:15, 7.92MB/s]\r 95%|█████████▌| 2.52G/2.64G [03:18\u003c00:16, 7.78MB/s]\n"}
,{"stream_name":"stderr","time":278.575760686,"data":"\r 95%|█████████▌| 2.52G/2.64G [03:18\u003c00:16, 7.78MB/s]\r 95%|█████████▌| 2.52G/2.64G [03:18\u003c00:16, 7.58MB/s]\n"}
,{"stream_name":"stderr","time":278.68877958,"data":"\r 95%|█████████▌| 2.52G/2.64G [03:18\u003c00:16, 7.58MB/s]\r 95%|█████████▌| 2.52G/2.64G [03:18\u003c00:16, 7.39MB/s]\n"}
,{"stream_name":"stderr","time":278.793586849,"data":"\r 95%|█████████▌| 2.52G/2.64G [03:18\u003c00:16, 7.39MB/s]\r 95%|█████████▌| 2.52G/2.64G [03:18\u003c00:16, 7.51MB/s]\n"}
,{"stream_name":"stderr","time":278.906188461,"data":"\r 95%|█████████▌| 2.52G/2.64G [03:18\u003c00:16, 7.51MB/s]\r 95%|█████████▌| 2.52G/2.64G [03:18\u003c00:16, 7.35MB/s]\n"}
,{"stream_name":"stderr","time":279.013382562,"data":"\r 95%|█████████▌| 2.52G/2.64G [03:18\u003c00:16, 7.35MB/s]\r 95%|█████████▌| 2.52G/2.64G [03:18\u003c00:16, 7.35MB/s]\n"}
,{"stream_name":"stderr","time":279.116961964,"data":"\r 95%|█████████▌| 2.52G/2.64G [03:18\u003c00:16, 7.35MB/s]\r 95%|█████████▌| 2.52G/2.64G [03:18\u003c00:15, 7.60MB/s]\n"}
,{"stream_name":"stderr","time":279.223952775,"data":"\r 95%|█████████▌| 2.52G/2.64G [03:18\u003c00:15, 7.60MB/s]\r 95%|█████████▌| 2.52G/2.64G [03:19\u003c00:15, 7.53MB/s]\n"}
,{"stream_name":"stderr","time":279.326936608,"data":"\r 95%|█████████▌| 2.52G/2.64G [03:19\u003c00:15, 7.53MB/s]\r 96%|█████████▌| 2.52G/2.64G [03:19\u003c00:15, 7.56MB/s]\n"}
,{"stream_name":"stderr","time":279.42982534,"data":"\r 96%|█████████▌| 2.52G/2.64G [03:19\u003c00:15, 7.56MB/s]\r 96%|█████████▌| 2.52G/2.64G [03:19\u003c00:15, 7.58MB/s]\n"}
,{"stream_name":"stderr","time":279.532472326,"data":"\r 96%|█████████▌| 2.52G/2.64G [03:19\u003c00:15, 7.58MB/s]\r 96%|█████████▌| 2.52G/2.64G [03:19\u003c00:15, 7.70MB/s]\n"}
,{"stream_name":"stderr","time":279.633450865,"data":"\r 96%|█████████▌| 2.52G/2.64G [03:19\u003c00:15, 7.70MB/s]\r 96%|█████████▌| 2.52G/2.64G [03:19\u003c00:15, 7.72MB/s]\n"}
,{"stream_name":"stderr","time":279.737218376,"data":"\r 96%|█████████▌| 2.52G/2.64G [03:19\u003c00:15, 7.72MB/s]\r 96%|█████████▌| 2.52G/2.64G [03:19\u003c00:15, 7.68MB/s]\n"}
,{"stream_name":"stderr","time":279.839122139,"data":"\r 96%|█████████▌| 2.52G/2.64G [03:19\u003c00:15, 7.68MB/s]\r 96%|█████████▌| 2.53G/2.64G [03:19\u003c00:14, 7.69MB/s]\n"}
,{"stream_name":"stderr","time":279.939189865,"data":"\r 96%|█████████▌| 2.53G/2.64G [03:19\u003c00:14, 7.69MB/s]\r 96%|█████████▌| 2.53G/2.64G [03:19\u003c00:14, 7.83MB/s]\n"}
,{"stream_name":"stderr","time":280.04031144,"data":"\r 96%|█████████▌| 2.53G/2.64G [03:19\u003c00:14, 7.83MB/s]\r 96%|█████████▌| 2.53G/2.64G [03:19\u003c00:14, 8.01MB/s]\n"}
,{"stream_name":"stderr","time":280.147219002,"data":"\r 96%|█████████▌| 2.53G/2.64G [03:19\u003c00:14, 8.01MB/s]\r 96%|█████████▌| 2.53G/2.64G [03:20\u003c00:14, 7.91MB/s]\n"}
,{"stream_name":"stderr","time":280.252292201,"data":"\r 96%|█████████▌| 2.53G/2.64G [03:20\u003c00:14, 7.91MB/s]\r 96%|█████████▌| 2.53G/2.64G [03:20\u003c00:14, 7.87MB/s]\n"}
,{"stream_name":"stderr","time":280.376070782,"data":"\r 96%|█████████▌| 2.53G/2.64G [03:20\u003c00:14, 7.87MB/s]\r 96%|█████████▌| 2.53G/2.64G [03:20\u003c00:14, 7.45MB/s]\n"}
,{"stream_name":"stderr","time":280.481114649,"data":"\r 96%|█████████▌| 2.53G/2.64G [03:20\u003c00:14, 7.45MB/s]\r 96%|█████████▌| 2.53G/2.64G [03:20\u003c00:14, 7.37MB/s]\n"}
,{"stream_name":"stderr","time":280.640454798,"data":"\r 96%|█████████▌| 2.53G/2.64G [03:20\u003c00:14, 7.37MB/s]\r 96%|█████████▌| 2.53G/2.64G [03:20\u003c00:17, 6.36MB/s]\n"}
,{"stream_name":"stderr","time":280.771220368,"data":"\r 96%|█████████▌| 2.53G/2.64G [03:20\u003c00:17, 6.36MB/s]\r 96%|█████████▌| 2.53G/2.64G [03:20\u003c00:18, 6.01MB/s]\n"}
,{"stream_name":"stderr","time":280.910409489,"data":"\r 96%|█████████▌| 2.53G/2.64G [03:20\u003c00:18, 6.01MB/s]\r 96%|█████████▌| 2.53G/2.64G [03:20\u003c00:19, 5.52MB/s]\n"}
,{"stream_name":"stderr","time":281.048973988,"data":"\r 96%|█████████▌| 2.53G/2.64G [03:20\u003c00:19, 5.52MB/s]\r 96%|█████████▌| 2.53G/2.64G [03:20\u003c00:20, 5.12MB/s]\n"}
,{"stream_name":"stderr","time":281.182403792,"data":"\r 96%|█████████▌| 2.53G/2.64G [03:20\u003c00:20, 5.12MB/s]\r 96%|█████████▌| 2.53G/2.64G [03:21\u003c00:22, 4.84MB/s]\n"}
,{"stream_name":"stderr","time":281.289319207,"data":"\r 96%|█████████▌| 2.53G/2.64G [03:21\u003c00:22, 4.84MB/s]\r 96%|█████████▌| 2.53G/2.64G [03:21\u003c00:21, 4.85MB/s]\n"}
,{"stream_name":"stderr","time":281.4185009,"data":"\r 96%|█████████▌| 2.53G/2.64G [03:21\u003c00:21, 4.85MB/s]\r 96%|█████████▌| 2.53G/2.64G [03:21\u003c00:22, 4.61MB/s]\n"}
,{"stream_name":"stderr","time":281.520428033,"data":"\r 96%|█████████▌| 2.53G/2.64G [03:21\u003c00:22, 4.61MB/s]\r 96%|█████████▌| 2.54G/2.64G [03:21\u003c00:22, 4.75MB/s]\n"}
,{"stream_name":"stderr","time":281.632742759,"data":"\r 96%|█████████▌| 2.54G/2.64G [03:21\u003c00:22, 4.75MB/s]\r 96%|█████████▌| 2.54G/2.64G [03:21\u003c00:22, 4.64MB/s]\n"}
,{"stream_name":"stderr","time":281.743355581,"data":"\r 96%|█████████▌| 2.54G/2.64G [03:21\u003c00:22, 4.64MB/s]\r 96%|█████████▌| 2.54G/2.64G [03:21\u003c00:22, 4.59MB/s]\n"}
,{"stream_name":"stderr","time":281.846790795,"data":"\r 96%|█████████▌| 2.54G/2.64G [03:21\u003c00:22, 4.59MB/s]\r 96%|█████████▌| 2.54G/2.64G [03:21\u003c00:21, 4.72MB/s]\n"}
,{"stream_name":"stderr","time":281.954112298,"data":"\r 96%|█████████▌| 2.54G/2.64G [03:21\u003c00:21, 4.72MB/s]\r 96%|█████████▌| 2.54G/2.64G [03:21\u003c00:22, 4.68MB/s]\n"}
,{"stream_name":"stderr","time":282.067610994,"data":"\r 96%|█████████▌| 2.54G/2.64G [03:21\u003c00:22, 4.68MB/s]\r 96%|█████████▌| 2.54G/2.64G [03:21\u003c00:22, 4.58MB/s]\n"}
,{"stream_name":"stderr","time":282.175606454,"data":"\r 96%|█████████▌| 2.54G/2.64G [03:21\u003c00:22, 4.58MB/s]\r 96%|█████████▌| 2.54G/2.64G [03:22\u003c00:21, 4.73MB/s]\n"}
,{"stream_name":"stderr","time":282.276888558,"data":"\r 96%|█████████▌| 2.54G/2.64G [03:22\u003c00:21, 4.73MB/s]\r 96%|█████████▌| 2.54G/2.64G [03:22\u003c00:21, 4.77MB/s]\n"}
,{"stream_name":"stderr","time":282.38909263,"data":"\r 96%|█████████▌| 2.54G/2.64G [03:22\u003c00:21, 4.77MB/s]\r 96%|█████████▌| 2.54G/2.64G [03:22\u003c00:21, 4.65MB/s]\n"}
,{"stream_name":"stderr","time":282.494741604,"data":"\r 96%|█████████▌| 2.54G/2.64G [03:22\u003c00:21, 4.65MB/s]\r 96%|█████████▌| 2.54G/2.64G [03:22\u003c00:20, 4.83MB/s]\n"}
,{"stream_name":"stderr","time":282.602996385,"data":"\r 96%|█████████▌| 2.54G/2.64G [03:22\u003c00:20, 4.83MB/s]\r 96%|█████████▌| 2.54G/2.64G [03:22\u003c00:20, 4.83MB/s]\n"}
,{"stream_name":"stderr","time":282.712970361,"data":"\r 96%|█████████▌| 2.54G/2.64G [03:22\u003c00:20, 4.83MB/s]\r 96%|█████████▌| 2.54G/2.64G [03:22\u003c00:21, 4.72MB/s]\n"}
,{"stream_name":"stderr","time":282.818397802,"data":"\r 96%|█████████▌| 2.54G/2.64G [03:22\u003c00:21, 4.72MB/s]\r 96%|█████████▋| 2.54G/2.64G [03:22\u003c00:20, 4.89MB/s]\n"}
,{"stream_name":"stderr","time":282.925103691,"data":"\r 96%|█████████▋| 2.54G/2.64G [03:22\u003c00:20, 4.89MB/s]\r 96%|█████████▋| 2.54G/2.64G [03:22\u003c00:20, 4.90MB/s]\n"}
,{"stream_name":"stderr","time":283.03677126,"data":"\r 96%|█████████▋| 2.54G/2.64G [03:22\u003c00:20, 4.90MB/s]\r 96%|█████████▋| 2.54G/2.64G [03:22\u003c00:20, 4.75MB/s]\n"}
,{"stream_name":"stderr","time":283.14663174,"data":"\r 96%|█████████▋| 2.54G/2.64G [03:22\u003c00:20, 4.75MB/s]\r 96%|█████████▋| 2.54G/2.64G [03:23\u003c00:19, 4.93MB/s]\n"}
,{"stream_name":"stderr","time":283.25845516,"data":"\r 96%|█████████▋| 2.54G/2.64G [03:23\u003c00:19, 4.93MB/s]\r 96%|█████████▋| 2.54G/2.64G [03:23\u003c00:19, 4.86MB/s]\n"}
,{"stream_name":"stderr","time":283.360206466,"data":"\r 96%|█████████▋| 2.54G/2.64G [03:23\u003c00:19, 4.86MB/s]\r 96%|█████████▋| 2.54G/2.64G [03:23\u003c00:19, 4.85MB/s]\n"}
,{"stream_name":"stderr","time":283.464655112,"data":"\r 96%|█████████▋| 2.54G/2.64G [03:23\u003c00:19, 4.85MB/s]\r 96%|█████████▋| 2.54G/2.64G [03:23\u003c00:19, 4.99MB/s]\n"}
,{"stream_name":"stderr","time":283.570236841,"data":"\r 96%|█████████▋| 2.54G/2.64G [03:23\u003c00:19, 4.99MB/s]\r 96%|█████████▋| 2.55G/2.64G [03:23\u003c00:19, 4.98MB/s]\n"}
,{"stream_name":"stderr","time":283.683232203,"data":"\r 96%|█████████▋| 2.55G/2.64G [03:23\u003c00:19, 4.98MB/s]\r 96%|█████████▋| 2.55G/2.64G [03:23\u003c00:19, 4.88MB/s]\n"}
,{"stream_name":"stderr","time":283.785040961,"data":"\r 96%|█████████▋| 2.55G/2.64G [03:23\u003c00:19, 4.88MB/s]\r 96%|█████████▋| 2.55G/2.64G [03:23\u003c00:18, 5.05MB/s]\n"}
,{"stream_name":"stderr","time":283.893873518,"data":"\r 96%|█████████▋| 2.55G/2.64G [03:23\u003c00:18, 5.05MB/s]\r 96%|█████████▋| 2.55G/2.64G [03:23\u003c00:18, 4.98MB/s]\n"}
,{"stream_name":"stderr","time":284.006756535,"data":"\r 96%|█████████▋| 2.55G/2.64G [03:23\u003c00:18, 4.98MB/s]\r 96%|█████████▋| 2.55G/2.64G [03:23\u003c00:19, 4.88MB/s]\n"}
,{"stream_name":"stderr","time":284.117810158,"data":"\r 96%|█████████▋| 2.55G/2.64G [03:23\u003c00:19, 4.88MB/s]\r 96%|█████████▋| 2.55G/2.64G [03:23\u003c00:18, 5.01MB/s]\n"}
,{"stream_name":"stderr","time":284.224067481,"data":"\r 96%|█████████▋| 2.55G/2.64G [03:23\u003c00:18, 5.01MB/s]\r 97%|█████████▋| 2.55G/2.64G [03:24\u003c00:18, 4.98MB/s]\n"}
,{"stream_name":"stderr","time":284.330210623,"data":"\r 97%|█████████▋| 2.55G/2.64G [03:24\u003c00:18, 4.98MB/s]\r 97%|█████████▋| 2.55G/2.64G [03:24\u003c00:18, 4.97MB/s]\n"}
,{"stream_name":"stderr","time":284.441110436,"data":"\r 97%|█████████▋| 2.55G/2.64G [03:24\u003c00:18, 4.97MB/s]\r 97%|█████████▋| 2.55G/2.64G [03:24\u003c00:18, 4.99MB/s]\n"}
,{"stream_name":"stderr","time":284.560707476,"data":"\r 97%|█████████▋| 2.55G/2.64G [03:24\u003c00:18, 4.99MB/s]\r 97%|█████████▋| 2.55G/2.64G [03:24\u003c00:18, 4.88MB/s]\n"}
,{"stream_name":"stderr","time":284.671985163,"data":"\r 97%|█████████▋| 2.55G/2.64G [03:24\u003c00:18, 4.88MB/s]\r 97%|█████████▋| 2.55G/2.64G [03:24\u003c00:17, 5.01MB/s]\n"}
,{"stream_name":"stderr","time":284.791148888,"data":"\r 97%|█████████▋| 2.55G/2.64G [03:24\u003c00:17, 5.01MB/s]\r 97%|█████████▋| 2.55G/2.64G [03:24\u003c00:18, 4.90MB/s]\n"}
,{"stream_name":"stderr","time":284.899489558,"data":"\r 97%|█████████▋| 2.55G/2.64G [03:24\u003c00:18, 4.90MB/s]\r 97%|█████████▋| 2.55G/2.64G [03:24\u003c00:17, 5.06MB/s]\n"}
,{"stream_name":"stderr","time":285.002647317,"data":"\r 97%|█████████▋| 2.55G/2.64G [03:24\u003c00:17, 5.06MB/s]\r 97%|█████████▋| 2.55G/2.64G [03:24\u003c00:17, 5.06MB/s]\n"}
,{"stream_name":"stderr","time":285.114768742,"data":"\r 97%|█████████▋| 2.55G/2.64G [03:24\u003c00:17, 5.06MB/s]\r 97%|█████████▋| 2.55G/2.64G [03:24\u003c00:17, 4.95MB/s]\n"}
,{"stream_name":"stderr","time":285.221204579,"data":"\r 97%|█████████▋| 2.55G/2.64G [03:24\u003c00:17, 4.95MB/s]\r 97%|█████████▋| 2.55G/2.64G [03:25\u003c00:17, 5.03MB/s]\n"}
,{"stream_name":"stderr","time":285.325977883,"data":"\r 97%|█████████▋| 2.55G/2.64G [03:25\u003c00:17, 5.03MB/s]\r 97%|█████████▋| 2.55G/2.64G [03:25\u003c00:17, 5.02MB/s]\n"}
,{"stream_name":"stderr","time":285.439114502,"data":"\r 97%|█████████▋| 2.55G/2.64G [03:25\u003c00:17, 5.02MB/s]\r 97%|█████████▋| 2.55G/2.64G [03:25\u003c00:17, 4.90MB/s]\n"}
,{"stream_name":"stderr","time":285.55158808,"data":"\r 97%|█████████▋| 2.55G/2.64G [03:25\u003c00:17, 4.90MB/s]\r 97%|█████████▋| 2.56G/2.64G [03:25\u003c00:17, 5.01MB/s]\n"}
,{"stream_name":"stderr","time":285.658493019,"data":"\r 97%|█████████▋| 2.56G/2.64G [03:25\u003c00:17, 5.01MB/s]\r 97%|█████████▋| 2.56G/2.64G [03:25\u003c00:17, 4.98MB/s]\n"}
,{"stream_name":"stderr","time":285.762898383,"data":"\r 97%|█████████▋| 2.56G/2.64G [03:25\u003c00:17, 4.98MB/s]\r 97%|█████████▋| 2.56G/2.64G [03:25\u003c00:16, 4.99MB/s]\n"}
,{"stream_name":"stderr","time":285.875248438,"data":"\r 97%|█████████▋| 2.56G/2.64G [03:25\u003c00:16, 4.99MB/s]\r 97%|█████████▋| 2.56G/2.64G [03:25\u003c00:16, 4.98MB/s]\n"}
,{"stream_name":"stderr","time":285.994485048,"data":"\r 97%|█████████▋| 2.56G/2.64G [03:25\u003c00:16, 4.98MB/s]\r 97%|█████████▋| 2.56G/2.64G [03:25\u003c00:17, 4.88MB/s]\n"}
,{"stream_name":"stderr","time":286.107019849,"data":"\r 97%|█████████▋| 2.56G/2.64G [03:25\u003c00:17, 4.88MB/s]\r 97%|█████████▋| 2.56G/2.64G [03:25\u003c00:16, 4.99MB/s]\n"}
,{"stream_name":"stderr","time":286.226968174,"data":"\r 97%|█████████▋| 2.56G/2.64G [03:25\u003c00:16, 4.99MB/s]\r 97%|█████████▋| 2.56G/2.64G [03:26\u003c00:16, 4.88MB/s]\n"}
,{"stream_name":"stderr","time":286.331648247,"data":"\r 97%|█████████▋| 2.56G/2.64G [03:26\u003c00:16, 4.88MB/s]\r 97%|█████████▋| 2.56G/2.64G [03:26\u003c00:15, 5.09MB/s]\n"}
,{"stream_name":"stderr","time":286.435087625,"data":"\r 97%|█████████▋| 2.56G/2.64G [03:26\u003c00:15, 5.09MB/s]\r 97%|█████████▋| 2.56G/2.64G [03:26\u003c00:15, 5.08MB/s]\n"}
,{"stream_name":"stderr","time":286.59574602,"data":"\r 97%|█████████▋| 2.56G/2.64G [03:26\u003c00:15, 5.08MB/s]\r 97%|█████████▋| 2.56G/2.64G [03:26\u003c00:18, 4.38MB/s]\n"}
,{"stream_name":"stderr","time":286.704889018,"data":"\r 97%|█████████▋| 2.56G/2.64G [03:26\u003c00:18, 4.38MB/s]\r 97%|█████████▋| 2.56G/2.64G [03:26\u003c00:17, 4.66MB/s]\n"}
,{"stream_name":"stderr","time":286.833873168,"data":"\r 97%|█████████▋| 2.56G/2.64G [03:26\u003c00:17, 4.66MB/s]\r 97%|█████████▋| 2.56G/2.64G [03:26\u003c00:18, 4.39MB/s]\n"}
,{"stream_name":"stderr","time":286.958143196,"data":"\r 97%|█████████▋| 2.56G/2.64G [03:26\u003c00:18, 4.39MB/s]\r 97%|█████████▋| 2.56G/2.64G [03:26\u003c00:18, 4.18MB/s]\n"}
,{"stream_name":"stderr","time":287.065133178,"data":"\r 97%|█████████▋| 2.56G/2.64G [03:26\u003c00:18, 4.18MB/s]\r 97%|█████████▋| 2.56G/2.64G [03:26\u003c00:18, 4.12MB/s]\n"}
,{"stream_name":"stderr","time":287.174185952,"data":"\r 97%|█████████▋| 2.56G/2.64G [03:26\u003c00:18, 4.12MB/s]\r 97%|█████████▋| 2.56G/2.64G [03:27\u003c00:19, 4.06MB/s]\n"}
,{"stream_name":"stderr","time":287.2782195,"data":"\r 97%|█████████▋| 2.56G/2.64G [03:27\u003c00:19, 4.06MB/s]\r 97%|█████████▋| 2.56G/2.64G [03:27\u003c00:19, 4.07MB/s]\n"}
,{"stream_name":"stderr","time":287.388958978,"data":"\r 97%|█████████▋| 2.56G/2.64G [03:27\u003c00:19, 4.07MB/s]\r 97%|█████████▋| 2.56G/2.64G [03:27\u003c00:19, 4.01MB/s]\n"}
,{"stream_name":"stderr","time":287.4989993,"data":"\r 97%|█████████▋| 2.56G/2.64G [03:27\u003c00:19, 4.01MB/s]\r 97%|█████████▋| 2.56G/2.64G [03:27\u003c00:18, 4.06MB/s]\n"}
,{"stream_name":"stderr","time":287.614599956,"data":"\r 97%|█████████▋| 2.56G/2.64G [03:27\u003c00:18, 4.06MB/s]\r 97%|█████████▋| 2.56G/2.64G [03:27\u003c00:18, 4.11MB/s]\n"}
,{"stream_name":"stderr","time":287.718234207,"data":"\r 97%|█████████▋| 2.56G/2.64G [03:27\u003c00:18, 4.11MB/s]\r 97%|█████████▋| 2.56G/2.64G [03:27\u003c00:18, 4.20MB/s]\n"}
,{"stream_name":"stderr","time":287.822222924,"data":"\r 97%|█████████▋| 2.56G/2.64G [03:27\u003c00:18, 4.20MB/s]\r 97%|█████████▋| 2.57G/2.64G [03:27\u003c00:18, 4.17MB/s]\n"}
,{"stream_name":"stderr","time":287.941184365,"data":"\r 97%|█████████▋| 2.57G/2.64G [03:27\u003c00:18, 4.17MB/s]\r 97%|█████████▋| 2.57G/2.64G [03:27\u003c00:17, 4.25MB/s]\n"}
,{"stream_name":"stderr","time":288.052211113,"data":"\r 97%|█████████▋| 2.57G/2.64G [03:27\u003c00:17, 4.25MB/s]\r 97%|█████████▋| 2.57G/2.64G [03:27\u003c00:17, 4.30MB/s]\n"}
,{"stream_name":"stderr","time":288.153526667,"data":"\r 97%|█████████▋| 2.57G/2.64G [03:27\u003c00:17, 4.30MB/s]\r 97%|█████████▋| 2.57G/2.64G [03:28\u003c00:16, 4.37MB/s]\n"}
,{"stream_name":"stderr","time":288.278346736,"data":"\r 97%|█████████▋| 2.57G/2.64G [03:28\u003c00:16, 4.37MB/s]\r 97%|█████████▋| 2.57G/2.64G [03:28\u003c00:16, 4.31MB/s]\n"}
,{"stream_name":"stderr","time":288.385316786,"data":"\r 97%|█████████▋| 2.57G/2.64G [03:28\u003c00:16, 4.31MB/s]\r 97%|█████████▋| 2.57G/2.64G [03:28\u003c00:16, 4.39MB/s]\n"}
,{"stream_name":"stderr","time":288.490719265,"data":"\r 97%|█████████▋| 2.57G/2.64G [03:28\u003c00:16, 4.39MB/s]\r 97%|█████████▋| 2.57G/2.64G [03:28\u003c00:16, 4.39MB/s]\n"}
,{"stream_name":"stderr","time":288.605779823,"data":"\r 97%|█████████▋| 2.57G/2.64G [03:28\u003c00:16, 4.39MB/s]\r 97%|█████████▋| 2.57G/2.64G [03:28\u003c00:15, 4.53MB/s]\n"}
,{"stream_name":"stderr","time":288.716526343,"data":"\r 97%|█████████▋| 2.57G/2.64G [03:28\u003c00:15, 4.53MB/s]\r 97%|█████████▋| 2.57G/2.64G [03:28\u003c00:15, 4.58MB/s]\n"}
,{"stream_name":"stderr","time":288.827279414,"data":"\r 97%|█████████▋| 2.57G/2.64G [03:28\u003c00:15, 4.58MB/s]\r 97%|█████████▋| 2.57G/2.64G [03:28\u003c00:14, 4.72MB/s]\n"}
,{"stream_name":"stderr","time":288.935291879,"data":"\r 97%|█████████▋| 2.57G/2.64G [03:28\u003c00:14, 4.72MB/s]\r 97%|█████████▋| 2.57G/2.64G [03:28\u003c00:15, 4.67MB/s]\n"}
,{"stream_name":"stderr","time":289.03820697,"data":"\r 97%|█████████▋| 2.57G/2.64G [03:28\u003c00:15, 4.67MB/s]\r 97%|█████████▋| 2.57G/2.64G [03:28\u003c00:14, 4.70MB/s]\n"}
,{"stream_name":"stderr","time":289.143827667,"data":"\r 97%|█████████▋| 2.57G/2.64G [03:28\u003c00:14, 4.70MB/s]\r 97%|█████████▋| 2.57G/2.64G [03:29\u003c00:14, 4.69MB/s]\n"}
,{"stream_name":"stderr","time":289.259518718,"data":"\r 97%|█████████▋| 2.57G/2.64G [03:29\u003c00:14, 4.69MB/s]\r 97%|█████████▋| 2.57G/2.64G [03:29\u003c00:14, 4.73MB/s]\n"}
,{"stream_name":"stderr","time":289.375856746,"data":"\r 97%|█████████▋| 2.57G/2.64G [03:29\u003c00:14, 4.73MB/s]\r 97%|█████████▋| 2.57G/2.64G [03:29\u003c00:14, 4.75MB/s]\n"}
,{"stream_name":"stderr","time":289.475882123,"data":"\r 97%|█████████▋| 2.57G/2.64G [03:29\u003c00:14, 4.75MB/s]\r 97%|█████████▋| 2.57G/2.64G [03:29\u003c00:13, 4.97MB/s]\n"}
,{"stream_name":"stderr","time":289.594036541,"data":"\r 97%|█████████▋| 2.57G/2.64G [03:29\u003c00:13, 4.97MB/s]\r 97%|█████████▋| 2.57G/2.64G [03:29\u003c00:13, 4.81MB/s]\n"}
,{"stream_name":"stderr","time":289.701185292,"data":"\r 97%|█████████▋| 2.57G/2.64G [03:29\u003c00:13, 4.81MB/s]\r 97%|█████████▋| 2.57G/2.64G [03:29\u003c00:14, 4.74MB/s]\n"}
,{"stream_name":"stderr","time":289.805435557,"data":"\r 97%|█████████▋| 2.57G/2.64G [03:29\u003c00:14, 4.74MB/s]\r 98%|█████████▊| 2.57G/2.64G [03:29\u003c00:13, 5.00MB/s]\n"}
,{"stream_name":"stderr","time":289.917797538,"data":"\r 98%|█████████▊| 2.57G/2.64G [03:29\u003c00:13, 5.00MB/s]\r 98%|█████████▊| 2.58G/2.64G [03:29\u003c00:13, 4.90MB/s]\n"}
,{"stream_name":"stderr","time":290.022650422,"data":"\r 98%|█████████▊| 2.58G/2.64G [03:29\u003c00:13, 4.90MB/s]\r 98%|█████████▊| 2.58G/2.64G [03:29\u003c00:13, 4.84MB/s]\n"}
,{"stream_name":"stderr","time":290.124231864,"data":"\r 98%|█████████▊| 2.58G/2.64G [03:29\u003c00:13, 4.84MB/s]\r 98%|█████████▊| 2.58G/2.64G [03:29\u003c00:12, 5.12MB/s]\n"}
,{"stream_name":"stderr","time":290.244111818,"data":"\r 98%|█████████▊| 2.58G/2.64G [03:29\u003c00:12, 5.12MB/s]\r 98%|█████████▊| 2.58G/2.64G [03:30\u003c00:13, 4.87MB/s]\n"}
,{"stream_name":"stderr","time":290.351262204,"data":"\r 98%|█████████▊| 2.58G/2.64G [03:30\u003c00:13, 4.87MB/s]\r 98%|█████████▊| 2.58G/2.64G [03:30\u003c00:12, 4.88MB/s]\n"}
,{"stream_name":"stderr","time":290.534744637,"data":"\r 98%|█████████▊| 2.58G/2.64G [03:30\u003c00:12, 4.88MB/s]\r 98%|█████████▊| 2.58G/2.64G [03:30\u003c00:12, 4.97MB/s]\n"}
,{"stream_name":"stderr","time":290.568897757,"data":"\r 98%|█████████▊| 2.58G/2.64G [03:30\u003c00:12, 4.97MB/s]\r 98%|█████████▊| 2.58G/2.64G [03:30\u003c00:12, 5.00MB/s]\n"}
,{"stream_name":"stderr","time":290.675147679,"data":"\r 98%|█████████▊| 2.58G/2.64G [03:30\u003c00:12, 5.00MB/s]\r 98%|█████████▊| 2.58G/2.64G [03:30\u003c00:12, 4.98MB/s]\n"}
,{"stream_name":"stderr","time":290.78362363,"data":"\r 98%|█████████▊| 2.58G/2.64G [03:30\u003c00:12, 4.98MB/s]\r 98%|█████████▊| 2.58G/2.64G [03:30\u003c00:12, 5.02MB/s]\n"}
,{"stream_name":"stderr","time":290.893043813,"data":"\r 98%|█████████▊| 2.58G/2.64G [03:30\u003c00:12, 5.02MB/s]\r 98%|█████████▊| 2.58G/2.64G [03:30\u003c00:12, 4.96MB/s]\n"}
,{"stream_name":"stderr","time":290.999440936,"data":"\r 98%|█████████▊| 2.58G/2.64G [03:30\u003c00:12, 4.96MB/s]\r 98%|█████████▊| 2.58G/2.64G [03:30\u003c00:12, 4.95MB/s]\n"}
,{"stream_name":"stderr","time":291.106718994,"data":"\r 98%|█████████▊| 2.58G/2.64G [03:30\u003c00:12, 4.95MB/s]\r 98%|█████████▊| 2.58G/2.64G [03:30\u003c00:11, 5.02MB/s]\n"}
,{"stream_name":"stderr","time":291.216937316,"data":"\r 98%|█████████▊| 2.58G/2.64G [03:30\u003c00:11, 5.02MB/s]\r 98%|█████████▊| 2.58G/2.64G [03:31\u003c00:11, 4.94MB/s]\n"}
,{"stream_name":"stderr","time":291.358474825,"data":"\r 98%|█████████▊| 2.58G/2.64G [03:31\u003c00:11, 4.94MB/s]\r 98%|█████████▊| 2.58G/2.64G [03:31\u003c00:12, 4.50MB/s]\n"}
,{"stream_name":"stderr","time":291.476892437,"data":"\r 98%|█████████▊| 2.58G/2.64G [03:31\u003c00:12, 4.50MB/s]\r 98%|█████████▊| 2.58G/2.64G [03:31\u003c00:13, 4.31MB/s]\n"}
,{"stream_name":"stderr","time":291.605963232,"data":"\r 98%|█████████▊| 2.58G/2.64G [03:31\u003c00:13, 4.31MB/s]\r 98%|█████████▊| 2.58G/2.64G [03:31\u003c00:14, 4.07MB/s]\n"}
,{"stream_name":"stderr","time":291.708023142,"data":"\r 98%|█████████▊| 2.58G/2.64G [03:31\u003c00:14, 4.07MB/s]\r 98%|█████████▊| 2.58G/2.64G [03:31\u003c00:13, 4.10MB/s]\n"}
,{"stream_name":"stderr","time":291.821599772,"data":"\r 98%|█████████▊| 2.58G/2.64G [03:31\u003c00:13, 4.10MB/s]\r 98%|█████████▊| 2.58G/2.64G [03:31\u003c00:14, 3.99MB/s]\n"}
,{"stream_name":"stderr","time":291.930201721,"data":"\r 98%|█████████▊| 2.58G/2.64G [03:31\u003c00:14, 3.99MB/s]\r 98%|█████████▊| 2.58G/2.64G [03:31\u003c00:14, 3.97MB/s]\n"}
,{"stream_name":"stderr","time":292.052981804,"data":"\r 98%|█████████▊| 2.58G/2.64G [03:31\u003c00:14, 3.97MB/s]\r 98%|█████████▊| 2.58G/2.64G [03:31\u003c00:14, 3.90MB/s]\n"}
,{"stream_name":"stderr","time":292.155689264,"data":"\r 98%|█████████▊| 2.58G/2.64G [03:31\u003c00:14, 3.90MB/s]\r 98%|█████████▊| 2.59G/2.64G [03:32\u003c00:13, 4.05MB/s]\n"}
,{"stream_name":"stderr","time":292.256372732,"data":"\r 98%|█████████▊| 2.59G/2.64G [03:32\u003c00:13, 4.05MB/s]\r 98%|█████████▊| 2.59G/2.64G [03:32\u003c00:13, 4.20MB/s]\n"}
,{"stream_name":"stderr","time":292.376726987,"data":"\r 98%|█████████▊| 2.59G/2.64G [03:32\u003c00:13, 4.20MB/s]\r 98%|█████████▊| 2.59G/2.64G [03:32\u003c00:13, 4.07MB/s]\n"}
,{"stream_name":"stderr","time":292.479892051,"data":"\r 98%|█████████▊| 2.59G/2.64G [03:32\u003c00:13, 4.07MB/s]\r 98%|█████████▊| 2.59G/2.64G [03:32\u003c00:12, 4.18MB/s]\n"}
,{"stream_name":"stderr","time":292.586191611,"data":"\r 98%|█████████▊| 2.59G/2.64G [03:32\u003c00:12, 4.18MB/s]\r 98%|█████████▊| 2.59G/2.64G [03:32\u003c00:12, 4.40MB/s]\n"}
,{"stream_name":"stderr","time":292.700966404,"data":"\r 98%|█████████▊| 2.59G/2.64G [03:32\u003c00:12, 4.40MB/s]\r 98%|█████████▊| 2.59G/2.64G [03:32\u003c00:12, 4.27MB/s]\n"}
,{"stream_name":"stderr","time":292.810418219,"data":"\r 98%|█████████▊| 2.59G/2.64G [03:32\u003c00:12, 4.27MB/s]\r 98%|█████████▊| 2.59G/2.64G [03:32\u003c00:12, 4.34MB/s]\n"}
,{"stream_name":"stderr","time":292.917913234,"data":"\r 98%|█████████▊| 2.59G/2.64G [03:32\u003c00:12, 4.34MB/s]\r 98%|█████████▊| 2.59G/2.64G [03:32\u003c00:11, 4.49MB/s]\n"}
,{"stream_name":"stderr","time":293.024810893,"data":"\r 98%|█████████▊| 2.59G/2.64G [03:32\u003c00:11, 4.49MB/s]\r 98%|█████████▊| 2.59G/2.64G [03:32\u003c00:11, 4.44MB/s]\n"}
,{"stream_name":"stderr","time":293.128271544,"data":"\r 98%|█████████▊| 2.59G/2.64G [03:32\u003c00:11, 4.44MB/s]\r 98%|█████████▊| 2.59G/2.64G [03:32\u003c00:11, 4.53MB/s]\n"}
,{"stream_name":"stderr","time":293.246709725,"data":"\r 98%|█████████▊| 2.59G/2.64G [03:32\u003c00:11, 4.53MB/s]\r 98%|█████████▊| 2.59G/2.64G [03:33\u003c00:10, 4.59MB/s]\n"}
,{"stream_name":"stderr","time":293.349938478,"data":"\r 98%|█████████▊| 2.59G/2.64G [03:33\u003c00:10, 4.59MB/s]\r 98%|█████████▊| 2.59G/2.64G [03:33\u003c00:10, 4.64MB/s]\n"}
,{"stream_name":"stderr","time":293.457424394,"data":"\r 98%|█████████▊| 2.59G/2.64G [03:33\u003c00:10, 4.64MB/s]\r 98%|█████████▊| 2.59G/2.64G [03:33\u003c00:10, 4.62MB/s]\n"}
,{"stream_name":"stderr","time":293.570570164,"data":"\r 98%|█████████▊| 2.59G/2.64G [03:33\u003c00:10, 4.62MB/s]\r 98%|█████████▊| 2.59G/2.64G [03:33\u003c00:10, 4.71MB/s]\n"}
,{"stream_name":"stderr","time":293.673137075,"data":"\r 98%|█████████▊| 2.59G/2.64G [03:33\u003c00:10, 4.71MB/s]\r 98%|█████████▊| 2.59G/2.64G [03:33\u003c00:10, 4.73MB/s]\n"}
,{"stream_name":"stderr","time":293.780051047,"data":"\r 98%|█████████▊| 2.59G/2.64G [03:33\u003c00:10, 4.73MB/s]\r 98%|█████████▊| 2.59G/2.64G [03:33\u003c00:10, 4.69MB/s]\n"}
,{"stream_name":"stderr","time":293.894112477,"data":"\r 98%|█████████▊| 2.59G/2.64G [03:33\u003c00:10, 4.69MB/s]\r 98%|█████████▊| 2.59G/2.64G [03:33\u003c00:09, 4.84MB/s]\n"}
,{"stream_name":"stderr","time":293.997928749,"data":"\r 98%|█████████▊| 2.59G/2.64G [03:33\u003c00:09, 4.84MB/s]\r 98%|█████████▊| 2.59G/2.64G [03:33\u003c00:09, 4.81MB/s]\n"}
,{"stream_name":"stderr","time":294.103799058,"data":"\r 98%|█████████▊| 2.59G/2.64G [03:33\u003c00:09, 4.81MB/s]\r 98%|█████████▊| 2.59G/2.64G [03:33\u003c00:09, 4.85MB/s]\n"}
,{"stream_name":"stderr","time":294.213761396,"data":"\r 98%|█████████▊| 2.59G/2.64G [03:33\u003c00:09, 4.85MB/s]\r 98%|█████████▊| 2.59G/2.64G [03:34\u003c00:09, 4.92MB/s]\n"}
,{"stream_name":"stderr","time":294.321571199,"data":"\r 98%|█████████▊| 2.59G/2.64G [03:34\u003c00:09, 4.92MB/s]\r 98%|█████████▊| 2.60G/2.64G [03:34\u003c00:09, 4.81MB/s]\n"}
,{"stream_name":"stderr","time":294.423944971,"data":"\r 98%|█████████▊| 2.60G/2.64G [03:34\u003c00:09, 4.81MB/s]\r 98%|█████████▊| 2.60G/2.64G [03:34\u003c00:09, 4.90MB/s]\n"}
,{"stream_name":"stderr","time":294.537657948,"data":"\r 98%|█████████▊| 2.60G/2.64G [03:34\u003c00:09, 4.90MB/s]\r 98%|█████████▊| 2.60G/2.64G [03:34\u003c00:08, 4.99MB/s]\n"}
,{"stream_name":"stderr","time":294.645106779,"data":"\r 98%|█████████▊| 2.60G/2.64G [03:34\u003c00:08, 4.99MB/s]\r 98%|█████████▊| 2.60G/2.64G [03:34\u003c00:08, 4.96MB/s]\n"}
,{"stream_name":"stderr","time":294.751427362,"data":"\r 98%|█████████▊| 2.60G/2.64G [03:34\u003c00:08, 4.96MB/s]\r 98%|█████████▊| 2.60G/2.64G [03:34\u003c00:08, 4.95MB/s]\n"}
,{"stream_name":"stderr","time":294.85691035,"data":"\r 98%|█████████▊| 2.60G/2.64G [03:34\u003c00:08, 4.95MB/s]\r 98%|█████████▊| 2.60G/2.64G [03:34\u003c00:08, 5.05MB/s]\n"}
,{"stream_name":"stderr","time":294.967834196,"data":"\r 98%|█████████▊| 2.60G/2.64G [03:34\u003c00:08, 5.05MB/s]\r 98%|█████████▊| 2.60G/2.64G [03:34\u003c00:08, 4.95MB/s]\n"}
,{"stream_name":"stderr","time":295.074774077,"data":"\r 98%|█████████▊| 2.60G/2.64G [03:34\u003c00:08, 4.95MB/s]\r 98%|█████████▊| 2.60G/2.64G [03:34\u003c00:08, 4.94MB/s]\n"}
,{"stream_name":"stderr","time":295.195585494,"data":"\r 98%|█████████▊| 2.60G/2.64G [03:34\u003c00:08, 4.94MB/s]\r 98%|█████████▊| 2.60G/2.64G [03:35\u003c00:08, 4.92MB/s]\n"}
,{"stream_name":"stderr","time":295.305403575,"data":"\r 98%|█████████▊| 2.60G/2.64G [03:35\u003c00:08, 4.92MB/s]\r 98%|█████████▊| 2.60G/2.64G [03:35\u003c00:08, 4.96MB/s]\n"}
,{"stream_name":"stderr","time":295.423117092,"data":"\r 98%|█████████▊| 2.60G/2.64G [03:35\u003c00:08, 4.96MB/s]\r 98%|█████████▊| 2.60G/2.64G [03:35\u003c00:07, 4.98MB/s]\n"}
,{"stream_name":"stderr","time":295.536927286,"data":"\r 98%|█████████▊| 2.60G/2.64G [03:35\u003c00:07, 4.98MB/s]\r 99%|█████████▊| 2.60G/2.64G [03:35\u003c00:07, 4.96MB/s]\n"}
,{"stream_name":"stderr","time":295.650736757,"data":"\r 99%|█████████▊| 2.60G/2.64G [03:35\u003c00:07, 4.96MB/s]\r 99%|█████████▊| 2.60G/2.64G [03:35\u003c00:07, 5.02MB/s]\n"}
,{"stream_name":"stderr","time":295.753010774,"data":"\r 99%|█████████▊| 2.60G/2.64G [03:35\u003c00:07, 5.02MB/s]\r 99%|█████████▊| 2.60G/2.64G [03:35\u003c00:07, 5.05MB/s]\n"}
,{"stream_name":"stderr","time":295.860946112,"data":"\r 99%|█████████▊| 2.60G/2.64G [03:35\u003c00:07, 5.05MB/s]\r 99%|█████████▊| 2.60G/2.64G [03:35\u003c00:07, 4.99MB/s]\n"}
,{"stream_name":"stderr","time":295.966542489,"data":"\r 99%|█████████▊| 2.60G/2.64G [03:35\u003c00:07, 4.99MB/s]\r 99%|█████████▊| 2.60G/2.64G [03:35\u003c00:07, 5.07MB/s]\n"}
,{"stream_name":"stderr","time":296.139431642,"data":"\r 99%|█████████▊| 2.60G/2.64G [03:35\u003c00:07, 5.07MB/s]\r 99%|█████████▊| 2.60G/2.64G [03:36\u003c00:08, 4.25MB/s]\n"}
,{"stream_name":"stderr","time":296.260485829,"data":"\r 99%|█████████▊| 2.60G/2.64G [03:36\u003c00:08, 4.25MB/s]\r 99%|█████████▊| 2.60G/2.64G [03:36\u003c00:07, 4.51MB/s]\n"}
,{"stream_name":"stderr","time":296.402286977,"data":"\r 99%|█████████▊| 2.60G/2.64G [03:36\u003c00:07, 4.51MB/s]\r 99%|█████████▊| 2.61G/2.64G [03:36\u003c00:08, 4.17MB/s]\n"}
,{"stream_name":"stderr","time":296.521714602,"data":"\r 99%|█████████▊| 2.61G/2.64G [03:36\u003c00:08, 4.17MB/s]\r 99%|█████████▊| 2.61G/2.64G [03:36\u003c00:08, 4.07MB/s]\n"}
,{"stream_name":"stderr","time":296.643988239,"data":"\r 99%|█████████▊| 2.61G/2.64G [03:36\u003c00:08, 4.07MB/s]\r 99%|█████████▊| 2.61G/2.64G [03:36\u003c00:08, 3.90MB/s]\n"}
,{"stream_name":"stderr","time":296.836886243,"data":"\r 99%|█████████▊| 2.61G/2.64G [03:36\u003c00:08, 3.90MB/s]\r 99%|█████████▊| 2.61G/2.64G [03:36\u003c00:10, 3.23MB/s]\n"}
,{"stream_name":"stderr","time":296.969484641,"data":"\r 99%|█████████▊| 2.61G/2.64G [03:36\u003c00:10, 3.23MB/s]\r 99%|█████████▊| 2.61G/2.64G [03:36\u003c00:10, 3.23MB/s]\n"}
,{"stream_name":"stderr","time":297.108726204,"data":"\r 99%|█████████▊| 2.61G/2.64G [03:36\u003c00:10, 3.23MB/s]\r 99%|█████████▊| 2.61G/2.64G [03:36\u003c00:09, 3.52MB/s]\n"}
,{"stream_name":"stderr","time":297.248527681,"data":"\r 99%|█████████▊| 2.61G/2.64G [03:36\u003c00:09, 3.52MB/s]\r 99%|█████████▉| 2.61G/2.64G [03:37\u003c00:08, 3.74MB/s]\n"}
,{"stream_name":"stderr","time":297.386231742,"data":"\r 99%|█████████▉| 2.61G/2.64G [03:37\u003c00:08, 3.74MB/s]\r 99%|█████████▉| 2.61G/2.64G [03:37\u003c00:08, 3.90MB/s]\n"}
,{"stream_name":"stderr","time":297.524926886,"data":"\r 99%|█████████▉| 2.61G/2.64G [03:37\u003c00:08, 3.90MB/s]\r 99%|█████████▉| 2.61G/2.64G [03:37\u003c00:07, 4.00MB/s]\n"}
,{"stream_name":"stderr","time":297.664131928,"data":"\r 99%|█████████▉| 2.61G/2.64G [03:37\u003c00:07, 4.00MB/s]\r 99%|█████████▉| 2.61G/2.64G [03:37\u003c00:07, 4.14MB/s]\n"}
,{"stream_name":"stderr","time":297.803365252,"data":"\r 99%|█████████▉| 2.61G/2.64G [03:37\u003c00:07, 4.14MB/s]\r 99%|█████████▉| 2.61G/2.64G [03:37\u003c00:07, 4.24MB/s]\n"}
,{"stream_name":"stderr","time":297.943247789,"data":"\r 99%|█████████▉| 2.61G/2.64G [03:37\u003c00:07, 4.24MB/s]\r 99%|█████████▉| 2.61G/2.64G [03:37\u003c00:06, 4.37MB/s]\n"}
,{"stream_name":"stderr","time":298.082213706,"data":"\r 99%|█████████▉| 2.61G/2.64G [03:37\u003c00:06, 4.37MB/s]\r 99%|█████████▉| 2.61G/2.64G [03:37\u003c00:06, 4.40MB/s]\n"}
,{"stream_name":"stderr","time":298.221955611,"data":"\r 99%|█████████▉| 2.61G/2.64G [03:37\u003c00:06, 4.40MB/s]\r 99%|█████████▉| 2.61G/2.64G [03:38\u003c00:06, 4.49MB/s]\n"}
,{"stream_name":"stderr","time":298.36100615,"data":"\r 99%|█████████▉| 2.61G/2.64G [03:38\u003c00:06, 4.49MB/s]\r 99%|█████████▉| 2.61G/2.64G [03:38\u003c00:06, 4.56MB/s]\n"}
,{"stream_name":"stderr","time":298.500046339,"data":"\r 99%|█████████▉| 2.61G/2.64G [03:38\u003c00:06, 4.56MB/s]\r 99%|█████████▉| 2.61G/2.64G [03:38\u003c00:05, 4.61MB/s]\n"}
,{"stream_name":"stderr","time":298.612070983,"data":"\r 99%|█████████▉| 2.61G/2.64G [03:38\u003c00:05, 4.61MB/s]\r 99%|█████████▉| 2.61G/2.64G [03:38\u003c00:05, 4.92MB/s]\n"}
,{"stream_name":"stderr","time":298.7332517,"data":"\r 99%|█████████▉| 2.61G/2.64G [03:38\u003c00:05, 4.92MB/s]\r 99%|█████████▉| 2.61G/2.64G [03:38\u003c00:05, 4.76MB/s]\n"}
,{"stream_name":"stderr","time":298.84204588,"data":"\r 99%|█████████▉| 2.61G/2.64G [03:38\u003c00:05, 4.76MB/s]\r 99%|█████████▉| 2.62G/2.64G [03:38\u003c00:05, 4.93MB/s]\n"}
,{"stream_name":"stderr","time":298.963364968,"data":"\r 99%|█████████▉| 2.62G/2.64G [03:38\u003c00:05, 4.93MB/s]\r 99%|█████████▉| 2.62G/2.64G [03:38\u003c00:05, 4.75MB/s]\n"}
,{"stream_name":"stderr","time":299.101209898,"data":"\r 99%|█████████▉| 2.62G/2.64G [03:38\u003c00:05, 4.75MB/s]\r 99%|█████████▉| 2.62G/2.64G [03:38\u003c00:05, 4.67MB/s]\n"}
,{"stream_name":"stderr","time":299.240833667,"data":"\r 99%|█████████▉| 2.62G/2.64G [03:38\u003c00:05, 4.67MB/s]\r 99%|█████████▉| 2.62G/2.64G [03:39\u003c00:04, 4.76MB/s]\n"}
,{"stream_name":"stderr","time":299.379645527,"data":"\r 99%|█████████▉| 2.62G/2.64G [03:39\u003c00:04, 4.76MB/s]\r 99%|█████████▉| 2.62G/2.64G [03:39\u003c00:04, 4.82MB/s]\n"}
,{"stream_name":"stderr","time":299.518652893,"data":"\r 99%|█████████▉| 2.62G/2.64G [03:39\u003c00:04, 4.82MB/s]\r 99%|█████████▉| 2.62G/2.64G [03:39\u003c00:04, 4.86MB/s]\n"}
,{"stream_name":"stderr","time":299.657600163,"data":"\r 99%|█████████▉| 2.62G/2.64G [03:39\u003c00:04, 4.86MB/s]\r 99%|█████████▉| 2.62G/2.64G [03:39\u003c00:04, 4.89MB/s]\n"}
,{"stream_name":"stderr","time":299.795868022,"data":"\r 99%|█████████▉| 2.62G/2.64G [03:39\u003c00:04, 4.89MB/s]\r 99%|█████████▉| 2.62G/2.64G [03:39\u003c00:04, 4.91MB/s]\n"}
,{"stream_name":"stderr","time":299.934214571,"data":"\r 99%|█████████▉| 2.62G/2.64G [03:39\u003c00:04, 4.91MB/s]\r 99%|█████████▉| 2.62G/2.64G [03:39\u003c00:03, 4.93MB/s]\n"}
,{"stream_name":"stderr","time":300.05540708,"data":"\r 99%|█████████▉| 2.62G/2.64G [03:39\u003c00:03, 4.93MB/s]\r 99%|█████████▉| 2.62G/2.64G [03:39\u003c00:03, 5.13MB/s]\n"}
,{"stream_name":"stderr","time":300.166066482,"data":"\r 99%|█████████▉| 2.62G/2.64G [03:39\u003c00:03, 5.13MB/s]\r 99%|█████████▉| 2.62G/2.64G [03:40\u003c00:03, 5.03MB/s]\n"}
,{"stream_name":"stderr","time":300.274037738,"data":"\r 99%|█████████▉| 2.62G/2.64G [03:40\u003c00:03, 5.03MB/s]\r 99%|█████████▉| 2.62G/2.64G [03:40\u003c00:03, 5.23MB/s]\n"}
,{"stream_name":"stderr","time":300.398141031,"data":"\r 99%|█████████▉| 2.62G/2.64G [03:40\u003c00:03, 5.23MB/s]\r 99%|█████████▉| 2.62G/2.64G [03:40\u003c00:03, 5.00MB/s]\n"}
,{"stream_name":"stderr","time":300.500886902,"data":"\r 99%|█████████▉| 2.62G/2.64G [03:40\u003c00:03, 5.00MB/s]\r 99%|█████████▉| 2.62G/2.64G [03:40\u003c00:03, 5.20MB/s]\n"}
,{"stream_name":"stderr","time":300.628873722,"data":"\r 99%|█████████▉| 2.62G/2.64G [03:40\u003c00:03, 5.20MB/s]\r 99%|█████████▉| 2.62G/2.64G [03:40\u003c00:03, 4.85MB/s]\n"}
,{"stream_name":"stderr","time":300.746856813,"data":"\r 99%|█████████▉| 2.62G/2.64G [03:40\u003c00:03, 4.85MB/s]\r 99%|█████████▉| 2.62G/2.64G [03:40\u003c00:03, 5.06MB/s]\n"}
,{"stream_name":"stderr","time":300.860312172,"data":"\r 99%|█████████▉| 2.62G/2.64G [03:40\u003c00:03, 5.06MB/s]\r 99%|█████████▉| 2.63G/2.64G [03:40\u003c00:03, 4.93MB/s]\n"}
,{"stream_name":"stderr","time":300.975385111,"data":"\r 99%|█████████▉| 2.63G/2.64G [03:40\u003c00:03, 4.93MB/s]\r 99%|█████████▉| 2.63G/2.64G [03:40\u003c00:02, 5.07MB/s]\n"}
,{"stream_name":"stderr","time":301.091268771,"data":"\r 99%|█████████▉| 2.63G/2.64G [03:40\u003c00:02, 5.07MB/s]\r 99%|█████████▉| 2.63G/2.64G [03:40\u003c00:02, 4.91MB/s]\n"}
,{"stream_name":"stderr","time":301.198491928,"data":"\r 99%|█████████▉| 2.63G/2.64G [03:40\u003c00:02, 4.91MB/s]\r 99%|█████████▉| 2.63G/2.64G [03:41\u003c00:02, 5.17MB/s]\n"}
,{"stream_name":"stderr","time":301.322418072,"data":"\r 99%|█████████▉| 2.63G/2.64G [03:41\u003c00:02, 5.17MB/s]\r100%|█████████▉| 2.63G/2.64G [03:41\u003c00:02, 4.86MB/s]\n"}
,{"stream_name":"stderr","time":301.424970657,"data":"\r100%|█████████▉| 2.63G/2.64G [03:41\u003c00:02, 4.86MB/s]\r100%|█████████▉| 2.63G/2.64G [03:41\u003c00:02, 5.19MB/s]\n"}
,{"stream_name":"stderr","time":301.556037808,"data":"\r100%|█████████▉| 2.63G/2.64G [03:41\u003c00:02, 5.19MB/s]\r100%|█████████▉| 2.63G/2.64G [03:41\u003c00:02, 4.88MB/s]\n"}
,{"stream_name":"stderr","time":301.673965309,"data":"\r100%|█████████▉| 2.63G/2.64G [03:41\u003c00:02, 4.88MB/s]\r100%|█████████▉| 2.63G/2.64G [03:41\u003c00:02, 5.00MB/s]\n"}
,{"stream_name":"stderr","time":301.786280193,"data":"\r100%|█████████▉| 2.63G/2.64G [03:41\u003c00:02, 5.00MB/s]\r100%|█████████▉| 2.63G/2.64G [03:41\u003c00:02, 4.90MB/s]\n"}
,{"stream_name":"stderr","time":301.900894255,"data":"\r100%|█████████▉| 2.63G/2.64G [03:41\u003c00:02, 4.90MB/s]\r100%|█████████▉| 2.63G/2.64G [03:41\u003c00:01, 5.06MB/s]\n"}
,{"stream_name":"stderr","time":302.016906694,"data":"\r100%|█████████▉| 2.63G/2.64G [03:41\u003c00:01, 5.06MB/s]\r100%|█████████▉| 2.63G/2.64G [03:41\u003c00:01, 4.91MB/s]\n"}
,{"stream_name":"stderr","time":302.12967338,"data":"\r100%|█████████▉| 2.63G/2.64G [03:41\u003c00:01, 4.91MB/s]\r100%|█████████▉| 2.63G/2.64G [03:41\u003c00:01, 5.08MB/s]\n"}
,{"stream_name":"stderr","time":302.24748378,"data":"\r100%|█████████▉| 2.63G/2.64G [03:41\u003c00:01, 5.08MB/s]\r100%|█████████▉| 2.63G/2.64G [03:42\u003c00:01, 4.89MB/s]\n"}
,{"stream_name":"stderr","time":302.354027178,"data":"\r100%|█████████▉| 2.63G/2.64G [03:42\u003c00:01, 4.89MB/s]\r100%|█████████▉| 2.63G/2.64G [03:42\u003c00:01, 5.15MB/s]\n"}
,{"stream_name":"stderr","time":302.47800005,"data":"\r100%|█████████▉| 2.63G/2.64G [03:42\u003c00:01, 5.15MB/s]\r100%|█████████▉| 2.63G/2.64G [03:42\u003c00:01, 4.86MB/s]\n"}
,{"stream_name":"stderr","time":302.581287573,"data":"\r100%|█████████▉| 2.63G/2.64G [03:42\u003c00:01, 4.86MB/s]\r100%|█████████▉| 2.63G/2.64G [03:42\u003c00:01, 5.18MB/s]\n"}
,{"stream_name":"stderr","time":302.708648018,"data":"\r100%|█████████▉| 2.63G/2.64G [03:42\u003c00:01, 5.18MB/s]\r100%|█████████▉| 2.63G/2.64G [03:42\u003c00:01, 4.84MB/s]\n"}
,{"stream_name":"stderr","time":302.81526976,"data":"\r100%|█████████▉| 2.63G/2.64G [03:42\u003c00:01, 4.84MB/s]\r100%|█████████▉| 2.64G/2.64G [03:42\u003c00:00, 5.20MB/s]\n"}
,{"stream_name":"stderr","time":302.940294949,"data":"\r100%|█████████▉| 2.64G/2.64G [03:42\u003c00:00, 5.20MB/s]\r100%|█████████▉| 2.64G/2.64G [03:42\u003c00:00, 4.97MB/s]\n"}
,{"stream_name":"stderr","time":303.049584523,"data":"\r100%|█████████▉| 2.64G/2.64G [03:42\u003c00:00, 4.97MB/s]\r100%|█████████▉| 2.64G/2.64G [03:42\u003c00:00, 5.17MB/s]\n"}
,{"stream_name":"stderr","time":303.171066797,"data":"\r100%|█████████▉| 2.64G/2.64G [03:42\u003c00:00, 5.17MB/s]\r100%|█████████▉| 2.64G/2.64G [03:43\u003c00:00, 4.90MB/s]\n"}
,{"stream_name":"stderr","time":303.286232027,"data":"\r100%|█████████▉| 2.64G/2.64G [03:43\u003c00:00, 4.90MB/s]\r100%|█████████▉| 2.64G/2.64G [03:43\u003c00:00, 5.14MB/s]\n"}
,{"stream_name":"stderr","time":303.402105527,"data":"\r100%|█████████▉| 2.64G/2.64G [03:43\u003c00:00, 5.14MB/s]\r100%|█████████▉| 2.64G/2.64G [03:43\u003c00:00, 4.96MB/s]\n"}
,{"stream_name":"stderr","time":303.50887803,"data":"\r100%|█████████▉| 2.64G/2.64G [03:43\u003c00:00, 4.96MB/s]\r100%|█████████▉| 2.64G/2.64G [03:43\u003c00:00, 5.29MB/s]\n"}
,{"stream_name":"stderr","time":303.632746971,"data":"\r100%|█████████▉| 2.64G/2.64G [03:43\u003c00:00, 5.29MB/s]\r100%|█████████▉| 2.64G/2.64G [03:43\u003c00:00, 5.04MB/s]\n"}
,{"stream_name":"stderr","time":303.73306733,"data":"\r100%|█████████▉| 2.64G/2.64G [03:43\u003c00:00, 5.04MB/s]\r100%|█████████▉| 2.64G/2.64G [03:43\u003c00:00, 5.35MB/s]\n"}
,{"stream_name":"stderr","time":303.819236616,"data":"\r100%|█████████▉| 2.64G/2.64G [03:43\u003c00:00, 5.35MB/s]\r100%|██████████| 2.64G/2.64G [03:43\u003c00:00, 11.8MB/s]\n"}
,{"stream_name":"stderr","time":303.833997238,"data":"\r100%|██████████| 2.64G/2.64G [03:43\u003c00:00, 11.8MB/s]\n"}
,{"stream_name":"stderr","time":303.834023192,"data":"\n"}
,{"stream_name":"stderr","time":303.834028294,"data":"\n"}
,{"stream_name":"stdout","time":356.277859107,"data":"Data loaded.\n"}
,{"stream_name":"stdout","time":356.839090549,"data":"Downloading: \"https://download.pytorch.org/models/resnet50-11ad3fa6.pth\" to /root/.cache/torch/hub/checkpoints/resnet50-11ad3fa6.pth\n"}
,{"stream_name":"stderr","time":356.840003315,"data":"\r  0%|          | 0.00/97.8M [00:00\u003c?, ?B/s]\n"}
,{"stream_name":"stderr","time":356.940642232,"data":"\r  0%|          | 0.00/97.8M [00:00\u003c?, ?B/s]\r  9%|▉         | 8.75M/97.8M [00:00\u003c00:01, 91.6MB/s]\n"}
,{"stream_name":"stderr","time":357.040971695,"data":"\r  9%|▉         | 8.75M/97.8M [00:00\u003c00:01, 91.6MB/s]\r 33%|███▎      | 32.6M/97.8M [00:00\u003c00:00, 185MB/s] \n"}
,{"stream_name":"stderr","time":357.141752219,"data":"\r 33%|███▎      | 32.6M/97.8M [00:00\u003c00:00, 185MB/s] \r 57%|█████▋    | 55.5M/97.8M [00:00\u003c00:00, 210MB/s]\n"}
,{"stream_name":"stderr","time":357.242247449,"data":"\r 57%|█████▋    | 55.5M/97.8M [00:00\u003c00:00, 210MB/s]\r 79%|███████▉  | 77.1M/97.8M [00:00\u003c00:00, 216MB/s]\n"}
,{"stream_name":"stderr","time":357.338660445,"data":"\r 79%|███████▉  | 77.1M/97.8M [00:00\u003c00:00, 216MB/s]\r100%|██████████| 97.8M/97.8M [00:00\u003c00:00, 206MB/s]\n"}
,{"stream_name":"stderr","time":357.341296249,"data":"\r100%|██████████| 97.8M/97.8M [00:00\u003c00:00, 206MB/s]\n"}
,{"stream_name":"stderr","time":357.341332159,"data":"\n"}
,{"stream_name":"stderr","time":357.34133757,"data":"\n"}
,{"stream_name":"stdout","time":358.805498223,"data":"Downloading: \"https://download.pytorch.org/models/vit_b_16-c867db91.pth\" to /root/.cache/torch/hub/checkpoints/vit_b_16-c867db91.pth\n"}
,{"stream_name":"stderr","time":358.806431271,"data":"\r  0%|          | 0.00/330M [00:00\u003c?, ?B/s]\n"}
,{"stream_name":"stderr","time":358.907299129,"data":"\r  0%|          | 0.00/330M [00:00\u003c?, ?B/s]\r  2%|▏         | 7.00M/330M [00:00\u003c00:04, 73.1MB/s]\n"}
,{"stream_name":"stderr","time":359.008370894,"data":"\r  2%|▏         | 7.00M/330M [00:00\u003c00:04, 73.1MB/s]\r  7%|▋         | 24.1M/330M [00:00\u003c00:02, 135MB/s] \n"}
,{"stream_name":"stderr","time":359.10862879,"data":"\r  7%|▋         | 24.1M/330M [00:00\u003c00:02, 135MB/s] \r 13%|█▎        | 41.4M/330M [00:00\u003c00:01, 155MB/s]\n"}
,{"stream_name":"stderr","time":359.209823819,"data":"\r 13%|█▎        | 41.4M/330M [00:00\u003c00:01, 155MB/s]\r 18%|█▊        | 58.6M/330M [00:00\u003c00:01, 165MB/s]\n"}
,{"stream_name":"stderr","time":359.310269555,"data":"\r 18%|█▊        | 58.6M/330M [00:00\u003c00:01, 165MB/s]\r 23%|██▎       | 75.8M/330M [00:00\u003c00:01, 170MB/s]\n"}
,{"stream_name":"stderr","time":359.410744566,"data":"\r 23%|██▎       | 75.8M/330M [00:00\u003c00:01, 170MB/s]\r 28%|██▊       | 93.0M/330M [00:00\u003c00:01, 173MB/s]\n"}
,{"stream_name":"stderr","time":359.510848548,"data":"\r 28%|██▊       | 93.0M/330M [00:00\u003c00:01, 173MB/s]\r 33%|███▎      | 110M/330M [00:00\u003c00:01, 175MB/s] \n"}
,{"stream_name":"stderr","time":359.611236603,"data":"\r 33%|███▎      | 110M/330M [00:00\u003c00:01, 175MB/s] \r 39%|███▊      | 127M/330M [00:00\u003c00:01, 177MB/s]\n"}
,{"stream_name":"stderr","time":359.711260391,"data":"\r 39%|███▊      | 127M/330M [00:00\u003c00:01, 177MB/s]\r 44%|████▎     | 144M/330M [00:00\u003c00:01, 177MB/s]\n"}
,{"stream_name":"stderr","time":359.812430438,"data":"\r 44%|████▎     | 144M/330M [00:00\u003c00:01, 177MB/s]\r 49%|████▉     | 162M/330M [00:01\u003c00:00, 178MB/s]\n"}
,{"stream_name":"stderr","time":359.912300622,"data":"\r 49%|████▉     | 162M/330M [00:01\u003c00:00, 178MB/s]\r 54%|█████▍    | 179M/330M [00:01\u003c00:00, 178MB/s]\n"}
,{"stream_name":"stderr","time":360.012709806,"data":"\r 54%|█████▍    | 179M/330M [00:01\u003c00:00, 178MB/s]\r 59%|█████▉    | 196M/330M [00:01\u003c00:00, 178MB/s]\n"}
,{"stream_name":"stderr","time":360.113144145,"data":"\r 59%|█████▉    | 196M/330M [00:01\u003c00:00, 178MB/s]\r 64%|██████▍   | 213M/330M [00:01\u003c00:00, 178MB/s]\n"}
,{"stream_name":"stderr","time":360.213907426,"data":"\r 64%|██████▍   | 213M/330M [00:01\u003c00:00, 178MB/s]\r 70%|██████▉   | 230M/330M [00:01\u003c00:00, 179MB/s]\n"}
,{"stream_name":"stderr","time":360.314591883,"data":"\r 70%|██████▉   | 230M/330M [00:01\u003c00:00, 179MB/s]\r 75%|███████▍  | 247M/330M [00:01\u003c00:00, 179MB/s]\n"}
,{"stream_name":"stderr","time":360.414632245,"data":"\r 75%|███████▍  | 247M/330M [00:01\u003c00:00, 179MB/s]\r 80%|████████  | 264M/330M [00:01\u003c00:00, 179MB/s]\n"}
,{"stream_name":"stderr","time":360.515530678,"data":"\r 80%|████████  | 264M/330M [00:01\u003c00:00, 179MB/s]\r 85%|████████▌ | 282M/330M [00:01\u003c00:00, 179MB/s]\n"}
,{"stream_name":"stderr","time":360.776255419,"data":"\r 85%|████████▌ | 282M/330M [00:01\u003c00:00, 179MB/s]\r 90%|█████████ | 299M/330M [00:01\u003c00:00, 121MB/s]\n"}
,{"stream_name":"stderr","time":360.878233089,"data":"\r 90%|█████████ | 299M/330M [00:01\u003c00:00, 121MB/s]\r 96%|█████████▌| 316M/330M [00:02\u003c00:00, 133MB/s]\n"}
,{"stream_name":"stderr","time":360.969195455,"data":"\r 96%|█████████▌| 316M/330M [00:02\u003c00:00, 133MB/s]\r100%|██████████| 330M/330M [00:02\u003c00:00, 160MB/s]\n"}
,{"stream_name":"stderr","time":360.976731099,"data":"\r100%|██████████| 330M/330M [00:02\u003c00:00, 160MB/s]\n"}
,{"stream_name":"stderr","time":360.976761524,"data":"\n"}
,{"stream_name":"stderr","time":360.97676682,"data":"\n"}
,{"stream_name":"stderr","time":361.519416261,"data":"Warning: You are sending unauthenticated requests to the HF Hub. Please set a HF_TOKEN to enable higher rate limits and faster downloads.\n"}
,{"stream_name":"stderr","time":361.52043451,"data":"\n"}
,{"stream_name":"stderr","time":361.520446955,"data":"Warning: You are sending unauthenticated requests to the HF Hub. Please set a HF_TOKEN to enable higher rate limits and faster downloads.\n"}
,{"stream_name":"stderr","time":361.520832025,"data":"WARNING:huggingface_hub.utils._http:Warning: You are sending unauthenticated requests to the HF Hub. Please set a HF_TOKEN to enable higher rate limits and faster downloads.\n"}
,{"stream_name":"stderr","time":361.52085162,"data":"\n"}
,{"stream_name":"stderr","time":361.520856134,"data":"WARNING:huggingface_hub.utils._http:Warning: You are sending unauthenticated requests to the HF Hub. Please set a HF_TOKEN to enable higher rate limits and faster downloads.\n"}
,{"stream_name":"stderr","time":391.63741488,"data":"/usr/local/lib/python3.12/dist-packages/open_clip/factory.py:450: UserWarning: QuickGELU mismatch between final model config (quick_gelu=False) and pretrained tag 'openai' (quick_gelu=True).\n"}
,{"stream_name":"stderr","time":391.637467089,"data":"  warnings.warn(\n"}
,{"stream_name":"stderr","time":391.637471271,"data":"\n"}
,{"stream_name":"stderr","time":391.637490587,"data":"/usr/local/lib/python3.12/dist-packages/open_clip/factory.py:450: UserWarning: QuickGELU mismatch between final model config (quick_gelu=False) and pretrained tag 'openai' (quick_gelu=True).\n"}
,{"stream_name":"stderr","time":391.637496634,"data":"  warnings.warn(\n"}
,{"stream_name":"stdout","time":412.20220839,"data":"resnet: early stop at epoch 15\n"}
,{"stream_name":"stdout","time":412.202247802,"data":"resnet best val acc: 0.9820\n"}
,{"stream_name":"stdout","time":465.483368564,"data":"vit: early stop at epoch 9\n"}
,{"stream_name":"stdout","time":465.483409953,"data":"vit best val acc: 0.9850\n"}
,{"stream_name":"stdout","time":481.522714213,"data":"clip: early stop at epoch 12\n"}
,{"stream_name":"stdout","time":481.522760222,"data":"clip best val acc: 0.9840\n"}
,{"stream_name":"stdout","time":521.055897884,"data":"Downloading: \"https://download.pytorch.org/models/vgg19-dcbb9e9d.pth\" to /root/.cache/torch/hub/checkpoints/vgg19-dcbb9e9d.pth\n"}
,{"stream_name":"stderr","time":521.056948069,"data":"\r  0%|          | 0.00/548M [00:00\u003c?, ?B/s]\n"}
,{"stream_name":"stderr","time":521.158642475,"data":"\r  0%|          | 0.00/548M [00:00\u003c?, ?B/s]\r  1%|▏         | 8.00M/548M [00:00\u003c00:06, 83.1MB/s]\n"}
,{"stream_name":"stderr","time":521.258813361,"data":"\r  1%|▏         | 8.00M/548M [00:00\u003c00:06, 83.1MB/s]\r  5%|▍         | 27.1M/548M [00:00\u003c00:03, 152MB/s] \n"}
,{"stream_name":"stderr","time":521.358744207,"data":"\r  5%|▍         | 27.1M/548M [00:00\u003c00:03, 152MB/s] \r  9%|▉         | 50.9M/548M [00:00\u003c00:02, 196MB/s]\n"}
,{"stream_name":"stderr","time":521.459144629,"data":"\r  9%|▉         | 50.9M/548M [00:00\u003c00:02, 196MB/s]\r 13%|█▎        | 72.5M/548M [00:00\u003c00:02, 208MB/s]\n"}
,{"stream_name":"stderr","time":521.559473025,"data":"\r 13%|█▎        | 72.5M/548M [00:00\u003c00:02, 208MB/s]\r 18%|█▊        | 96.2M/548M [00:00\u003c00:02, 223MB/s]\n"}
,{"stream_name":"stderr","time":521.659722939,"data":"\r 18%|█▊        | 96.2M/548M [00:00\u003c00:02, 223MB/s]\r 22%|██▏       | 120M/548M [00:00\u003c00:01, 231MB/s] \n"}
,{"stream_name":"stderr","time":521.759701246,"data":"\r 22%|██▏       | 120M/548M [00:00\u003c00:01, 231MB/s] \r 26%|██▋       | 144M/548M [00:00\u003c00:01, 237MB/s]\n"}
,{"stream_name":"stderr","time":521.860014255,"data":"\r 26%|██▋       | 144M/548M [00:00\u003c00:01, 237MB/s]\r 31%|███       | 168M/548M [00:00\u003c00:01, 242MB/s]\n"}
,{"stream_name":"stderr","time":521.960287574,"data":"\r 31%|███       | 168M/548M [00:00\u003c00:01, 242MB/s]\r 35%|███▌      | 192M/548M [00:00\u003c00:01, 245MB/s]\n"}
,{"stream_name":"stderr","time":522.060586177,"data":"\r 35%|███▌      | 192M/548M [00:00\u003c00:01, 245MB/s]\r 39%|███▉      | 216M/548M [00:01\u003c00:01, 246MB/s]\n"}
,{"stream_name":"stderr","time":522.16058636,"data":"\r 39%|███▉      | 216M/548M [00:01\u003c00:01, 246MB/s]\r 44%|████▎     | 240M/548M [00:01\u003c00:01, 248MB/s]\n"}
,{"stream_name":"stderr","time":522.261413246,"data":"\r 44%|████▎     | 240M/548M [00:01\u003c00:01, 248MB/s]\r 48%|████▊     | 263M/548M [00:01\u003c00:01, 247MB/s]\n"}
,{"stream_name":"stderr","time":522.361567279,"data":"\r 48%|████▊     | 263M/548M [00:01\u003c00:01, 247MB/s]\r 52%|█████▏    | 287M/548M [00:01\u003c00:01, 248MB/s]\n"}
,{"stream_name":"stderr","time":522.461741256,"data":"\r 52%|█████▏    | 287M/548M [00:01\u003c00:01, 248MB/s]\r 57%|█████▋    | 311M/548M [00:01\u003c00:01, 247MB/s]\n"}
,{"stream_name":"stderr","time":522.562385827,"data":"\r 57%|█████▋    | 311M/548M [00:01\u003c00:01, 247MB/s]\r 61%|██████    | 334M/548M [00:01\u003c00:00, 247MB/s]\n"}
,{"stream_name":"stderr","time":522.662266173,"data":"\r 61%|██████    | 334M/548M [00:01\u003c00:00, 247MB/s]\r 65%|██████▌   | 358M/548M [00:01\u003c00:00, 248MB/s]\n"}
,{"stream_name":"stderr","time":522.762041588,"data":"\r 65%|██████▌   | 358M/548M [00:01\u003c00:00, 248MB/s]\r 70%|██████▉   | 382M/548M [00:01\u003c00:00, 249MB/s]\n"}
,{"stream_name":"stderr","time":522.862629433,"data":"\r 70%|██████▉   | 382M/548M [00:01\u003c00:00, 249MB/s]\r 74%|███████▍  | 406M/548M [00:01\u003c00:00, 249MB/s]\n"}
,{"stream_name":"stderr","time":522.962591169,"data":"\r 74%|███████▍  | 406M/548M [00:01\u003c00:00, 249MB/s]\r 78%|███████▊  | 430M/548M [00:01\u003c00:00, 249MB/s]\n"}
,{"stream_name":"stderr","time":523.076042864,"data":"\r 78%|███████▊  | 430M/548M [00:01\u003c00:00, 249MB/s]\r 83%|████████▎ | 454M/548M [00:02\u003c00:00, 240MB/s]\n"}
,{"stream_name":"stderr","time":523.177219611,"data":"\r 83%|████████▎ | 454M/548M [00:02\u003c00:00, 240MB/s]\r 87%|████████▋ | 477M/548M [00:02\u003c00:00, 240MB/s]\n"}
,{"stream_name":"stderr","time":523.277081633,"data":"\r 87%|████████▋ | 477M/548M [00:02\u003c00:00, 240MB/s]\r 91%|█████████▏| 500M/548M [00:02\u003c00:00, 242MB/s]\n"}
,{"stream_name":"stderr","time":523.37749058,"data":"\r 91%|█████████▏| 500M/548M [00:02\u003c00:00, 242MB/s]\r 96%|█████████▌| 524M/548M [00:02\u003c00:00, 245MB/s]\n"}
,{"stream_name":"stderr","time":523.478286966,"data":"\r 96%|█████████▌| 524M/548M [00:02\u003c00:00, 245MB/s]\r100%|█████████▉| 548M/548M [00:02\u003c00:00, 245MB/s]\n"}
,{"stream_name":"stderr","time":523.47857665,"data":"\r100%|█████████▉| 548M/548M [00:02\u003c00:00, 245MB/s]\r100%|██████████| 548M/548M [00:02\u003c00:00, 237MB/s]\n"}
,{"stream_name":"stderr","time":523.793923455,"data":"\r100%|██████████| 548M/548M [00:02\u003c00:00, 237MB/s]\n"}
,{"stream_name":"stderr","time":523.793961595,"data":"\n"}
,{"stream_name":"stderr","time":523.793966747,"data":"\n"}
,{"stream_name":"stdout","time":590.601946249,"data":"  airplane-\u003ebird: 20/20 accepted\n"}
,{"stream_name":"stdout","time":656.283407532,"data":"  bird-\u003eairplane: 20/20 accepted\n"}
,{"stream_name":"stdout","time":721.798301328,"data":"  car-\u003ecat: 20/20 accepted\n"}
,{"stream_name":"stdout","time":787.358549241,"data":"  cat-\u003ecar: 20/20 accepted\n"}
,{"stream_name":"stdout","time":853.004542777,"data":"  deer-\u003edog: 20/20 accepted\n"}
,{"stream_name":"stdout","time":918.599680244,"data":"  dog-\u003edeer: 20/20 accepted\n"}
,{"stream_name":"stdout","time":984.224891362,"data":"  horse-\u003emonkey: 20/20 accepted\n"}
,{"stream_name":"stdout","time":1050.056840626,"data":"  monkey-\u003ehorse: 20/20 accepted\n"}
,{"stream_name":"stdout","time":1115.866482046,"data":"  ship-\u003etruck: 20/20 accepted\n"}
,{"stream_name":"stdout","time":1181.5377905,"data":"  truck-\u003eship: 20/20 accepted\n"}
,{"stream_name":"stdout","time":1181.537826382,"data":"\n"}
,{"stream_name":"stdout","time":1181.537837075,"data":"Total accepted : 200\n"}
,{"stream_name":"stdout","time":1181.537840398,"data":"Rejected counts: {}\n"}
,{"stream_name":"stdout","time":1188.816531782,"data":"Displacement: 0px\n"}
,{"stream_name":"stdout","time":1188.816568245,"data":"Displacement: 8px\n"}
,{"stream_name":"stdout","time":1232.463884186,"data":"Displacement: 16px\n"}
,{"stream_name":"stdout","time":1275.962304443,"data":"Displacement: 32px\n"}
,{"stream_name":"stderr","time":1389.622384295,"data":"/usr/local/lib/python3.12/dist-packages/umap/umap_.py:1952: UserWarning: n_jobs value 1 overridden to 1 by setting random_state. Use no seed for parallelism.\n"}
,{"stream_name":"stderr","time":1389.622430385,"data":"  warn(\n"}
,{"stream_name":"stderr","time":1389.622436529,"data":"\n"}
,{"stream_name":"stderr","time":1389.622441863,"data":"/usr/local/lib/python3.12/dist-packages/umap/umap_.py:1952: UserWarning: n_jobs value 1 overridden to 1 by setting random_state. Use no seed for parallelism.\n"}
,{"stream_name":"stderr","time":1389.622446934,"data":"  warn(\n"}
,{"stream_name":"stderr","time":1402.800037652,"data":"/usr/local/lib/python3.12/dist-packages/umap/umap_.py:1952: UserWarning: n_jobs value 1 overridden to 1 by setting random_state. Use no seed for parallelism.\n"}
,{"stream_name":"stderr","time":1402.800104284,"data":"  warn(\n"}
,{"stream_name":"stderr","time":1402.800111727,"data":"\n"}
,{"stream_name":"stderr","time":1402.800117167,"data":"/usr/local/lib/python3.12/dist-packages/umap/umap_.py:1952: UserWarning: n_jobs value 1 overridden to 1 by setting random_state. Use no seed for parallelism.\n"}
,{"stream_name":"stderr","time":1402.800123253,"data":"  warn(\n"}
,{"stream_name":"stderr","time":1418.457860319,"data":"/usr/local/lib/python3.12/dist-packages/umap/umap_.py:1952: UserWarning: n_jobs value 1 overridden to 1 by setting random_state. Use no seed for parallelism.\n"}
,{"stream_name":"stderr","time":1418.457896767,"data":"  warn(\n"}
,{"stream_name":"stderr","time":1418.457902479,"data":"\n"}
,{"stream_name":"stderr","time":1418.457906887,"data":"/usr/local/lib/python3.12/dist-packages/umap/umap_.py:1952: UserWarning: n_jobs value 1 overridden to 1 by setting random_state. Use no seed for parallelism.\n"}
,{"stream_name":"stderr","time":1418.457913544,"data":"  warn(\n"}
,{"stream_name":"stderr","time":1427.930521646,"data":"/usr/local/lib/python3.12/dist-packages/umap/umap_.py:1952: UserWarning: n_jobs value 1 overridden to 1 by setting random_state. Use no seed for parallelism.\n"}
,{"stream_name":"stderr","time":1427.93056577,"data":"  warn(\n"}
,{"stream_name":"stderr","time":1427.930571912,"data":"\n"}
,{"stream_name":"stderr","time":1427.930576862,"data":"/usr/local/lib/python3.12/dist-packages/umap/umap_.py:1952: UserWarning: n_jobs value 1 overridden to 1 by setting random_state. Use no seed for parallelism.\n"}
,{"stream_name":"stderr","time":1427.930582422,"data":"  warn(\n"}
,{"stream_name":"stderr","time":1434.677849361,"data":"/usr/local/lib/python3.12/dist-packages/umap/umap_.py:1952: UserWarning: n_jobs value 1 overridden to 1 by setting random_state. Use no seed for parallelism.\n"}
,{"stream_name":"stderr","time":1434.677891884,"data":"  warn(\n"}
,{"stream_name":"stderr","time":1434.677895788,"data":"\n"}
,{"stream_name":"stderr","time":1434.677899106,"data":"/usr/local/lib/python3.12/dist-packages/umap/umap_.py:1952: UserWarning: n_jobs value 1 overridden to 1 by setting random_state. Use no seed for parallelism.\n"}
,{"stream_name":"stderr","time":1434.677902556,"data":"  warn(\n"}
,{"stream_name":"stderr","time":1439.783217951,"data":"/usr/local/lib/python3.12/dist-packages/umap/umap_.py:1952: UserWarning: n_jobs value 1 overridden to 1 by setting random_state. Use no seed for parallelism.\n"}
,{"stream_name":"stderr","time":1439.783270623,"data":"  warn(\n"}
,{"stream_name":"stderr","time":1439.783277391,"data":"\n"}
,{"stream_name":"stderr","time":1439.783282987,"data":"/usr/local/lib/python3.12/dist-packages/umap/umap_.py:1952: UserWarning: n_jobs value 1 overridden to 1 by setting random_state. Use no seed for parallelism.\n"}
,{"stream_name":"stderr","time":1439.783289064,"data":"  warn(\n"}
,{"stream_name":"stdout","time":1444.052020844,"data":"Done: STL-10 binaries and model weights removed.\n"}
,{"stream_name":"stderr","time":1449.786524009,"data":"/usr/local/lib/python3.12/dist-packages/mistune.py:435: SyntaxWarning: invalid escape sequence '\\|'\n"}
,{"stream_name":"stderr","time":1449.786555696,"data":"  cells[i][c] = re.sub('\\\\\\\\\\|', '|', cell)\n"}
,{"stream_name":"stderr","time":1449.953854596,"data":"/usr/local/lib/python3.12/dist-packages/nbconvert/filters/filter_links.py:36: SyntaxWarning: invalid escape sequence '\\_'\n"}
,{"stream_name":"stderr","time":1449.953880788,"data":"  text = re.sub(r'_', '\\_', text) # Escape underscores in display text\n"}
,{"stream_name":"stderr","time":1450.584715755,"data":"[NbConvertApp] Converting notebook __notebook__.ipynb to notebook\n"}
,{"stream_name":"stderr","time":1451.396092755,"data":"[NbConvertApp] Writing 3061927 bytes to __notebook__.ipynb\n"}
,{"stream_name":"stderr","time":1453.693280966,"data":"[NbConvertApp] Converting notebook __notebook__.ipynb to html\n"}
,{"stream_name":"stderr","time":1454.725747691,"data":"[NbConvertApp] Support files will be in __results___files/\n"}
,{"stream_name":"stderr","time":1454.725781135,"data":"[NbConvertApp] Making directory __results___files\n"}
,{"stream_name":"stderr","time":1454.726804727,"data":"[NbConvertApp] Making directory __results___files\n"}
,{"stream_name":"stderr","time":1454.727045574,"data":"[NbConvertApp] Making directory __results___files\n"}
,{"stream_name":"stderr","time":1454.727319111,"data":"[NbConvertApp] Making directory __results___files\n"}
,{"stream_name":"stderr","time":1454.727573894,"data":"[NbConvertApp] Making directory __results___files\n"}
,{"stream_name":"stderr","time":1454.727780469,"data":"[NbConvertApp] Making directory __results___files\n"}
,{"stream_name":"stderr","time":1454.728012434,"data":"[NbConvertApp] Making directory __results___files\n"}
,{"stream_name":"stderr","time":1454.728257449,"data":"[NbConvertApp] Making directory __results___files\n"}
,{"stream_name":"stderr","time":1454.728506954,"data":"[NbConvertApp] Writing 771603 bytes to __results__.html\n"}
]