[{"stream_name":"stderr","time":7.318194649,"data":"0.00s - Debugger warning: It seems that frozen modules are being used, which may\n"}
,{"stream_name":"stderr","time":7.318283901,"data":"0.00s - make the debugger miss breakpoints. Please pass -Xfrozen_modules=off\n"}
,{"stream_name":"stderr","time":7.318290497,"data":"0.00s - to python to disable frozen modules.\n"}
,{"stream_name":"stderr","time":7.318294359,"data":"0.00s - Note: Debugging will proceed. Set PYDEVD_DISABLE_FILE_VALIDATION=1 to disable this validation.\n"}
,{"stream_name":"stderr","time":7.920792521,"data":"0.00s - Debugger warning: It seems that frozen modules are being used, which may\n"}
,{"stream_name":"stderr","time":7.920834792,"data":"0.00s - make the debugger miss breakpoints. Please pass -Xfrozen_modules=off\n"}
,{"stream_name":"stderr","time":7.9208408519999995,"data":"0.00s - to python to disable frozen modules.\n"}
,{"stream_name":"stderr","time":7.920844577,"data":"0.00s - Note: Debugging will proceed. Set PYDEVD_DISABLE_FILE_VALIDATION=1 to disable this validation.\n"}
,{"stream_name":"stdout","time":27.209260463,"data":"Using device: cuda\n"}
,{"stream_name":"stdout","time":27.408993143,"data":"Near indices: [13, 58, 48, 89, 97, 34, 42, 15]\n"}
,{"stream_name":"stdout","time":27.409033109,"data":"Far indices: [9, 10, 20, 22, 39, 51, 82, 94]\n"}
,{"stream_name":"stderr","time":28.092121722,"data":"\r  0%|          | 0.00/170M [00:00\u003c?, ?B/s]\n"}
,{"stream_name":"stderr","time":28.209296849,"data":"\r  0%|          | 0.00/170M [00:00\u003c?, ?B/s]\r  0%|          | 32.8k/170M [00:00\u003c10:05, 282kB/s]\n"}
,{"stream_name":"stderr","time":28.338872754,"data":"\r  0%|          | 32.8k/170M [00:00\u003c10:05, 282kB/s]\r  0%|          | 229k/170M [00:00\u003c02:43, 1.04MB/s]\n"}
,{"stream_name":"stderr","time":28.443452377,"data":"\r  0%|          | 229k/170M [00:00\u003c02:43, 1.04MB/s]\r  0%|          | 688k/170M [00:00\u003c01:10, 2.42MB/s]\n"}
,{"stream_name":"stderr","time":28.544184643,"data":"\r  0%|          | 688k/170M [00:00\u003c01:10, 2.42MB/s]\r  1%|          | 1.11M/170M [00:00\u003c00:54, 3.09MB/s]\n"}
,{"stream_name":"stderr","time":28.644900272,"data":"\r  1%|          | 1.11M/170M [00:00\u003c00:54, 3.09MB/s]\r  1%|          | 1.54M/170M [00:00\u003c00:48, 3.47MB/s]\n"}
,{"stream_name":"stderr","time":28.751650468,"data":"\r  1%|          | 1.54M/170M [00:00\u003c00:48, 3.47MB/s]\r  1%|          | 2.13M/170M [00:00\u003c00:40, 4.17MB/s]\n"}
,{"stream_name":"stderr","time":28.852773173,"data":"\r  1%|          | 2.13M/170M [00:00\u003c00:40, 4.17MB/s]\r  2%|▏         | 2.65M/170M [00:00\u003c00:37, 4.49MB/s]\n"}
,{"stream_name":"stderr","time":28.95434331,"data":"\r  2%|▏         | 2.65M/170M [00:00\u003c00:37, 4.49MB/s]\r  2%|▏         | 3.24M/170M [00:00\u003c00:34, 4.90MB/s]\n"}
,{"stream_name":"stderr","time":29.054579266,"data":"\r  2%|▏         | 3.24M/170M [00:00\u003c00:34, 4.90MB/s]\r  2%|▏         | 3.83M/170M [00:00\u003c00:32, 5.20MB/s]\n"}
,{"stream_name":"stderr","time":29.15480321,"data":"\r  2%|▏         | 3.83M/170M [00:00\u003c00:32, 5.20MB/s]\r  3%|▎         | 4.46M/170M [00:01\u003c00:30, 5.51MB/s]\n"}
,{"stream_name":"stderr","time":29.256940534,"data":"\r  3%|▎         | 4.46M/170M [00:01\u003c00:30, 5.51MB/s]\r  3%|▎         | 5.21M/170M [00:01\u003c00:27, 6.08MB/s]\n"}
,{"stream_name":"stderr","time":29.360607056,"data":"\r  3%|▎         | 5.21M/170M [00:01\u003c00:27, 6.08MB/s]\r  4%|▎         | 6.03M/170M [00:01\u003c00:24, 6.64MB/s]\n"}
,{"stream_name":"stderr","time":29.462537338,"data":"\r  4%|▎         | 6.03M/170M [00:01\u003c00:24, 6.64MB/s]\r  4%|▍         | 6.88M/170M [00:01\u003c00:22, 7.16MB/s]\n"}
,{"stream_name":"stderr","time":29.575762352,"data":"\r  4%|▍         | 6.88M/170M [00:01\u003c00:22, 7.16MB/s]\r  4%|▍         | 7.60M/170M [00:01\u003c00:23, 6.90MB/s]\n"}
,{"stream_name":"stderr","time":29.702569583,"data":"\r  4%|▍         | 7.60M/170M [00:01\u003c00:23, 6.90MB/s]\r  5%|▍         | 8.32M/170M [00:01\u003c00:24, 6.49MB/s]\n"}
,{"stream_name":"stderr","time":29.819595471,"data":"\r  5%|▍         | 8.32M/170M [00:01\u003c00:24, 6.49MB/s]\r  5%|▌         | 8.98M/170M [00:01\u003c00:25, 6.21MB/s]\n"}
,{"stream_name":"stderr","time":29.936035968,"data":"\r  5%|▌         | 8.98M/170M [00:01\u003c00:25, 6.21MB/s]\r  6%|▌         | 9.63M/170M [00:01\u003c00:26, 6.03MB/s]\n"}
,{"stream_name":"stderr","time":30.048669834,"data":"\r  6%|▌         | 9.63M/170M [00:01\u003c00:26, 6.03MB/s]\r  6%|▌         | 10.3M/170M [00:01\u003c00:27, 5.88MB/s]\n"}
,{"stream_name":"stderr","time":30.15953948,"data":"\r  6%|▌         | 10.3M/170M [00:01\u003c00:27, 5.88MB/s]\r  6%|▋         | 10.9M/170M [00:02\u003c00:27, 5.80MB/s]\n"}
,{"stream_name":"stderr","time":30.266109208,"data":"\r  6%|▋         | 10.9M/170M [00:02\u003c00:27, 5.80MB/s]\r  7%|▋         | 11.5M/170M [00:02\u003c00:27, 5.73MB/s]\n"}
,{"stream_name":"stderr","time":30.37208996,"data":"\r  7%|▋         | 11.5M/170M [00:02\u003c00:27, 5.73MB/s]\r  7%|▋         | 12.1M/170M [00:02\u003c00:27, 5.68MB/s]\n"}
,{"stream_name":"stderr","time":30.472624469,"data":"\r  7%|▋         | 12.1M/170M [00:02\u003c00:27, 5.68MB/s]\r  7%|▋         | 12.6M/170M [00:02\u003c00:27, 5.73MB/s]\n"}
,{"stream_name":"stderr","time":30.575665147,"data":"\r  7%|▋         | 12.6M/170M [00:02\u003c00:27, 5.73MB/s]\r  8%|▊         | 13.3M/170M [00:02\u003c00:27, 5.82MB/s]\n"}
,{"stream_name":"stderr","time":30.679017271,"data":"\r  8%|▊         | 13.3M/170M [00:02\u003c00:27, 5.82MB/s]\r  8%|▊         | 13.9M/170M [00:02\u003c00:26, 5.88MB/s]\n"}
,{"stream_name":"stderr","time":30.782369299,"data":"\r  8%|▊         | 13.9M/170M [00:02\u003c00:26, 5.88MB/s]\r  9%|▊         | 14.5M/170M [00:02\u003c00:26, 5.92MB/s]\n"}
,{"stream_name":"stderr","time":30.886727493,"data":"\r  9%|▊         | 14.5M/170M [00:02\u003c00:26, 5.92MB/s]\r  9%|▉         | 15.1M/170M [00:02\u003c00:26, 5.95MB/s]\n"}
,{"stream_name":"stderr","time":30.989030928,"data":"\r  9%|▉         | 15.1M/170M [00:02\u003c00:26, 5.95MB/s]\r  9%|▉         | 15.8M/170M [00:02\u003c00:25, 5.98MB/s]\n"}
,{"stream_name":"stderr","time":31.091098505,"data":"\r  9%|▉         | 15.8M/170M [00:02\u003c00:25, 5.98MB/s]\r 10%|▉         | 16.4M/170M [00:02\u003c00:25, 6.02MB/s]\n"}
,{"stream_name":"stderr","time":31.194397971,"data":"\r 10%|▉         | 16.4M/170M [00:02\u003c00:25, 6.02MB/s]\r 10%|▉         | 17.0M/170M [00:03\u003c00:25, 6.03MB/s]\n"}
,{"stream_name":"stderr","time":31.296084697,"data":"\r 10%|▉         | 17.0M/170M [00:03\u003c00:25, 6.03MB/s]\r 10%|█         | 17.6M/170M [00:03\u003c00:25, 6.05MB/s]\n"}
,{"stream_name":"stderr","time":31.397508005,"data":"\r 10%|█         | 17.6M/170M [00:03\u003c00:25, 6.05MB/s]\r 11%|█         | 18.3M/170M [00:03\u003c00:25, 6.07MB/s]\n"}
,{"stream_name":"stderr","time":31.499811416,"data":"\r 11%|█         | 18.3M/170M [00:03\u003c00:25, 6.07MB/s]\r 11%|█         | 18.9M/170M [00:03\u003c00:24, 6.08MB/s]\n"}
,{"stream_name":"stderr","time":31.60371422,"data":"\r 11%|█         | 18.9M/170M [00:03\u003c00:24, 6.08MB/s]\r 11%|█▏        | 19.5M/170M [00:03\u003c00:24, 6.14MB/s]\n"}
,{"stream_name":"stderr","time":31.70829209,"data":"\r 11%|█▏        | 19.5M/170M [00:03\u003c00:24, 6.14MB/s]\r 12%|█▏        | 20.2M/170M [00:03\u003c00:23, 6.28MB/s]\n"}
,{"stream_name":"stderr","time":31.80880512,"data":"\r 12%|█▏        | 20.2M/170M [00:03\u003c00:23, 6.28MB/s]\r 12%|█▏        | 20.9M/170M [00:03\u003c00:23, 6.35MB/s]\n"}
,{"stream_name":"stderr","time":31.91262197,"data":"\r 12%|█▏        | 20.9M/170M [00:03\u003c00:23, 6.35MB/s]\r 13%|█▎        | 21.6M/170M [00:03\u003c00:23, 6.43MB/s]\n"}
,{"stream_name":"stderr","time":32.012961208,"data":"\r 13%|█▎        | 21.6M/170M [00:03\u003c00:23, 6.43MB/s]\r 13%|█▎        | 22.2M/170M [00:03\u003c00:22, 6.46MB/s]\n"}
,{"stream_name":"stderr","time":32.113322184,"data":"\r 13%|█▎        | 22.2M/170M [00:03\u003c00:22, 6.46MB/s]\r 13%|█▎        | 22.9M/170M [00:04\u003c00:22, 6.48MB/s]\n"}
,{"stream_name":"stderr","time":32.218438541,"data":"\r 13%|█▎        | 22.9M/170M [00:04\u003c00:22, 6.48MB/s]\r 14%|█▍        | 23.6M/170M [00:04\u003c00:22, 6.50MB/s]\n"}
,{"stream_name":"stderr","time":32.323253083,"data":"\r 14%|█▍        | 23.6M/170M [00:04\u003c00:22, 6.50MB/s]\r 14%|█▍        | 24.2M/170M [00:04\u003c00:22, 6.52MB/s]\n"}
,{"stream_name":"stderr","time":32.428389305,"data":"\r 14%|█▍        | 24.2M/170M [00:04\u003c00:22, 6.52MB/s]\r 15%|█▍        | 24.9M/170M [00:04\u003c00:22, 6.53MB/s]\n"}
,{"stream_name":"stderr","time":32.534562494,"data":"\r 15%|█▍        | 24.9M/170M [00:04\u003c00:22, 6.53MB/s]\r 15%|█▌        | 25.6M/170M [00:04\u003c00:22, 6.51MB/s]\n"}
,{"stream_name":"stderr","time":32.638171853,"data":"\r 15%|█▌        | 25.6M/170M [00:04\u003c00:22, 6.51MB/s]\r 15%|█▌        | 26.3M/170M [00:04\u003c00:22, 6.46MB/s]\n"}
,{"stream_name":"stderr","time":32.752258912,"data":"\r 15%|█▌        | 26.3M/170M [00:04\u003c00:22, 6.46MB/s]\r 16%|█▌        | 26.9M/170M [00:04\u003c00:23, 6.22MB/s]\n"}
,{"stream_name":"stderr","time":32.858241091,"data":"\r 16%|█▌        | 26.9M/170M [00:04\u003c00:23, 6.22MB/s]\r 16%|█▌        | 27.6M/170M [00:04\u003c00:23, 6.21MB/s]\n"}
,{"stream_name":"stderr","time":32.967288756,"data":"\r 16%|█▌        | 27.6M/170M [00:04\u003c00:23, 6.21MB/s]\r 17%|█▋        | 28.2M/170M [00:04\u003c00:23, 6.06MB/s]\n"}
,{"stream_name":"stderr","time":33.080188636,"data":"\r 17%|█▋        | 28.2M/170M [00:04\u003c00:23, 6.06MB/s]\r 17%|█▋        | 28.8M/170M [00:04\u003c00:24, 5.89MB/s]\n"}
,{"stream_name":"stderr","time":33.186379416,"data":"\r 17%|█▋        | 28.8M/170M [00:04\u003c00:24, 5.89MB/s]\r 17%|█▋        | 29.5M/170M [00:05\u003c00:23, 5.88MB/s]\n"}
,{"stream_name":"stderr","time":33.287680489,"data":"\r 17%|█▋        | 29.5M/170M [00:05\u003c00:23, 5.88MB/s]\r 18%|█▊        | 30.1M/170M [00:05\u003c00:22, 6.15MB/s]\n"}
,{"stream_name":"stderr","time":33.413098496,"data":"\r 18%|█▊        | 30.1M/170M [00:05\u003c00:22, 6.15MB/s]\r 18%|█▊        | 30.8M/170M [00:05\u003c00:24, 5.75MB/s]\n"}
,{"stream_name":"stderr","time":33.517721375,"data":"\r 18%|█▊        | 30.8M/170M [00:05\u003c00:24, 5.75MB/s]\r 18%|█▊        | 31.4M/170M [00:05\u003c00:23, 5.90MB/s]\n"}
,{"stream_name":"stderr","time":33.623322845,"data":"\r 18%|█▊        | 31.4M/170M [00:05\u003c00:23, 5.90MB/s]\r 19%|█▉        | 32.0M/170M [00:05\u003c00:23, 5.89MB/s]\n"}
,{"stream_name":"stderr","time":33.728940859,"data":"\r 19%|█▉        | 32.0M/170M [00:05\u003c00:23, 5.89MB/s]\r 19%|█▉        | 32.7M/170M [00:05\u003c00:22, 5.99MB/s]\n"}
,{"stream_name":"stderr","time":33.841249165,"data":"\r 19%|█▉        | 32.7M/170M [00:05\u003c00:22, 5.99MB/s]\r 20%|█▉        | 33.3M/170M [00:05\u003c00:23, 5.85MB/s]\n"}
,{"stream_name":"stderr","time":33.944481497,"data":"\r 20%|█▉        | 33.3M/170M [00:05\u003c00:23, 5.85MB/s]\r 20%|█▉        | 34.0M/170M [00:05\u003c00:22, 5.99MB/s]\n"}
,{"stream_name":"stderr","time":34.048217597,"data":"\r 20%|█▉        | 34.0M/170M [00:05\u003c00:22, 5.99MB/s]\r 20%|██        | 34.6M/170M [00:05\u003c00:22, 5.99MB/s]\n"}
,{"stream_name":"stderr","time":34.154561876,"data":"\r 20%|██        | 34.6M/170M [00:05\u003c00:22, 5.99MB/s]\r 21%|██        | 35.2M/170M [00:06\u003c00:22, 5.95MB/s]\n"}
,{"stream_name":"stderr","time":34.256606799,"data":"\r 21%|██        | 35.2M/170M [00:06\u003c00:22, 5.95MB/s]\r 21%|██        | 35.9M/170M [00:06\u003c00:21, 6.19MB/s]\n"}
,{"stream_name":"stderr","time":34.36030099,"data":"\r 21%|██        | 35.9M/170M [00:06\u003c00:21, 6.19MB/s]\r 21%|██▏       | 36.5M/170M [00:06\u003c00:21, 6.13MB/s]\n"}
,{"stream_name":"stderr","time":34.474487717,"data":"\r 21%|██▏       | 36.5M/170M [00:06\u003c00:21, 6.13MB/s]\r 22%|██▏       | 37.2M/170M [00:06\u003c00:22, 5.91MB/s]\n"}
,{"stream_name":"stderr","time":34.601295466,"data":"\r 22%|██▏       | 37.2M/170M [00:06\u003c00:22, 5.91MB/s]\r 22%|██▏       | 37.8M/170M [00:06\u003c00:23, 5.58MB/s]\n"}
,{"stream_name":"stderr","time":34.751568181,"data":"\r 22%|██▏       | 37.8M/170M [00:06\u003c00:23, 5.58MB/s]\r 23%|██▎       | 38.4M/170M [00:06\u003c00:26, 4.98MB/s]\n"}
,{"stream_name":"stderr","time":34.882342948,"data":"\r 23%|██▎       | 38.4M/170M [00:06\u003c00:26, 4.98MB/s]\r 23%|██▎       | 38.9M/170M [00:06\u003c00:28, 4.68MB/s]\n"}
,{"stream_name":"stderr","time":35.006260617,"data":"\r 23%|██▎       | 38.9M/170M [00:06\u003c00:28, 4.68MB/s]\r 23%|██▎       | 39.4M/170M [00:06\u003c00:29, 4.46MB/s]\n"}
,{"stream_name":"stderr","time":35.123427767,"data":"\r 23%|██▎       | 39.4M/170M [00:06\u003c00:29, 4.46MB/s]\r 23%|██▎       | 39.8M/170M [00:07\u003c00:30, 4.31MB/s]\n"}
,{"stream_name":"stderr","time":35.236718867,"data":"\r 23%|██▎       | 39.8M/170M [00:07\u003c00:30, 4.31MB/s]\r 24%|██▎       | 40.3M/170M [00:07\u003c00:30, 4.23MB/s]\n"}
,{"stream_name":"stderr","time":35.351640621,"data":"\r 24%|██▎       | 40.3M/170M [00:07\u003c00:30, 4.23MB/s]\r 24%|██▍       | 40.8M/170M [00:07\u003c00:31, 4.17MB/s]\n"}
,{"stream_name":"stderr","time":35.457006978,"data":"\r 24%|██▍       | 40.8M/170M [00:07\u003c00:31, 4.17MB/s]\r 24%|██▍       | 41.2M/170M [00:07\u003c00:30, 4.22MB/s]\n"}
,{"stream_name":"stderr","time":35.561948378,"data":"\r 24%|██▍       | 41.2M/170M [00:07\u003c00:30, 4.22MB/s]\r 24%|██▍       | 41.7M/170M [00:07\u003c00:30, 4.26MB/s]\n"}
,{"stream_name":"stderr","time":35.667336494,"data":"\r 24%|██▍       | 41.7M/170M [00:07\u003c00:30, 4.26MB/s]\r 25%|██▍       | 42.1M/170M [00:07\u003c00:29, 4.29MB/s]\n"}
,{"stream_name":"stderr","time":35.774420327,"data":"\r 25%|██▍       | 42.1M/170M [00:07\u003c00:29, 4.29MB/s]\r 25%|██▍       | 42.6M/170M [00:07\u003c00:29, 4.29MB/s]\n"}
,{"stream_name":"stderr","time":35.884415324,"data":"\r 25%|██▍       | 42.6M/170M [00:07\u003c00:29, 4.29MB/s]\r 25%|██▌       | 43.1M/170M [00:07\u003c00:29, 4.26MB/s]\n"}
,{"stream_name":"stderr","time":35.989890957,"data":"\r 25%|██▌       | 43.1M/170M [00:07\u003c00:29, 4.26MB/s]\r 26%|██▌       | 43.5M/170M [00:07\u003c00:29, 4.28MB/s]\n"}
,{"stream_name":"stderr","time":36.097754974,"data":"\r 26%|██▌       | 43.5M/170M [00:07\u003c00:29, 4.28MB/s]\r 26%|██▌       | 44.0M/170M [00:08\u003c00:29, 4.27MB/s]\n"}
,{"stream_name":"stderr","time":36.20651424,"data":"\r 26%|██▌       | 44.0M/170M [00:08\u003c00:29, 4.27MB/s]\r 26%|██▌       | 44.4M/170M [00:08\u003c00:29, 4.26MB/s]\n"}
,{"stream_name":"stderr","time":36.311772668,"data":"\r 26%|██▌       | 44.4M/170M [00:08\u003c00:29, 4.26MB/s]\r 26%|██▋       | 44.9M/170M [00:08\u003c00:28, 4.37MB/s]\n"}
,{"stream_name":"stderr","time":36.413829812,"data":"\r 26%|██▋       | 44.9M/170M [00:08\u003c00:28, 4.37MB/s]\r 27%|██▋       | 45.4M/170M [00:08\u003c00:28, 4.41MB/s]\n"}
,{"stream_name":"stderr","time":36.516734805,"data":"\r 27%|██▋       | 45.4M/170M [00:08\u003c00:28, 4.41MB/s]\r 27%|██▋       | 45.8M/170M [00:08\u003c00:28, 4.42MB/s]\n"}
,{"stream_name":"stderr","time":36.62107788,"data":"\r 27%|██▋       | 45.8M/170M [00:08\u003c00:28, 4.42MB/s]\r 27%|██▋       | 46.3M/170M [00:08\u003c00:28, 4.42MB/s]\n"}
,{"stream_name":"stderr","time":36.722319402,"data":"\r 27%|██▋       | 46.3M/170M [00:08\u003c00:28, 4.42MB/s]\r 27%|██▋       | 46.8M/170M [00:08\u003c00:27, 4.45MB/s]\n"}
,{"stream_name":"stderr","time":36.826223693,"data":"\r 27%|██▋       | 46.8M/170M [00:08\u003c00:27, 4.45MB/s]\r 28%|██▊       | 47.2M/170M [00:08\u003c00:27, 4.44MB/s]\n"}
,{"stream_name":"stderr","time":36.927957896,"data":"\r 28%|██▊       | 47.2M/170M [00:08\u003c00:27, 4.44MB/s]\r 28%|██▊       | 47.7M/170M [00:08\u003c00:27, 4.46MB/s]\n"}
,{"stream_name":"stderr","time":37.033276536,"data":"\r 28%|██▊       | 47.7M/170M [00:08\u003c00:27, 4.46MB/s]\r 28%|██▊       | 48.1M/170M [00:08\u003c00:27, 4.43MB/s]\n"}
,{"stream_name":"stderr","time":37.133841774,"data":"\r 28%|██▊       | 48.1M/170M [00:08\u003c00:27, 4.43MB/s]\r 29%|██▊       | 48.6M/170M [00:09\u003c00:27, 4.47MB/s]\n"}
,{"stream_name":"stderr","time":37.239423714,"data":"\r 29%|██▊       | 48.6M/170M [00:09\u003c00:27, 4.47MB/s]\r 29%|██▉       | 49.1M/170M [00:09\u003c00:26, 4.52MB/s]\n"}
,{"stream_name":"stderr","time":37.342634805,"data":"\r 29%|██▉       | 49.1M/170M [00:09\u003c00:26, 4.52MB/s]\r 29%|██▉       | 49.5M/170M [00:09\u003c00:26, 4.50MB/s]\n"}
,{"stream_name":"stderr","time":37.447866313,"data":"\r 29%|██▉       | 49.5M/170M [00:09\u003c00:26, 4.50MB/s]\r 29%|██▉       | 50.0M/170M [00:09\u003c00:26, 4.55MB/s]\n"}
,{"stream_name":"stderr","time":37.556235772,"data":"\r 29%|██▉       | 50.0M/170M [00:09\u003c00:26, 4.55MB/s]\r 30%|██▉       | 50.5M/170M [00:09\u003c00:26, 4.54MB/s]\n"}
,{"stream_name":"stderr","time":37.660394362,"data":"\r 30%|██▉       | 50.5M/170M [00:09\u003c00:26, 4.54MB/s]\r 30%|██▉       | 51.0M/170M [00:09\u003c00:26, 4.51MB/s]\n"}
,{"stream_name":"stderr","time":37.760281147,"data":"\r 30%|██▉       | 51.0M/170M [00:09\u003c00:26, 4.51MB/s]\r 30%|███       | 51.4M/170M [00:09\u003c00:26, 4.53MB/s]\n"}
,{"stream_name":"stderr","time":37.86205472,"data":"\r 30%|███       | 51.4M/170M [00:09\u003c00:26, 4.53MB/s]\r 30%|███       | 51.9M/170M [00:09\u003c00:26, 4.53MB/s]\n"}
,{"stream_name":"stderr","time":37.962212664,"data":"\r 30%|███       | 51.9M/170M [00:09\u003c00:26, 4.53MB/s]\r 31%|███       | 52.4M/170M [00:09\u003c00:26, 4.54MB/s]\n"}
,{"stream_name":"stderr","time":38.067107584,"data":"\r 31%|███       | 52.4M/170M [00:09\u003c00:26, 4.54MB/s]\r 31%|███       | 52.9M/170M [00:09\u003c00:24, 4.78MB/s]\n"}
,{"stream_name":"stderr","time":38.168538113,"data":"\r 31%|███       | 52.9M/170M [00:09\u003c00:24, 4.78MB/s]\r 31%|███▏      | 53.4M/170M [00:10\u003c00:23, 4.89MB/s]\n"}
,{"stream_name":"stderr","time":38.27001562,"data":"\r 31%|███▏      | 53.4M/170M [00:10\u003c00:23, 4.89MB/s]\r 32%|███▏      | 54.0M/170M [00:10\u003c00:23, 4.97MB/s]\n"}
,{"stream_name":"stderr","time":38.37926466,"data":"\r 32%|███▏      | 54.0M/170M [00:10\u003c00:23, 4.97MB/s]\r 32%|███▏      | 54.5M/170M [00:10\u003c00:23, 4.92MB/s]\n"}
,{"stream_name":"stderr","time":38.488287078,"data":"\r 32%|███▏      | 54.5M/170M [00:10\u003c00:23, 4.92MB/s]\r 32%|███▏      | 55.0M/170M [00:10\u003c00:23, 4.88MB/s]\n"}
,{"stream_name":"stderr","time":38.59305484,"data":"\r 32%|███▏      | 55.0M/170M [00:10\u003c00:23, 4.88MB/s]\r 33%|███▎      | 55.5M/170M [00:10\u003c00:23, 4.92MB/s]\n"}
,{"stream_name":"stderr","time":38.702611663,"data":"\r 33%|███▎      | 55.5M/170M [00:10\u003c00:23, 4.92MB/s]\r 33%|███▎      | 56.1M/170M [00:10\u003c00:23, 4.88MB/s]\n"}
,{"stream_name":"stderr","time":38.807733094,"data":"\r 33%|███▎      | 56.1M/170M [00:10\u003c00:23, 4.88MB/s]\r 33%|███▎      | 56.6M/170M [00:10\u003c00:23, 4.91MB/s]\n"}
,{"stream_name":"stderr","time":38.915667491,"data":"\r 33%|███▎      | 56.6M/170M [00:10\u003c00:23, 4.91MB/s]\r 33%|███▎      | 57.1M/170M [00:10\u003c00:23, 4.80MB/s]\n"}
,{"stream_name":"stderr","time":39.017222296,"data":"\r 33%|███▎      | 57.1M/170M [00:10\u003c00:23, 4.80MB/s]\r 34%|███▍      | 57.6M/170M [00:10\u003c00:23, 4.81MB/s]\n"}
,{"stream_name":"stderr","time":39.124764882,"data":"\r 34%|███▍      | 57.6M/170M [00:10\u003c00:23, 4.81MB/s]\r 34%|███▍      | 58.1M/170M [00:11\u003c00:23, 4.74MB/s]\n"}
,{"stream_name":"stderr","time":39.228228633,"data":"\r 34%|███▍      | 58.1M/170M [00:11\u003c00:23, 4.74MB/s]\r 34%|███▍      | 58.6M/170M [00:11\u003c00:23, 4.74MB/s]\n"}
,{"stream_name":"stderr","time":39.33295345,"data":"\r 34%|███▍      | 58.6M/170M [00:11\u003c00:23, 4.74MB/s]\r 35%|███▍      | 59.1M/170M [00:11\u003c00:23, 4.82MB/s]\n"}
,{"stream_name":"stderr","time":39.433375065999996,"data":"\r 35%|███▍      | 59.1M/170M [00:11\u003c00:23, 4.82MB/s]\r 35%|███▍      | 59.6M/170M [00:11\u003c00:22, 4.84MB/s]\n"}
,{"stream_name":"stderr","time":39.53830921,"data":"\r 35%|███▍      | 59.6M/170M [00:11\u003c00:22, 4.84MB/s]\r 35%|███▌      | 60.1M/170M [00:11\u003c00:23, 4.79MB/s]\n"}
,{"stream_name":"stderr","time":39.642676622,"data":"\r 35%|███▌      | 60.1M/170M [00:11\u003c00:23, 4.79MB/s]\r 36%|███▌      | 60.6M/170M [00:11\u003c00:22, 4.86MB/s]\n"}
,{"stream_name":"stderr","time":39.750764183,"data":"\r 36%|███▌      | 60.6M/170M [00:11\u003c00:22, 4.86MB/s]\r 36%|███▌      | 61.1M/170M [00:11\u003c00:22, 4.86MB/s]\n"}
,{"stream_name":"stderr","time":39.85264582,"data":"\r 36%|███▌      | 61.1M/170M [00:11\u003c00:22, 4.86MB/s]\r 36%|███▌      | 61.6M/170M [00:11\u003c00:22, 4.94MB/s]\n"}
,{"stream_name":"stderr","time":39.957459041,"data":"\r 36%|███▌      | 61.6M/170M [00:11\u003c00:22, 4.94MB/s]\r 36%|███▋      | 62.2M/170M [00:11\u003c00:21, 5.05MB/s]\n"}
,{"stream_name":"stderr","time":40.060457358,"data":"\r 36%|███▋      | 62.2M/170M [00:11\u003c00:21, 5.05MB/s]\r 37%|███▋      | 62.8M/170M [00:11\u003c00:20, 5.16MB/s]\n"}
,{"stream_name":"stderr","time":40.16651146,"data":"\r 37%|███▋      | 62.8M/170M [00:11\u003c00:20, 5.16MB/s]\r 37%|███▋      | 63.3M/170M [00:12\u003c00:20, 5.19MB/s]\n"}
,{"stream_name":"stderr","time":40.270749579,"data":"\r 37%|███▋      | 63.3M/170M [00:12\u003c00:20, 5.19MB/s]\r 37%|███▋      | 63.8M/170M [00:12\u003c00:20, 5.14MB/s]\n"}
,{"stream_name":"stderr","time":40.371892561,"data":"\r 37%|███▋      | 63.8M/170M [00:12\u003c00:20, 5.14MB/s]\r 38%|███▊      | 64.4M/170M [00:12\u003c00:20, 5.25MB/s]\n"}
,{"stream_name":"stderr","time":40.473664014,"data":"\r 38%|███▊      | 64.4M/170M [00:12\u003c00:20, 5.25MB/s]\r 38%|███▊      | 64.9M/170M [00:12\u003c00:19, 5.32MB/s]\n"}
,{"stream_name":"stderr","time":40.578715568,"data":"\r 38%|███▊      | 64.9M/170M [00:12\u003c00:19, 5.32MB/s]\r 38%|███▊      | 65.5M/170M [00:12\u003c00:19, 5.31MB/s]\n"}
,{"stream_name":"stderr","time":40.684403588,"data":"\r 38%|███▊      | 65.5M/170M [00:12\u003c00:19, 5.31MB/s]\r 39%|███▊      | 66.1M/170M [00:12\u003c00:19, 5.30MB/s]\n"}
,{"stream_name":"stderr","time":40.798852071,"data":"\r 39%|███▊      | 66.1M/170M [00:12\u003c00:19, 5.30MB/s]\r 39%|███▉      | 66.6M/170M [00:12\u003c00:20, 5.16MB/s]\n"}
,{"stream_name":"stderr","time":40.899027005,"data":"\r 39%|███▉      | 66.6M/170M [00:12\u003c00:20, 5.16MB/s]\r 39%|███▉      | 67.1M/170M [00:12\u003c00:19, 5.18MB/s]\n"}
,{"stream_name":"stderr","time":41.005456667,"data":"\r 39%|███▉      | 67.1M/170M [00:12\u003c00:19, 5.18MB/s]\r 40%|███▉      | 67.7M/170M [00:12\u003c00:19, 5.20MB/s]\n"}
,{"stream_name":"stderr","time":41.114429912,"data":"\r 40%|███▉      | 67.7M/170M [00:12\u003c00:19, 5.20MB/s]\r 40%|████      | 68.2M/170M [00:13\u003c00:20, 5.08MB/s]\n"}
,{"stream_name":"stderr","time":41.219671152,"data":"\r 40%|████      | 68.2M/170M [00:13\u003c00:20, 5.08MB/s]\r 40%|████      | 68.7M/170M [00:13\u003c00:20, 5.05MB/s]\n"}
,{"stream_name":"stderr","time":41.325910143,"data":"\r 40%|████      | 68.7M/170M [00:13\u003c00:20, 5.05MB/s]\r 41%|████      | 69.3M/170M [00:13\u003c00:19, 5.11MB/s]\n"}
,{"stream_name":"stderr","time":41.429757621,"data":"\r 41%|████      | 69.3M/170M [00:13\u003c00:19, 5.11MB/s]\r 41%|████      | 69.9M/170M [00:13\u003c00:19, 5.18MB/s]\n"}
,{"stream_name":"stderr","time":41.531791091,"data":"\r 41%|████      | 69.9M/170M [00:13\u003c00:19, 5.18MB/s]\r 41%|████▏     | 70.4M/170M [00:13\u003c00:19, 5.17MB/s]\n"}
,{"stream_name":"stderr","time":41.632386456,"data":"\r 41%|████▏     | 70.4M/170M [00:13\u003c00:19, 5.17MB/s]\r 42%|████▏     | 70.9M/170M [00:13\u003c00:18, 5.27MB/s]\n"}
,{"stream_name":"stderr","time":41.741197664,"data":"\r 42%|████▏     | 70.9M/170M [00:13\u003c00:18, 5.27MB/s]\r 42%|████▏     | 71.5M/170M [00:13\u003c00:18, 5.23MB/s]\n"}
,{"stream_name":"stderr","time":41.848210641,"data":"\r 42%|████▏     | 71.5M/170M [00:13\u003c00:18, 5.23MB/s]\r 42%|████▏     | 72.0M/170M [00:13\u003c00:19, 5.13MB/s]\n"}
,{"stream_name":"stderr","time":41.949756405,"data":"\r 42%|████▏     | 72.0M/170M [00:13\u003c00:19, 5.13MB/s]\r 43%|████▎     | 72.5M/170M [00:13\u003c00:19, 5.14MB/s]\n"}
,{"stream_name":"stderr","time":42.054092773,"data":"\r 43%|████▎     | 72.5M/170M [00:13\u003c00:19, 5.14MB/s]\r 43%|████▎     | 73.1M/170M [00:13\u003c00:18, 5.20MB/s]\n"}
,{"stream_name":"stderr","time":42.179445904,"data":"\r 43%|████▎     | 73.1M/170M [00:13\u003c00:18, 5.20MB/s]\r 43%|████▎     | 73.6M/170M [00:14\u003c00:19, 4.85MB/s]\n"}
,{"stream_name":"stderr","time":42.282966805,"data":"\r 43%|████▎     | 73.6M/170M [00:14\u003c00:19, 4.85MB/s]\r 44%|████▎     | 74.2M/170M [00:14\u003c00:18, 5.10MB/s]\n"}
,{"stream_name":"stderr","time":42.391560637,"data":"\r 44%|████▎     | 74.2M/170M [00:14\u003c00:18, 5.10MB/s]\r 44%|████▍     | 74.8M/170M [00:14\u003c00:18, 5.11MB/s]\n"}
,{"stream_name":"stderr","time":42.517127346,"data":"\r 44%|████▍     | 74.8M/170M [00:14\u003c00:18, 5.11MB/s]\r 44%|████▍     | 75.3M/170M [00:14\u003c00:19, 4.79MB/s]\n"}
,{"stream_name":"stderr","time":42.618500766,"data":"\r 44%|████▍     | 75.3M/170M [00:14\u003c00:19, 4.79MB/s]\r 45%|████▍     | 75.9M/170M [00:14\u003c00:18, 5.08MB/s]\n"}
,{"stream_name":"stderr","time":42.733261619,"data":"\r 45%|████▍     | 75.9M/170M [00:14\u003c00:18, 5.08MB/s]\r 45%|████▍     | 76.4M/170M [00:14\u003c00:19, 4.92MB/s]\n"}
,{"stream_name":"stderr","time":42.872002059,"data":"\r 45%|████▍     | 76.4M/170M [00:14\u003c00:19, 4.92MB/s]\r 45%|████▌     | 76.9M/170M [00:14\u003c00:20, 4.52MB/s]\n"}
,{"stream_name":"stderr","time":42.977705914,"data":"\r 45%|████▌     | 76.9M/170M [00:14\u003c00:20, 4.52MB/s]\r 45%|████▌     | 77.4M/170M [00:14\u003c00:20, 4.56MB/s]\n"}
,{"stream_name":"stderr","time":43.113706579,"data":"\r 45%|████▌     | 77.4M/170M [00:14\u003c00:20, 4.56MB/s]\r 46%|████▌     | 77.9M/170M [00:15\u003c00:21, 4.24MB/s]\n"}
,{"stream_name":"stderr","time":43.234440129,"data":"\r 46%|████▌     | 77.9M/170M [00:15\u003c00:21, 4.24MB/s]\r 46%|████▌     | 78.4M/170M [00:15\u003c00:22, 4.11MB/s]\n"}
,{"stream_name":"stderr","time":43.337990069,"data":"\r 46%|████▌     | 78.4M/170M [00:15\u003c00:22, 4.11MB/s]\r 46%|████▌     | 78.8M/170M [00:15\u003c00:22, 4.11MB/s]\n"}
,{"stream_name":"stderr","time":43.442693172,"data":"\r 46%|████▌     | 78.8M/170M [00:15\u003c00:22, 4.11MB/s]\r 46%|████▋     | 79.2M/170M [00:15\u003c00:22, 4.10MB/s]\n"}
,{"stream_name":"stderr","time":43.544106416,"data":"\r 46%|████▋     | 79.2M/170M [00:15\u003c00:22, 4.10MB/s]\r 47%|████▋     | 79.7M/170M [00:15\u003c00:21, 4.13MB/s]\n"}
,{"stream_name":"stderr","time":43.645204996,"data":"\r 47%|████▋     | 79.7M/170M [00:15\u003c00:21, 4.13MB/s]\r 47%|████▋     | 80.1M/170M [00:15\u003c00:21, 4.15MB/s]\n"}
,{"stream_name":"stderr","time":43.747492717,"data":"\r 47%|████▋     | 80.1M/170M [00:15\u003c00:21, 4.15MB/s]\r 47%|████▋     | 80.5M/170M [00:15\u003c00:21, 4.16MB/s]\n"}
,{"stream_name":"stderr","time":43.850325678,"data":"\r 47%|████▋     | 80.5M/170M [00:15\u003c00:21, 4.16MB/s]\r 47%|████▋     | 80.9M/170M [00:15\u003c00:21, 4.15MB/s]\n"}
,{"stream_name":"stderr","time":43.957108901,"data":"\r 47%|████▋     | 80.9M/170M [00:15\u003c00:21, 4.15MB/s]\r 48%|████▊     | 81.4M/170M [00:15\u003c00:21, 4.19MB/s]\n"}
,{"stream_name":"stderr","time":44.05827344,"data":"\r 48%|████▊     | 81.4M/170M [00:15\u003c00:21, 4.19MB/s]\r 48%|████▊     | 81.9M/170M [00:15\u003c00:20, 4.39MB/s]\n"}
,{"stream_name":"stderr","time":44.160451356,"data":"\r 48%|████▊     | 81.9M/170M [00:15\u003c00:20, 4.39MB/s]\r 48%|████▊     | 82.4M/170M [00:16\u003c00:19, 4.61MB/s]\n"}
,{"stream_name":"stderr","time":44.274114687,"data":"\r 48%|████▊     | 82.4M/170M [00:16\u003c00:19, 4.61MB/s]\r 49%|████▊     | 82.9M/170M [00:16\u003c00:19, 4.52MB/s]\n"}
,{"stream_name":"stderr","time":44.374050101,"data":"\r 49%|████▊     | 82.9M/170M [00:16\u003c00:19, 4.52MB/s]\r 49%|████▉     | 83.4M/170M [00:16\u003c00:19, 4.54MB/s]\n"}
,{"stream_name":"stderr","time":44.476610788,"data":"\r 49%|████▉     | 83.4M/170M [00:16\u003c00:19, 4.54MB/s]\r 49%|████▉     | 83.8M/170M [00:16\u003c00:19, 4.52MB/s]\n"}
,{"stream_name":"stderr","time":44.581109472,"data":"\r 49%|████▉     | 83.8M/170M [00:16\u003c00:19, 4.52MB/s]\r 49%|████▉     | 84.3M/170M [00:16\u003c00:18, 4.58MB/s]\n"}
,{"stream_name":"stderr","time":44.685113318,"data":"\r 49%|████▉     | 84.3M/170M [00:16\u003c00:18, 4.58MB/s]\r 50%|████▉     | 84.8M/170M [00:16\u003c00:18, 4.62MB/s]\n"}
,{"stream_name":"stderr","time":44.793674977,"data":"\r 50%|████▉     | 84.8M/170M [00:16\u003c00:18, 4.62MB/s]\r 50%|█████     | 85.3M/170M [00:16\u003c00:18, 4.59MB/s]\n"}
,{"stream_name":"stderr","time":44.903758787,"data":"\r 50%|█████     | 85.3M/170M [00:16\u003c00:18, 4.59MB/s]\r 50%|█████     | 85.8M/170M [00:16\u003c00:18, 4.55MB/s]\n"}
,{"stream_name":"stderr","time":45.006763702,"data":"\r 50%|█████     | 85.8M/170M [00:16\u003c00:18, 4.55MB/s]\r 51%|█████     | 86.2M/170M [00:16\u003c00:18, 4.52MB/s]\n"}
,{"stream_name":"stderr","time":45.11093024,"data":"\r 51%|█████     | 86.2M/170M [00:16\u003c00:18, 4.52MB/s]\r 51%|█████     | 86.7M/170M [00:17\u003c00:18, 4.58MB/s]\n"}
,{"stream_name":"stderr","time":45.213677733,"data":"\r 51%|█████     | 86.7M/170M [00:17\u003c00:18, 4.58MB/s]\r 51%|█████     | 87.3M/170M [00:17\u003c00:17, 4.83MB/s]\n"}
,{"stream_name":"stderr","time":45.317130721,"data":"\r 51%|█████     | 87.3M/170M [00:17\u003c00:17, 4.83MB/s]\r 52%|█████▏    | 88.0M/170M [00:17\u003c00:15, 5.47MB/s]\n"}
,{"stream_name":"stderr","time":45.422930229,"data":"\r 52%|█████▏    | 88.0M/170M [00:17\u003c00:15, 5.47MB/s]\r 52%|█████▏    | 88.8M/170M [00:17\u003c00:13, 5.96MB/s]\n"}
,{"stream_name":"stderr","time":45.550943459,"data":"\r 52%|█████▏    | 88.8M/170M [00:17\u003c00:13, 5.96MB/s]\r 52%|█████▏    | 89.4M/170M [00:17\u003c00:14, 5.59MB/s]\n"}
,{"stream_name":"stderr","time":45.668827586,"data":"\r 52%|█████▏    | 89.4M/170M [00:17\u003c00:14, 5.59MB/s]\r 53%|█████▎    | 90.0M/170M [00:17\u003c00:14, 5.41MB/s]\n"}
,{"stream_name":"stderr","time":45.779474832,"data":"\r 53%|█████▎    | 90.0M/170M [00:17\u003c00:14, 5.41MB/s]\r 53%|█████▎    | 90.5M/170M [00:17\u003c00:15, 5.30MB/s]\n"}
,{"stream_name":"stderr","time":45.889327316,"data":"\r 53%|█████▎    | 90.5M/170M [00:17\u003c00:15, 5.30MB/s]\r 53%|█████▎    | 91.1M/170M [00:17\u003c00:15, 5.23MB/s]\n"}
,{"stream_name":"stderr","time":46.001676044,"data":"\r 53%|█████▎    | 91.1M/170M [00:17\u003c00:15, 5.23MB/s]\r 54%|█████▍    | 91.7M/170M [00:17\u003c00:15, 5.15MB/s]\n"}
,{"stream_name":"stderr","time":46.104235686,"data":"\r 54%|█████▍    | 91.7M/170M [00:17\u003c00:15, 5.15MB/s]\r 54%|█████▍    | 92.2M/170M [00:18\u003c00:15, 5.13MB/s]\n"}
,{"stream_name":"stderr","time":46.211416236,"data":"\r 54%|█████▍    | 92.2M/170M [00:18\u003c00:15, 5.13MB/s]\r 54%|█████▍    | 92.7M/170M [00:18\u003c00:15, 5.06MB/s]\n"}
,{"stream_name":"stderr","time":46.316395474,"data":"\r 54%|█████▍    | 92.7M/170M [00:18\u003c00:15, 5.06MB/s]\r 55%|█████▍    | 93.2M/170M [00:18\u003c00:15, 5.05MB/s]\n"}
,{"stream_name":"stderr","time":46.421616383,"data":"\r 55%|█████▍    | 93.2M/170M [00:18\u003c00:15, 5.05MB/s]\r 55%|█████▍    | 93.7M/170M [00:18\u003c00:15, 5.03MB/s]\n"}
,{"stream_name":"stderr","time":46.527287817,"data":"\r 55%|█████▍    | 93.7M/170M [00:18\u003c00:15, 5.03MB/s]\r 55%|█████▌    | 94.3M/170M [00:18\u003c00:15, 5.01MB/s]\n"}
,{"stream_name":"stderr","time":46.631876747,"data":"\r 55%|█████▌    | 94.3M/170M [00:18\u003c00:15, 5.01MB/s]\r 56%|█████▌    | 94.8M/170M [00:18\u003c00:15, 5.01MB/s]\n"}
,{"stream_name":"stderr","time":46.738737877,"data":"\r 56%|█████▌    | 94.8M/170M [00:18\u003c00:15, 5.01MB/s]\r 56%|█████▌    | 95.3M/170M [00:18\u003c00:15, 4.98MB/s]\n"}
,{"stream_name":"stderr","time":46.843958452,"data":"\r 56%|█████▌    | 95.3M/170M [00:18\u003c00:15, 4.98MB/s]\r 56%|█████▌    | 95.8M/170M [00:18\u003c00:14, 4.98MB/s]\n"}
,{"stream_name":"stderr","time":46.94590132,"data":"\r 56%|█████▌    | 95.8M/170M [00:18\u003c00:14, 4.98MB/s]\r 57%|█████▋    | 96.4M/170M [00:18\u003c00:14, 5.02MB/s]\n"}
,{"stream_name":"stderr","time":47.047379528,"data":"\r 57%|█████▋    | 96.4M/170M [00:18\u003c00:14, 5.02MB/s]\r 57%|█████▋    | 97.0M/170M [00:18\u003c00:13, 5.35MB/s]\n"}
,{"stream_name":"stderr","time":47.152739226,"data":"\r 57%|█████▋    | 97.0M/170M [00:18\u003c00:13, 5.35MB/s]\r 57%|█████▋    | 97.6M/170M [00:19\u003c00:12, 5.61MB/s]\n"}
,{"stream_name":"stderr","time":47.266818357,"data":"\r 57%|█████▋    | 97.6M/170M [00:19\u003c00:12, 5.61MB/s]\r 58%|█████▊    | 98.2M/170M [00:19\u003c00:13, 5.47MB/s]\n"}
,{"stream_name":"stderr","time":47.395369473,"data":"\r 58%|█████▊    | 98.2M/170M [00:19\u003c00:13, 5.47MB/s]\r 58%|█████▊    | 98.8M/170M [00:19\u003c00:14, 5.09MB/s]\n"}
,{"stream_name":"stderr","time":47.515068135,"data":"\r 58%|█████▊    | 98.8M/170M [00:19\u003c00:14, 5.09MB/s]\r 58%|█████▊    | 99.3M/170M [00:19\u003c00:14, 4.87MB/s]\n"}
,{"stream_name":"stderr","time":47.628939477,"data":"\r 58%|█████▊    | 99.3M/170M [00:19\u003c00:14, 4.87MB/s]\r 59%|█████▊    | 99.8M/170M [00:19\u003c00:15, 4.70MB/s]\n"}
,{"stream_name":"stderr","time":47.740604817,"data":"\r 59%|█████▊    | 99.8M/170M [00:19\u003c00:15, 4.70MB/s]\r 59%|█████▉    | 100M/170M [00:19\u003c00:15, 4.61MB/s] \n"}
,{"stream_name":"stderr","time":47.855206863,"data":"\r 59%|█████▉    | 100M/170M [00:19\u003c00:15, 4.61MB/s] \r 59%|█████▉    | 101M/170M [00:19\u003c00:15, 4.52MB/s]\n"}
,{"stream_name":"stderr","time":47.960243287,"data":"\r 59%|█████▉    | 101M/170M [00:19\u003c00:15, 4.52MB/s]\r 59%|█████▉    | 101M/170M [00:19\u003c00:15, 4.47MB/s]\n"}
,{"stream_name":"stderr","time":48.065686902,"data":"\r 59%|█████▉    | 101M/170M [00:19\u003c00:15, 4.47MB/s]\r 60%|█████▉    | 102M/170M [00:19\u003c00:15, 4.44MB/s]\n"}
,{"stream_name":"stderr","time":48.172622711,"data":"\r 60%|█████▉    | 102M/170M [00:19\u003c00:15, 4.44MB/s]\r 60%|█████▉    | 102M/170M [00:20\u003c00:15, 4.40MB/s]\n"}
,{"stream_name":"stderr","time":48.278571722,"data":"\r 60%|█████▉    | 102M/170M [00:20\u003c00:15, 4.40MB/s]\r 60%|██████    | 103M/170M [00:20\u003c00:15, 4.37MB/s]\n"}
,{"stream_name":"stderr","time":48.387514118,"data":"\r 60%|██████    | 103M/170M [00:20\u003c00:15, 4.37MB/s]\r 60%|██████    | 103M/170M [00:20\u003c00:15, 4.33MB/s]\n"}
,{"stream_name":"stderr","time":48.492848835,"data":"\r 60%|██████    | 103M/170M [00:20\u003c00:15, 4.33MB/s]\r 61%|██████    | 104M/170M [00:20\u003c00:15, 4.33MB/s]\n"}
,{"stream_name":"stderr","time":48.598737821,"data":"\r 61%|██████    | 104M/170M [00:20\u003c00:15, 4.33MB/s]\r 61%|██████    | 104M/170M [00:20\u003c00:15, 4.33MB/s]\n"}
,{"stream_name":"stderr","time":48.707081857,"data":"\r 61%|██████    | 104M/170M [00:20\u003c00:15, 4.33MB/s]\r 61%|██████▏   | 104M/170M [00:20\u003c00:15, 4.30MB/s]\n"}
,{"stream_name":"stderr","time":48.812873669,"data":"\r 61%|██████▏   | 104M/170M [00:20\u003c00:15, 4.30MB/s]\r 62%|██████▏   | 105M/170M [00:20\u003c00:15, 4.32MB/s]\n"}
,{"stream_name":"stderr","time":48.919805104,"data":"\r 62%|██████▏   | 105M/170M [00:20\u003c00:15, 4.32MB/s]\r 62%|██████▏   | 105M/170M [00:20\u003c00:15, 4.31MB/s]\n"}
,{"stream_name":"stderr","time":49.027685548,"data":"\r 62%|██████▏   | 105M/170M [00:20\u003c00:15, 4.31MB/s]\r 62%|██████▏   | 106M/170M [00:20\u003c00:15, 4.29MB/s]\n"}
,{"stream_name":"stderr","time":49.134436953,"data":"\r 62%|██████▏   | 106M/170M [00:20\u003c00:15, 4.29MB/s]\r 62%|██████▏   | 106M/170M [00:21\u003c00:14, 4.29MB/s]\n"}
,{"stream_name":"stderr","time":49.239492153,"data":"\r 62%|██████▏   | 106M/170M [00:21\u003c00:14, 4.29MB/s]\r 63%|██████▎   | 107M/170M [00:21\u003c00:14, 4.31MB/s]\n"}
,{"stream_name":"stderr","time":49.346127653,"data":"\r 63%|██████▎   | 107M/170M [00:21\u003c00:14, 4.31MB/s]\r 63%|██████▎   | 107M/170M [00:21\u003c00:14, 4.31MB/s]\n"}
,{"stream_name":"stderr","time":49.450864966,"data":"\r 63%|██████▎   | 107M/170M [00:21\u003c00:14, 4.31MB/s]\r 63%|██████▎   | 108M/170M [00:21\u003c00:14, 4.33MB/s]\n"}
,{"stream_name":"stderr","time":49.556122688,"data":"\r 63%|██████▎   | 108M/170M [00:21\u003c00:14, 4.33MB/s]\r 63%|██████▎   | 108M/170M [00:21\u003c00:14, 4.34MB/s]\n"}
,{"stream_name":"stderr","time":49.663028651,"data":"\r 63%|██████▎   | 108M/170M [00:21\u003c00:14, 4.34MB/s]\r 64%|██████▎   | 109M/170M [00:21\u003c00:14, 4.33MB/s]\n"}
,{"stream_name":"stderr","time":49.768835085,"data":"\r 64%|██████▎   | 109M/170M [00:21\u003c00:14, 4.33MB/s]\r 64%|██████▍   | 109M/170M [00:21\u003c00:14, 4.33MB/s]\n"}
,{"stream_name":"stderr","time":49.872793535,"data":"\r 64%|██████▍   | 109M/170M [00:21\u003c00:14, 4.33MB/s]\r 64%|██████▍   | 110M/170M [00:21\u003c00:14, 4.35MB/s]\n"}
,{"stream_name":"stderr","time":49.979472805,"data":"\r 64%|██████▍   | 110M/170M [00:21\u003c00:14, 4.35MB/s]\r 64%|██████▍   | 110M/170M [00:21\u003c00:13, 4.33MB/s]\n"}
,{"stream_name":"stderr","time":50.084237699,"data":"\r 64%|██████▍   | 110M/170M [00:21\u003c00:13, 4.33MB/s]\r 65%|██████▍   | 110M/170M [00:21\u003c00:13, 4.35MB/s]\n"}
,{"stream_name":"stderr","time":50.189018966,"data":"\r 65%|██████▍   | 110M/170M [00:21\u003c00:13, 4.35MB/s]\r 65%|██████▌   | 111M/170M [00:22\u003c00:13, 4.36MB/s]\n"}
,{"stream_name":"stderr","time":50.294718508,"data":"\r 65%|██████▌   | 111M/170M [00:22\u003c00:13, 4.36MB/s]\r 65%|██████▌   | 111M/170M [00:22\u003c00:13, 4.35MB/s]\n"}
,{"stream_name":"stderr","time":50.399531576,"data":"\r 65%|██████▌   | 111M/170M [00:22\u003c00:13, 4.35MB/s]\r 66%|██████▌   | 112M/170M [00:22\u003c00:13, 4.37MB/s]\n"}
,{"stream_name":"stderr","time":50.503289226,"data":"\r 66%|██████▌   | 112M/170M [00:22\u003c00:13, 4.37MB/s]\r 66%|██████▌   | 112M/170M [00:22\u003c00:13, 4.38MB/s]\n"}
,{"stream_name":"stderr","time":50.610119231,"data":"\r 66%|██████▌   | 112M/170M [00:22\u003c00:13, 4.38MB/s]\r 66%|██████▌   | 113M/170M [00:22\u003c00:13, 4.35MB/s]\n"}
,{"stream_name":"stderr","time":50.714830841,"data":"\r 66%|██████▌   | 113M/170M [00:22\u003c00:13, 4.35MB/s]\r 66%|██████▋   | 113M/170M [00:22\u003c00:13, 4.36MB/s]\n"}
,{"stream_name":"stderr","time":50.819404752,"data":"\r 66%|██████▋   | 113M/170M [00:22\u003c00:13, 4.36MB/s]\r 67%|██████▋   | 114M/170M [00:22\u003c00:13, 4.37MB/s]\n"}
,{"stream_name":"stderr","time":50.926638308,"data":"\r 67%|██████▋   | 114M/170M [00:22\u003c00:13, 4.37MB/s]\r 67%|██████▋   | 114M/170M [00:22\u003c00:12, 4.35MB/s]\n"}
,{"stream_name":"stderr","time":51.03115161,"data":"\r 67%|██████▋   | 114M/170M [00:22\u003c00:12, 4.35MB/s]\r 67%|██████▋   | 115M/170M [00:22\u003c00:12, 4.36MB/s]\n"}
,{"stream_name":"stderr","time":51.135846841,"data":"\r 67%|██████▋   | 115M/170M [00:22\u003c00:12, 4.36MB/s]\r 67%|██████▋   | 115M/170M [00:23\u003c00:12, 4.37MB/s]\n"}
,{"stream_name":"stderr","time":51.242464938,"data":"\r 67%|██████▋   | 115M/170M [00:23\u003c00:12, 4.37MB/s]\r 68%|██████▊   | 115M/170M [00:23\u003c00:12, 4.35MB/s]\n"}
,{"stream_name":"stderr","time":51.347166089,"data":"\r 68%|██████▊   | 115M/170M [00:23\u003c00:12, 4.35MB/s]\r 68%|██████▊   | 116M/170M [00:23\u003c00:12, 4.36MB/s]\n"}
,{"stream_name":"stderr","time":51.448792082,"data":"\r 68%|██████▊   | 116M/170M [00:23\u003c00:12, 4.36MB/s]\r 68%|██████▊   | 116M/170M [00:23\u003c00:12, 4.40MB/s]\n"}
,{"stream_name":"stderr","time":51.553546553,"data":"\r 68%|██████▊   | 116M/170M [00:23\u003c00:12, 4.40MB/s]\r 69%|██████▊   | 117M/170M [00:23\u003c00:11, 4.49MB/s]\n"}
,{"stream_name":"stderr","time":51.657338845,"data":"\r 69%|██████▊   | 117M/170M [00:23\u003c00:11, 4.49MB/s]\r 69%|██████▉   | 117M/170M [00:23\u003c00:11, 4.56MB/s]\n"}
,{"stream_name":"stderr","time":51.763849677,"data":"\r 69%|██████▉   | 117M/170M [00:23\u003c00:11, 4.56MB/s]\r 69%|██████▉   | 118M/170M [00:23\u003c00:11, 4.58MB/s]\n"}
,{"stream_name":"stderr","time":51.866466769,"data":"\r 69%|██████▉   | 118M/170M [00:23\u003c00:11, 4.58MB/s]\r 69%|██████▉   | 118M/170M [00:23\u003c00:11, 4.64MB/s]\n"}
,{"stream_name":"stderr","time":51.971948295,"data":"\r 69%|██████▉   | 118M/170M [00:23\u003c00:11, 4.64MB/s]\r 70%|██████▉   | 119M/170M [00:23\u003c00:11, 4.64MB/s]\n"}
,{"stream_name":"stderr","time":52.074896009,"data":"\r 70%|██████▉   | 119M/170M [00:23\u003c00:11, 4.64MB/s]\r 70%|██████▉   | 119M/170M [00:23\u003c00:10, 4.68MB/s]\n"}
,{"stream_name":"stderr","time":52.179175787,"data":"\r 70%|██████▉   | 119M/170M [00:23\u003c00:10, 4.68MB/s]\r 70%|███████   | 120M/170M [00:24\u003c00:10, 4.69MB/s]\n"}
,{"stream_name":"stderr","time":52.28387847,"data":"\r 70%|███████   | 120M/170M [00:24\u003c00:10, 4.69MB/s]\r 71%|███████   | 120M/170M [00:24\u003c00:10, 4.70MB/s]\n"}
,{"stream_name":"stderr","time":52.388601275,"data":"\r 71%|███████   | 120M/170M [00:24\u003c00:10, 4.70MB/s]\r 71%|███████   | 121M/170M [00:24\u003c00:10, 4.69MB/s]\n"}
,{"stream_name":"stderr","time":52.495397159,"data":"\r 71%|███████   | 121M/170M [00:24\u003c00:10, 4.69MB/s]\r 71%|███████   | 121M/170M [00:24\u003c00:10, 4.67MB/s]\n"}
,{"stream_name":"stderr","time":52.598331993,"data":"\r 71%|███████   | 121M/170M [00:24\u003c00:10, 4.67MB/s]\r 71%|███████▏  | 122M/170M [00:24\u003c00:10, 4.70MB/s]\n"}
,{"stream_name":"stderr","time":52.703019749,"data":"\r 71%|███████▏  | 122M/170M [00:24\u003c00:10, 4.70MB/s]\r 72%|███████▏  | 122M/170M [00:24\u003c00:10, 4.79MB/s]\n"}
,{"stream_name":"stderr","time":52.806277531,"data":"\r 72%|███████▏  | 122M/170M [00:24\u003c00:10, 4.79MB/s]\r 72%|███████▏  | 123M/170M [00:24\u003c00:09, 4.88MB/s]\n"}
,{"stream_name":"stderr","time":52.910759799,"data":"\r 72%|███████▏  | 123M/170M [00:24\u003c00:09, 4.88MB/s]\r 72%|███████▏  | 123M/170M [00:24\u003c00:09, 4.92MB/s]\n"}
,{"stream_name":"stderr","time":53.012936313,"data":"\r 72%|███████▏  | 123M/170M [00:24\u003c00:09, 4.92MB/s]\r 73%|███████▎  | 124M/170M [00:24\u003c00:09, 4.98MB/s]\n"}
,{"stream_name":"stderr","time":53.119189559,"data":"\r 73%|███████▎  | 124M/170M [00:24\u003c00:09, 4.98MB/s]\r 73%|███████▎  | 124M/170M [00:25\u003c00:09, 4.97MB/s]\n"}
,{"stream_name":"stderr","time":53.223294969,"data":"\r 73%|███████▎  | 124M/170M [00:25\u003c00:09, 4.97MB/s]\r 73%|███████▎  | 125M/170M [00:25\u003c00:09, 4.99MB/s]\n"}
,{"stream_name":"stderr","time":53.325827054,"data":"\r 73%|███████▎  | 125M/170M [00:25\u003c00:09, 4.99MB/s]\r 74%|███████▎  | 125M/170M [00:25\u003c00:08, 5.03MB/s]\n"}
,{"stream_name":"stderr","time":53.429623265,"data":"\r 74%|███████▎  | 125M/170M [00:25\u003c00:08, 5.03MB/s]\r 74%|███████▍  | 126M/170M [00:25\u003c00:08, 5.04MB/s]\n"}
,{"stream_name":"stderr","time":53.531852301,"data":"\r 74%|███████▍  | 126M/170M [00:25\u003c00:08, 5.04MB/s]\r 74%|███████▍  | 127M/170M [00:25\u003c00:08, 5.06MB/s]\n"}
,{"stream_name":"stderr","time":53.63529124,"data":"\r 74%|███████▍  | 127M/170M [00:25\u003c00:08, 5.06MB/s]\r 75%|███████▍  | 127M/170M [00:25\u003c00:08, 5.06MB/s]\n"}
,{"stream_name":"stderr","time":53.736881652,"data":"\r 75%|███████▍  | 127M/170M [00:25\u003c00:08, 5.06MB/s]\r 75%|███████▍  | 128M/170M [00:25\u003c00:08, 5.09MB/s]\n"}
,{"stream_name":"stderr","time":53.839079466,"data":"\r 75%|███████▍  | 128M/170M [00:25\u003c00:08, 5.09MB/s]\r 75%|███████▌  | 128M/170M [00:25\u003c00:08, 5.10MB/s]\n"}
,{"stream_name":"stderr","time":53.94050419,"data":"\r 75%|███████▌  | 128M/170M [00:25\u003c00:08, 5.10MB/s]\r 75%|███████▌  | 129M/170M [00:25\u003c00:08, 5.12MB/s]\n"}
,{"stream_name":"stderr","time":54.042706088,"data":"\r 75%|███████▌  | 129M/170M [00:25\u003c00:08, 5.12MB/s]\r 76%|███████▌  | 129M/170M [00:25\u003c00:08, 5.12MB/s]\n"}
,{"stream_name":"stderr","time":54.14342037,"data":"\r 76%|███████▌  | 129M/170M [00:25\u003c00:08, 5.12MB/s]\r 76%|███████▌  | 130M/170M [00:26\u003c00:07, 5.15MB/s]\n"}
,{"stream_name":"stderr","time":54.246392048,"data":"\r 76%|███████▌  | 130M/170M [00:26\u003c00:07, 5.15MB/s]\r 76%|███████▋  | 130M/170M [00:26\u003c00:07, 5.13MB/s]\n"}
,{"stream_name":"stderr","time":54.347424376,"data":"\r 76%|███████▋  | 130M/170M [00:26\u003c00:07, 5.13MB/s]\r 77%|███████▋  | 131M/170M [00:26\u003c00:07, 5.15MB/s]\n"}
,{"stream_name":"stderr","time":54.449813328,"data":"\r 77%|███████▋  | 131M/170M [00:26\u003c00:07, 5.15MB/s]\r 77%|███████▋  | 131M/170M [00:26\u003c00:07, 5.14MB/s]\n"}
,{"stream_name":"stderr","time":54.552665361,"data":"\r 77%|███████▋  | 131M/170M [00:26\u003c00:07, 5.14MB/s]\r 77%|███████▋  | 132M/170M [00:26\u003c00:07, 5.13MB/s]\n"}
,{"stream_name":"stderr","time":54.653958716,"data":"\r 77%|███████▋  | 132M/170M [00:26\u003c00:07, 5.13MB/s]\r 78%|███████▊  | 132M/170M [00:26\u003c00:07, 5.14MB/s]\n"}
,{"stream_name":"stderr","time":54.758434281,"data":"\r 78%|███████▊  | 132M/170M [00:26\u003c00:07, 5.14MB/s]\r 78%|███████▊  | 133M/170M [00:26\u003c00:07, 5.10MB/s]\n"}
,{"stream_name":"stderr","time":54.861535195,"data":"\r 78%|███████▊  | 133M/170M [00:26\u003c00:07, 5.10MB/s]\r 78%|███████▊  | 133M/170M [00:26\u003c00:07, 5.10MB/s]\n"}
,{"stream_name":"stderr","time":54.967405466,"data":"\r 78%|███████▊  | 133M/170M [00:26\u003c00:07, 5.10MB/s]\r 79%|███████▊  | 134M/170M [00:26\u003c00:07, 5.06MB/s]\n"}
,{"stream_name":"stderr","time":55.070817942,"data":"\r 79%|███████▊  | 134M/170M [00:26\u003c00:07, 5.06MB/s]\r 79%|███████▉  | 134M/170M [00:26\u003c00:07, 5.06MB/s]\n"}
,{"stream_name":"stderr","time":55.17589954,"data":"\r 79%|███████▉  | 134M/170M [00:26\u003c00:07, 5.06MB/s]\r 79%|███████▉  | 135M/170M [00:27\u003c00:07, 5.04MB/s]\n"}
,{"stream_name":"stderr","time":55.27976543,"data":"\r 79%|███████▉  | 135M/170M [00:27\u003c00:07, 5.04MB/s]\r 79%|███████▉  | 135M/170M [00:27\u003c00:06, 5.04MB/s]\n"}
,{"stream_name":"stderr","time":55.385225454,"data":"\r 79%|███████▉  | 135M/170M [00:27\u003c00:06, 5.04MB/s]\r 80%|███████▉  | 136M/170M [00:27\u003c00:06, 5.02MB/s]\n"}
,{"stream_name":"stderr","time":55.488939462,"data":"\r 80%|███████▉  | 136M/170M [00:27\u003c00:06, 5.02MB/s]\r 80%|████████  | 136M/170M [00:27\u003c00:06, 5.03MB/s]\n"}
,{"stream_name":"stderr","time":55.593960263,"data":"\r 80%|████████  | 136M/170M [00:27\u003c00:06, 5.03MB/s]\r 80%|████████  | 137M/170M [00:27\u003c00:06, 5.02MB/s]\n"}
,{"stream_name":"stderr","time":55.699253746,"data":"\r 80%|████████  | 137M/170M [00:27\u003c00:06, 5.02MB/s]\r 81%|████████  | 138M/170M [00:27\u003c00:06, 5.01MB/s]\n"}
,{"stream_name":"stderr","time":55.806113938,"data":"\r 81%|████████  | 138M/170M [00:27\u003c00:06, 5.01MB/s]\r 81%|████████  | 138M/170M [00:27\u003c00:06, 4.98MB/s]\n"}
,{"stream_name":"stderr","time":55.911394256,"data":"\r 81%|████████  | 138M/170M [00:27\u003c00:06, 4.98MB/s]\r 81%|████████▏ | 139M/170M [00:27\u003c00:06, 4.98MB/s]\n"}
,{"stream_name":"stderr","time":56.018071756,"data":"\r 81%|████████▏ | 139M/170M [00:27\u003c00:06, 4.98MB/s]\r 82%|████████▏ | 139M/170M [00:27\u003c00:06, 4.96MB/s]\n"}
,{"stream_name":"stderr","time":56.125216236,"data":"\r 82%|████████▏ | 139M/170M [00:27\u003c00:06, 4.96MB/s]\r 82%|████████▏ | 140M/170M [00:28\u003c00:06, 4.94MB/s]\n"}
,{"stream_name":"stderr","time":56.230842795,"data":"\r 82%|████████▏ | 140M/170M [00:28\u003c00:06, 4.94MB/s]\r 82%|████████▏ | 140M/170M [00:28\u003c00:06, 4.94MB/s]\n"}
,{"stream_name":"stderr","time":56.337881492,"data":"\r 82%|████████▏ | 140M/170M [00:28\u003c00:06, 4.94MB/s]\r 83%|████████▎ | 141M/170M [00:28\u003c00:06, 4.93MB/s]\n"}
,{"stream_name":"stderr","time":56.443253509,"data":"\r 83%|████████▎ | 141M/170M [00:28\u003c00:06, 4.93MB/s]\r 83%|████████▎ | 141M/170M [00:28\u003c00:05, 4.94MB/s]\n"}
,{"stream_name":"stderr","time":56.549961634,"data":"\r 83%|████████▎ | 141M/170M [00:28\u003c00:05, 4.94MB/s]\r 83%|████████▎ | 142M/170M [00:28\u003c00:05, 4.94MB/s]\n"}
,{"stream_name":"stderr","time":56.65558447,"data":"\r 83%|████████▎ | 142M/170M [00:28\u003c00:05, 4.94MB/s]\r 83%|████████▎ | 142M/170M [00:28\u003c00:05, 4.94MB/s]\n"}
,{"stream_name":"stderr","time":56.76335088,"data":"\r 83%|████████▎ | 142M/170M [00:28\u003c00:05, 4.94MB/s]\r 84%|████████▎ | 143M/170M [00:28\u003c00:05, 4.92MB/s]\n"}
,{"stream_name":"stderr","time":56.867695008,"data":"\r 84%|████████▎ | 143M/170M [00:28\u003c00:05, 4.92MB/s]\r 84%|████████▍ | 143M/170M [00:28\u003c00:05, 4.95MB/s]\n"}
,{"stream_name":"stderr","time":56.974920584,"data":"\r 84%|████████▍ | 143M/170M [00:28\u003c00:05, 4.95MB/s]\r 84%|████████▍ | 144M/170M [00:28\u003c00:05, 4.93MB/s]\n"}
,{"stream_name":"stderr","time":57.080429762,"data":"\r 84%|████████▍ | 144M/170M [00:28\u003c00:05, 4.93MB/s]\r 85%|████████▍ | 144M/170M [00:28\u003c00:05, 4.94MB/s]\n"}
,{"stream_name":"stderr","time":57.18732089,"data":"\r 85%|████████▍ | 144M/170M [00:28\u003c00:05, 4.94MB/s]\r 85%|████████▍ | 145M/170M [00:29\u003c00:05, 4.94MB/s]\n"}
,{"stream_name":"stderr","time":57.304558914,"data":"\r 85%|████████▍ | 145M/170M [00:29\u003c00:05, 4.94MB/s]\r 85%|████████▌ | 145M/170M [00:29\u003c00:05, 4.95MB/s]\n"}
,{"stream_name":"stderr","time":57.399091981,"data":"\r 85%|████████▌ | 145M/170M [00:29\u003c00:05, 4.95MB/s]\r 86%|████████▌ | 146M/170M [00:29\u003c00:04, 4.94MB/s]\n"}
,{"stream_name":"stderr","time":57.505299922,"data":"\r 86%|████████▌ | 146M/170M [00:29\u003c00:04, 4.94MB/s]\r 86%|████████▌ | 146M/170M [00:29\u003c00:04, 4.94MB/s]\n"}
,{"stream_name":"stderr","time":57.611792004,"data":"\r 86%|████████▌ | 146M/170M [00:29\u003c00:04, 4.94MB/s]\r 86%|████████▌ | 147M/170M [00:29\u003c00:04, 4.93MB/s]\n"}
,{"stream_name":"stderr","time":57.717818013,"data":"\r 86%|████████▌ | 147M/170M [00:29\u003c00:04, 4.93MB/s]\r 87%|████████▋ | 147M/170M [00:29\u003c00:04, 4.94MB/s]\n"}
,{"stream_name":"stderr","time":57.821413593,"data":"\r 87%|████████▋ | 147M/170M [00:29\u003c00:04, 4.94MB/s]\r 87%|████████▋ | 148M/170M [00:29\u003c00:04, 4.97MB/s]\n"}
,{"stream_name":"stderr","time":57.927155147,"data":"\r 87%|████████▋ | 148M/170M [00:29\u003c00:04, 4.97MB/s]\r 87%|████████▋ | 149M/170M [00:29\u003c00:04, 4.97MB/s]\n"}
,{"stream_name":"stderr","time":58.031302074,"data":"\r 87%|████████▋ | 149M/170M [00:29\u003c00:04, 4.97MB/s]\r 87%|████████▋ | 149M/170M [00:29\u003c00:04, 4.98MB/s]\n"}
,{"stream_name":"stderr","time":58.137567308,"data":"\r 87%|████████▋ | 149M/170M [00:29\u003c00:04, 4.98MB/s]\r 88%|████████▊ | 150M/170M [00:30\u003c00:04, 4.97MB/s]\n"}
,{"stream_name":"stderr","time":58.242981098,"data":"\r 88%|████████▊ | 150M/170M [00:30\u003c00:04, 4.97MB/s]\r 88%|████████▊ | 150M/170M [00:30\u003c00:04, 4.97MB/s]\n"}
,{"stream_name":"stderr","time":58.349329338,"data":"\r 88%|████████▊ | 150M/170M [00:30\u003c00:04, 4.97MB/s]\r 88%|████████▊ | 151M/170M [00:30\u003c00:04, 4.96MB/s]\n"}
,{"stream_name":"stderr","time":58.452511768,"data":"\r 88%|████████▊ | 151M/170M [00:30\u003c00:04, 4.96MB/s]\r 89%|████████▊ | 151M/170M [00:30\u003c00:03, 5.00MB/s]\n"}
,{"stream_name":"stderr","time":58.556647492,"data":"\r 89%|████████▊ | 151M/170M [00:30\u003c00:03, 5.00MB/s]\r 89%|████████▉ | 152M/170M [00:30\u003c00:03, 5.01MB/s]\n"}
,{"stream_name":"stderr","time":58.663018369,"data":"\r 89%|████████▉ | 152M/170M [00:30\u003c00:03, 5.01MB/s]\r 89%|████████▉ | 152M/170M [00:30\u003c00:03, 4.99MB/s]\n"}
,{"stream_name":"stderr","time":58.76986142,"data":"\r 89%|████████▉ | 152M/170M [00:30\u003c00:03, 4.99MB/s]\r 90%|████████▉ | 153M/170M [00:30\u003c00:03, 4.96MB/s]\n"}
,{"stream_name":"stderr","time":58.875594907,"data":"\r 90%|████████▉ | 153M/170M [00:30\u003c00:03, 4.96MB/s]\r 90%|████████▉ | 153M/170M [00:30\u003c00:03, 4.96MB/s]\n"}
,{"stream_name":"stderr","time":58.982435723,"data":"\r 90%|████████▉ | 153M/170M [00:30\u003c00:03, 4.96MB/s]\r 90%|█████████ | 154M/170M [00:30\u003c00:03, 4.94MB/s]\n"}
,{"stream_name":"stderr","time":59.096371892,"data":"\r 90%|█████████ | 154M/170M [00:30\u003c00:03, 4.94MB/s]\r 91%|█████████ | 154M/170M [00:31\u003c00:03, 4.83MB/s]\n"}
,{"stream_name":"stderr","time":59.204072961,"data":"\r 91%|█████████ | 154M/170M [00:31\u003c00:03, 4.83MB/s]\r 91%|█████████ | 155M/170M [00:31\u003c00:03, 4.75MB/s]\n"}
,{"stream_name":"stderr","time":59.310846637,"data":"\r 91%|█████████ | 155M/170M [00:31\u003c00:03, 4.75MB/s]\r 91%|█████████ | 155M/170M [00:31\u003c00:03, 4.71MB/s]\n"}
,{"stream_name":"stderr","time":59.418968009,"data":"\r 91%|█████████ | 155M/170M [00:31\u003c00:03, 4.71MB/s]\r 91%|█████████▏| 156M/170M [00:31\u003c00:03, 4.66MB/s]\n"}
,{"stream_name":"stderr","time":59.525246813,"data":"\r 91%|█████████▏| 156M/170M [00:31\u003c00:03, 4.66MB/s]\r 92%|█████████▏| 156M/170M [00:31\u003c00:03, 4.65MB/s]\n"}
,{"stream_name":"stderr","time":59.634407928,"data":"\r 92%|█████████▏| 156M/170M [00:31\u003c00:03, 4.65MB/s]\r 92%|█████████▏| 157M/170M [00:31\u003c00:02, 4.61MB/s]\n"}
,{"stream_name":"stderr","time":59.741674233,"data":"\r 92%|█████████▏| 157M/170M [00:31\u003c00:02, 4.61MB/s]\r 92%|█████████▏| 157M/170M [00:31\u003c00:02, 4.60MB/s]\n"}
,{"stream_name":"stderr","time":59.850134,"data":"\r 92%|█████████▏| 157M/170M [00:31\u003c00:02, 4.60MB/s]\r 93%|█████████▎| 158M/170M [00:31\u003c00:02, 4.58MB/s]\n"}
,{"stream_name":"stderr","time":59.956677006,"data":"\r 93%|█████████▎| 158M/170M [00:31\u003c00:02, 4.58MB/s]\r 93%|█████████▎| 158M/170M [00:31\u003c00:02, 4.59MB/s]\n"}
,{"stream_name":"stderr","time":60.065567073,"data":"\r 93%|█████████▎| 158M/170M [00:31\u003c00:02, 4.59MB/s]\r 93%|█████████▎| 159M/170M [00:31\u003c00:02, 4.57MB/s]\n"}
,{"stream_name":"stderr","time":60.17218596,"data":"\r 93%|█████████▎| 159M/170M [00:31\u003c00:02, 4.57MB/s]\r 93%|█████████▎| 159M/170M [00:32\u003c00:02, 4.58MB/s]\n"}
,{"stream_name":"stderr","time":60.277483348,"data":"\r 93%|█████████▎| 159M/170M [00:32\u003c00:02, 4.58MB/s]\r 94%|█████████▎| 160M/170M [00:32\u003c00:02, 4.69MB/s]\n"}
,{"stream_name":"stderr","time":60.384044615,"data":"\r 94%|█████████▎| 160M/170M [00:32\u003c00:02, 4.69MB/s]\r 94%|█████████▍| 160M/170M [00:32\u003c00:02, 4.76MB/s]\n"}
,{"stream_name":"stderr","time":60.489482424,"data":"\r 94%|█████████▍| 160M/170M [00:32\u003c00:02, 4.76MB/s]\r 94%|█████████▍| 161M/170M [00:32\u003c00:02, 4.83MB/s]\n"}
,{"stream_name":"stderr","time":60.595012188,"data":"\r 94%|█████████▍| 161M/170M [00:32\u003c00:02, 4.83MB/s]\r 95%|█████████▍| 161M/170M [00:32\u003c00:01, 4.87MB/s]\n"}
,{"stream_name":"stderr","time":60.696252605,"data":"\r 95%|█████████▍| 161M/170M [00:32\u003c00:01, 4.87MB/s]\r 95%|█████████▍| 162M/170M [00:32\u003c00:01, 4.87MB/s]\n"}
,{"stream_name":"stderr","time":60.801277724,"data":"\r 95%|█████████▍| 162M/170M [00:32\u003c00:01, 4.87MB/s]\r 95%|█████████▌| 162M/170M [00:32\u003c00:01, 4.90MB/s]\n"}
,{"stream_name":"stderr","time":60.907455438,"data":"\r 95%|█████████▌| 162M/170M [00:32\u003c00:01, 4.90MB/s]\r 96%|█████████▌| 163M/170M [00:32\u003c00:01, 4.92MB/s]\n"}
,{"stream_name":"stderr","time":61.010051396,"data":"\r 96%|█████████▌| 163M/170M [00:32\u003c00:01, 4.92MB/s]\r 96%|█████████▌| 163M/170M [00:32\u003c00:01, 5.06MB/s]\n"}
,{"stream_name":"stderr","time":61.114261247,"data":"\r 96%|█████████▌| 163M/170M [00:32\u003c00:01, 5.06MB/s]\r 96%|█████████▌| 164M/170M [00:33\u003c00:01, 5.15MB/s]\n"}
,{"stream_name":"stderr","time":61.219957889,"data":"\r 96%|█████████▌| 164M/170M [00:33\u003c00:01, 5.15MB/s]\r 96%|█████████▋| 165M/170M [00:33\u003c00:01, 5.19MB/s]\n"}
,{"stream_name":"stderr","time":61.323137046,"data":"\r 96%|█████████▋| 165M/170M [00:33\u003c00:01, 5.19MB/s]\r 97%|█████████▋| 165M/170M [00:33\u003c00:01, 5.25MB/s]\n"}
,{"stream_name":"stderr","time":61.428288942,"data":"\r 97%|█████████▋| 165M/170M [00:33\u003c00:01, 5.25MB/s]\r 97%|█████████▋| 166M/170M [00:33\u003c00:00, 5.26MB/s]\n"}
,{"stream_name":"stderr","time":61.530369941000004,"data":"\r 97%|█████████▋| 166M/170M [00:33\u003c00:00, 5.26MB/s]\r 97%|█████████▋| 166M/170M [00:33\u003c00:00, 5.32MB/s]\n"}
,{"stream_name":"stderr","time":61.634551002,"data":"\r 97%|█████████▋| 166M/170M [00:33\u003c00:00, 5.32MB/s]\r 98%|█████████▊| 167M/170M [00:33\u003c00:00, 5.33MB/s]\n"}
,{"stream_name":"stderr","time":61.739021074,"data":"\r 98%|█████████▊| 167M/170M [00:33\u003c00:00, 5.33MB/s]\r 98%|█████████▊| 167M/170M [00:33\u003c00:00, 5.33MB/s]\n"}
,{"stream_name":"stderr","time":61.841299736,"data":"\r 98%|█████████▊| 167M/170M [00:33\u003c00:00, 5.33MB/s]\r 98%|█████████▊| 168M/170M [00:33\u003c00:00, 5.37MB/s]\n"}
,{"stream_name":"stderr","time":61.945924376,"data":"\r 98%|█████████▊| 168M/170M [00:33\u003c00:00, 5.37MB/s]\r 99%|█████████▉| 168M/170M [00:33\u003c00:00, 5.36MB/s]\n"}
,{"stream_name":"stderr","time":62.048167645,"data":"\r 99%|█████████▉| 168M/170M [00:33\u003c00:00, 5.36MB/s]\r 99%|█████████▉| 169M/170M [00:33\u003c00:00, 5.38MB/s]\n"}
,{"stream_name":"stderr","time":62.153829543,"data":"\r 99%|█████████▉| 169M/170M [00:33\u003c00:00, 5.38MB/s]\r 99%|█████████▉| 170M/170M [00:34\u003c00:00, 5.44MB/s]\n"}
,{"stream_name":"stderr","time":62.254886001,"data":"\r 99%|█████████▉| 170M/170M [00:34\u003c00:00, 5.44MB/s]\r100%|█████████▉| 170M/170M [00:34\u003c00:00, 5.46MB/s]\n"}
,{"stream_name":"stderr","time":62.320381329,"data":"\r100%|█████████▉| 170M/170M [00:34\u003c00:00, 5.46MB/s]\r100%|██████████| 170M/170M [00:34\u003c00:00, 4.98MB/s]\n"}
,{"stream_name":"stderr","time":62.354421853,"data":"\r100%|██████████| 170M/170M [00:34\u003c00:00, 4.98MB/s]\n"}
,{"stream_name":"stderr","time":62.354441641,"data":"\n"}
,{"stream_name":"stderr","time":62.354446488,"data":"\n"}
,{"stream_name":"stderr","time":66.131639654,"data":"\r  0%|          | 0.00/169M [00:00\u003c?, ?B/s]\n"}
,{"stream_name":"stderr","time":66.251798856,"data":"\r  0%|          | 0.00/169M [00:00\u003c?, ?B/s]\r  0%|          | 32.8k/169M [00:00\u003c10:15, 274kB/s]\n"}
,{"stream_name":"stderr","time":66.374732166,"data":"\r  0%|          | 32.8k/169M [00:00\u003c10:15, 274kB/s]\r  0%|          | 197k/169M [00:00\u003c03:06, 905kB/s] \n"}
,{"stream_name":"stderr","time":66.480975003,"data":"\r  0%|          | 197k/169M [00:00\u003c03:06, 905kB/s] \r  0%|          | 459k/169M [00:00\u003c01:47, 1.57MB/s]\n"}
,{"stream_name":"stderr","time":66.582410038,"data":"\r  0%|          | 459k/169M [00:00\u003c01:47, 1.57MB/s]\r  0%|          | 754k/169M [00:00\u003c01:21, 2.06MB/s]\n"}
,{"stream_name":"stderr","time":66.683524801,"data":"\r  0%|          | 754k/169M [00:00\u003c01:21, 2.06MB/s]\r  1%|          | 1.05M/169M [00:00\u003c01:11, 2.35MB/s]\n"}
,{"stream_name":"stderr","time":66.786783774,"data":"\r  1%|          | 1.05M/169M [00:00\u003c01:11, 2.35MB/s]\r  1%|          | 1.31M/169M [00:00\u003c01:09, 2.41MB/s]\n"}
,{"stream_name":"stderr","time":66.889706023,"data":"\r  1%|          | 1.31M/169M [00:00\u003c01:09, 2.41MB/s]\r  1%|          | 1.61M/169M [00:00\u003c01:05, 2.56MB/s]\n"}
,{"stream_name":"stderr","time":67.00167949,"data":"\r  1%|          | 1.61M/169M [00:00\u003c01:05, 2.56MB/s]\r  1%|          | 1.93M/169M [00:00\u003c01:02, 2.68MB/s]\n"}
,{"stream_name":"stderr","time":67.102399383,"data":"\r  1%|          | 1.93M/169M [00:00\u003c01:02, 2.68MB/s]\r  1%|▏         | 2.23M/169M [00:00\u003c01:00, 2.76MB/s]\n"}
,{"stream_name":"stderr","time":67.206138057,"data":"\r  1%|▏         | 2.23M/169M [00:00\u003c01:00, 2.76MB/s]\r  2%|▏         | 2.56M/169M [00:01\u003c00:57, 2.88MB/s]\n"}
,{"stream_name":"stderr","time":67.315253122,"data":"\r  2%|▏         | 2.56M/169M [00:01\u003c00:57, 2.88MB/s]\r  2%|▏         | 2.95M/169M [00:01\u003c00:53, 3.11MB/s]\n"}
,{"stream_name":"stderr","time":67.425185655,"data":"\r  2%|▏         | 2.95M/169M [00:01\u003c00:53, 3.11MB/s]\r  2%|▏         | 3.38M/169M [00:01\u003c00:49, 3.35MB/s]\n"}
,{"stream_name":"stderr","time":67.526794044,"data":"\r  2%|▏         | 3.38M/169M [00:01\u003c00:49, 3.35MB/s]\r  2%|▏         | 3.77M/169M [00:01\u003c00:47, 3.50MB/s]\n"}
,{"stream_name":"stderr","time":67.631403406,"data":"\r  2%|▏         | 3.77M/169M [00:01\u003c00:47, 3.50MB/s]\r  2%|▏         | 4.16M/169M [00:01\u003c00:46, 3.57MB/s]\n"}
,{"stream_name":"stderr","time":67.740385447,"data":"\r  2%|▏         | 4.16M/169M [00:01\u003c00:46, 3.57MB/s]\r  3%|▎         | 4.52M/169M [00:01\u003c00:47, 3.49MB/s]\n"}
,{"stream_name":"stderr","time":67.843636895,"data":"\r  3%|▎         | 4.52M/169M [00:01\u003c00:47, 3.49MB/s]\r  3%|▎         | 4.88M/169M [00:01\u003c00:46, 3.49MB/s]\n"}
,{"stream_name":"stderr","time":67.94608929,"data":"\r  3%|▎         | 4.88M/169M [00:01\u003c00:46, 3.49MB/s]\r  3%|▎         | 5.24M/169M [00:01\u003c00:46, 3.50MB/s]\n"}
,{"stream_name":"stderr","time":68.049714559,"data":"\r  3%|▎         | 5.24M/169M [00:01\u003c00:46, 3.50MB/s]\r  3%|▎         | 5.60M/169M [00:01\u003c00:46, 3.49MB/s]\n"}
,{"stream_name":"stderr","time":68.156299057,"data":"\r  3%|▎         | 5.60M/169M [00:01\u003c00:46, 3.49MB/s]\r  4%|▎         | 6.00M/169M [00:02\u003c00:45, 3.55MB/s]\n"}
,{"stream_name":"stderr","time":68.265129487,"data":"\r  4%|▎         | 6.00M/169M [00:02\u003c00:45, 3.55MB/s]\r  4%|▍         | 6.42M/169M [00:02\u003c00:44, 3.67MB/s]\n"}
,{"stream_name":"stderr","time":68.371875039,"data":"\r  4%|▍         | 6.42M/169M [00:02\u003c00:44, 3.67MB/s]\r  4%|▍         | 6.85M/169M [00:02\u003c00:43, 3.76MB/s]\n"}
,{"stream_name":"stderr","time":68.475991998,"data":"\r  4%|▍         | 6.85M/169M [00:02\u003c00:43, 3.76MB/s]\r  4%|▍         | 7.24M/169M [00:02\u003c00:42, 3.77MB/s]\n"}
,{"stream_name":"stderr","time":68.578274046,"data":"\r  4%|▍         | 7.24M/169M [00:02\u003c00:42, 3.77MB/s]\r  5%|▍         | 7.67M/169M [00:02\u003c00:41, 3.89MB/s]\n"}
,{"stream_name":"stderr","time":68.684833242,"data":"\r  5%|▍         | 7.67M/169M [00:02\u003c00:41, 3.89MB/s]\r  5%|▍         | 8.09M/169M [00:02\u003c00:41, 3.91MB/s]\n"}
,{"stream_name":"stderr","time":68.78733759,"data":"\r  5%|▍         | 8.09M/169M [00:02\u003c00:41, 3.91MB/s]\r  5%|▌         | 8.49M/169M [00:02\u003c00:41, 3.89MB/s]\n"}
,{"stream_name":"stderr","time":68.890877923,"data":"\r  5%|▌         | 8.49M/169M [00:02\u003c00:41, 3.89MB/s]\r  5%|▌         | 8.95M/169M [00:02\u003c00:39, 4.05MB/s]\n"}
,{"stream_name":"stderr","time":68.994398257,"data":"\r  5%|▌         | 8.95M/169M [00:02\u003c00:39, 4.05MB/s]\r  6%|▌         | 9.44M/169M [00:02\u003c00:37, 4.26MB/s]\n"}
,{"stream_name":"stderr","time":69.094441254,"data":"\r  6%|▌         | 9.44M/169M [00:02\u003c00:37, 4.26MB/s]\r  6%|▌         | 9.96M/169M [00:02\u003c00:34, 4.55MB/s]\n"}
,{"stream_name":"stderr","time":69.201716664,"data":"\r  6%|▌         | 9.96M/169M [00:02\u003c00:34, 4.55MB/s]\r  6%|▌         | 10.6M/169M [00:03\u003c00:32, 4.84MB/s]\n"}
,{"stream_name":"stderr","time":69.304195835,"data":"\r  6%|▌         | 10.6M/169M [00:03\u003c00:32, 4.84MB/s]\r  7%|▋         | 11.2M/169M [00:03\u003c00:30, 5.20MB/s]\n"}
,{"stream_name":"stderr","time":69.406982578,"data":"\r  7%|▋         | 11.2M/169M [00:03\u003c00:30, 5.20MB/s]\r  7%|▋         | 11.8M/169M [00:03\u003c00:29, 5.36MB/s]\n"}
,{"stream_name":"stderr","time":69.508167224,"data":"\r  7%|▋         | 11.8M/169M [00:03\u003c00:29, 5.36MB/s]\r  7%|▋         | 12.4M/169M [00:03\u003c00:28, 5.51MB/s]\n"}
,{"stream_name":"stderr","time":69.609340209,"data":"\r  7%|▋         | 12.4M/169M [00:03\u003c00:28, 5.51MB/s]\r  8%|▊         | 12.9M/169M [00:03\u003c00:27, 5.60MB/s]\n"}
,{"stream_name":"stderr","time":69.710823644,"data":"\r  8%|▊         | 12.9M/169M [00:03\u003c00:27, 5.60MB/s]\r  8%|▊         | 13.5M/169M [00:03\u003c00:27, 5.66MB/s]\n"}
,{"stream_name":"stderr","time":69.812945988,"data":"\r  8%|▊         | 13.5M/169M [00:03\u003c00:27, 5.66MB/s]\r  8%|▊         | 14.1M/169M [00:03\u003c00:27, 5.70MB/s]\n"}
,{"stream_name":"stderr","time":69.916391782,"data":"\r  8%|▊         | 14.1M/169M [00:03\u003c00:27, 5.70MB/s]\r  9%|▊         | 14.7M/169M [00:03\u003c00:27, 5.70MB/s]\n"}
,{"stream_name":"stderr","time":70.019788658,"data":"\r  9%|▊         | 14.7M/169M [00:03\u003c00:27, 5.70MB/s]\r  9%|▉         | 15.4M/169M [00:03\u003c00:26, 5.89MB/s]\n"}
,{"stream_name":"stderr","time":70.123079955,"data":"\r  9%|▉         | 15.4M/169M [00:03\u003c00:26, 5.89MB/s]\r 10%|▉         | 16.1M/169M [00:03\u003c00:24, 6.12MB/s]\n"}
,{"stream_name":"stderr","time":70.231833621,"data":"\r 10%|▉         | 16.1M/169M [00:03\u003c00:24, 6.12MB/s]\r 10%|▉         | 16.7M/169M [00:04\u003c00:25, 6.00MB/s]\n"}
,{"stream_name":"stderr","time":70.34093562,"data":"\r 10%|▉         | 16.7M/169M [00:04\u003c00:25, 6.00MB/s]\r 10%|█         | 17.3M/169M [00:04\u003c00:25, 5.91MB/s]\n"}
,{"stream_name":"stderr","time":70.444273678,"data":"\r 10%|█         | 17.3M/169M [00:04\u003c00:25, 5.91MB/s]\r 11%|█         | 17.9M/169M [00:04\u003c00:25, 5.95MB/s]\n"}
,{"stream_name":"stderr","time":70.54559046,"data":"\r 11%|█         | 17.9M/169M [00:04\u003c00:25, 5.95MB/s]\r 11%|█         | 18.5M/169M [00:04\u003c00:25, 6.00MB/s]\n"}
,{"stream_name":"stderr","time":70.651180277,"data":"\r 11%|█         | 18.5M/169M [00:04\u003c00:25, 6.00MB/s]\r 11%|█▏        | 19.2M/169M [00:04\u003c00:25, 5.97MB/s]\n"}
,{"stream_name":"stderr","time":70.753454897,"data":"\r 11%|█▏        | 19.2M/169M [00:04\u003c00:25, 5.97MB/s]\r 12%|█▏        | 19.8M/169M [00:04\u003c00:24, 6.01MB/s]\n"}
,{"stream_name":"stderr","time":70.860672555,"data":"\r 12%|█▏        | 19.8M/169M [00:04\u003c00:24, 6.01MB/s]\r 12%|█▏        | 20.4M/169M [00:04\u003c00:24, 5.94MB/s]\n"}
,{"stream_name":"stderr","time":70.969036196,"data":"\r 12%|█▏        | 20.4M/169M [00:04\u003c00:24, 5.94MB/s]\r 12%|█▏        | 21.0M/169M [00:04\u003c00:25, 5.89MB/s]\n"}
,{"stream_name":"stderr","time":71.074345511,"data":"\r 12%|█▏        | 21.0M/169M [00:04\u003c00:25, 5.89MB/s]\r 13%|█▎        | 21.7M/169M [00:04\u003c00:24, 5.89MB/s]\n"}
,{"stream_name":"stderr","time":71.180944358,"data":"\r 13%|█▎        | 21.7M/169M [00:04\u003c00:24, 5.89MB/s]\r 13%|█▎        | 22.2M/169M [00:05\u003c00:25, 5.79MB/s]\n"}
,{"stream_name":"stderr","time":71.288088508,"data":"\r 13%|█▎        | 22.2M/169M [00:05\u003c00:25, 5.79MB/s]\r 14%|█▎        | 22.8M/169M [00:05\u003c00:25, 5.70MB/s]\n"}
,{"stream_name":"stderr","time":71.396950201,"data":"\r 14%|█▎        | 22.8M/169M [00:05\u003c00:25, 5.70MB/s]\r 14%|█▍        | 23.4M/169M [00:05\u003c00:25, 5.61MB/s]\n"}
,{"stream_name":"stderr","time":71.505066895,"data":"\r 14%|█▍        | 23.4M/169M [00:05\u003c00:25, 5.61MB/s]\r 14%|█▍        | 24.0M/169M [00:05\u003c00:26, 5.57MB/s]\n"}
,{"stream_name":"stderr","time":71.605678421,"data":"\r 14%|█▍        | 24.0M/169M [00:05\u003c00:26, 5.57MB/s]\r 15%|█▍        | 24.6M/169M [00:05\u003c00:25, 5.56MB/s]\n"}
,{"stream_name":"stderr","time":71.710282154,"data":"\r 15%|█▍        | 24.6M/169M [00:05\u003c00:25, 5.56MB/s]\r 15%|█▍        | 25.1M/169M [00:05\u003c00:26, 5.49MB/s]\n"}
,{"stream_name":"stderr","time":71.815107845,"data":"\r 15%|█▍        | 25.1M/169M [00:05\u003c00:26, 5.49MB/s]\r 15%|█▌        | 25.7M/169M [00:05\u003c00:26, 5.43MB/s]\n"}
,{"stream_name":"stderr","time":71.91804263,"data":"\r 15%|█▌        | 25.7M/169M [00:05\u003c00:26, 5.43MB/s]\r 16%|█▌        | 26.2M/169M [00:05\u003c00:26, 5.43MB/s]\n"}
,{"stream_name":"stderr","time":72.022218468,"data":"\r 16%|█▌        | 26.2M/169M [00:05\u003c00:26, 5.43MB/s]\r 16%|█▌        | 26.8M/169M [00:05\u003c00:26, 5.41MB/s]\n"}
,{"stream_name":"stderr","time":72.124295722,"data":"\r 16%|█▌        | 26.8M/169M [00:05\u003c00:26, 5.41MB/s]\r 16%|█▌        | 27.4M/169M [00:05\u003c00:26, 5.42MB/s]\n"}
,{"stream_name":"stderr","time":72.225620475,"data":"\r 16%|█▌        | 27.4M/169M [00:05\u003c00:26, 5.42MB/s]\r 17%|█▋        | 27.9M/169M [00:06\u003c00:25, 5.45MB/s]\n"}
,{"stream_name":"stderr","time":72.327062711,"data":"\r 17%|█▋        | 27.9M/169M [00:06\u003c00:25, 5.45MB/s]\r 17%|█▋        | 28.5M/169M [00:06\u003c00:25, 5.46MB/s]\n"}
,{"stream_name":"stderr","time":72.429657985,"data":"\r 17%|█▋        | 28.5M/169M [00:06\u003c00:25, 5.46MB/s]\r 17%|█▋        | 29.0M/169M [00:06\u003c00:25, 5.45MB/s]\n"}
,{"stream_name":"stderr","time":72.529652191,"data":"\r 17%|█▋        | 29.0M/169M [00:06\u003c00:25, 5.45MB/s]\r 18%|█▊        | 29.6M/169M [00:06\u003c00:25, 5.48MB/s]\n"}
,{"stream_name":"stderr","time":72.631761244,"data":"\r 18%|█▊        | 29.6M/169M [00:06\u003c00:25, 5.48MB/s]\r 18%|█▊        | 30.1M/169M [00:06\u003c00:25, 5.47MB/s]\n"}
,{"stream_name":"stderr","time":72.732380098,"data":"\r 18%|█▊        | 30.1M/169M [00:06\u003c00:25, 5.47MB/s]\r 18%|█▊        | 30.7M/169M [00:06\u003c00:25, 5.50MB/s]\n"}
,{"stream_name":"stderr","time":72.834513198,"data":"\r 18%|█▊        | 30.7M/169M [00:06\u003c00:25, 5.50MB/s]\r 18%|█▊        | 31.3M/169M [00:06\u003c00:25, 5.48MB/s]\n"}
,{"stream_name":"stderr","time":72.936347481,"data":"\r 18%|█▊        | 31.3M/169M [00:06\u003c00:25, 5.48MB/s]\r 19%|█▉        | 31.8M/169M [00:06\u003c00:25, 5.48MB/s]\n"}
,{"stream_name":"stderr","time":73.036847957,"data":"\r 19%|█▉        | 31.8M/169M [00:06\u003c00:25, 5.48MB/s]\r 19%|█▉        | 32.4M/169M [00:06\u003c00:24, 5.49MB/s]\n"}
,{"stream_name":"stderr","time":73.138700809,"data":"\r 19%|█▉        | 32.4M/169M [00:06\u003c00:24, 5.49MB/s]\r 19%|█▉        | 32.9M/169M [00:07\u003c00:24, 5.49MB/s]\n"}
,{"stream_name":"stderr","time":73.240683216,"data":"\r 19%|█▉        | 32.9M/169M [00:07\u003c00:24, 5.49MB/s]\r 20%|█▉        | 33.5M/169M [00:07\u003c00:24, 5.48MB/s]\n"}
,{"stream_name":"stderr","time":73.341789669,"data":"\r 20%|█▉        | 33.5M/169M [00:07\u003c00:24, 5.48MB/s]\r 20%|██        | 34.0M/169M [00:07\u003c00:24, 5.49MB/s]\n"}
,{"stream_name":"stderr","time":73.444564907,"data":"\r 20%|██        | 34.0M/169M [00:07\u003c00:24, 5.49MB/s]\r 20%|██        | 34.6M/169M [00:07\u003c00:24, 5.47MB/s]\n"}
,{"stream_name":"stderr","time":73.547379597,"data":"\r 20%|██        | 34.6M/169M [00:07\u003c00:24, 5.47MB/s]\r 21%|██        | 35.2M/169M [00:07\u003c00:24, 5.45MB/s]\n"}
,{"stream_name":"stderr","time":73.648595409,"data":"\r 21%|██        | 35.2M/169M [00:07\u003c00:24, 5.45MB/s]\r 21%|██        | 35.7M/169M [00:07\u003c00:24, 5.47MB/s]\n"}
,{"stream_name":"stderr","time":73.751887863,"data":"\r 21%|██        | 35.7M/169M [00:07\u003c00:24, 5.47MB/s]\r 21%|██▏       | 36.3M/169M [00:07\u003c00:24, 5.44MB/s]\n"}
,{"stream_name":"stderr","time":73.854054181,"data":"\r 21%|██▏       | 36.3M/169M [00:07\u003c00:24, 5.44MB/s]\r 22%|██▏       | 36.8M/169M [00:07\u003c00:24, 5.45MB/s]\n"}
,{"stream_name":"stderr","time":73.956819717,"data":"\r 22%|██▏       | 36.8M/169M [00:07\u003c00:24, 5.45MB/s]\r 22%|██▏       | 37.4M/169M [00:07\u003c00:24, 5.43MB/s]\n"}
,{"stream_name":"stderr","time":74.070237365,"data":"\r 22%|██▏       | 37.4M/169M [00:07\u003c00:24, 5.43MB/s]\r 22%|██▏       | 37.9M/169M [00:07\u003c00:24, 5.26MB/s]\n"}
,{"stream_name":"stderr","time":74.181691721,"data":"\r 22%|██▏       | 37.9M/169M [00:07\u003c00:24, 5.26MB/s]\r 23%|██▎       | 38.5M/169M [00:08\u003c00:25, 5.18MB/s]\n"}
,{"stream_name":"stderr","time":74.288054112,"data":"\r 23%|██▎       | 38.5M/169M [00:08\u003c00:25, 5.18MB/s]\r 23%|██▎       | 39.0M/169M [00:08\u003c00:25, 5.11MB/s]\n"}
,{"stream_name":"stderr","time":74.390738004,"data":"\r 23%|██▎       | 39.0M/169M [00:08\u003c00:25, 5.11MB/s]\r 23%|██▎       | 39.6M/169M [00:08\u003c00:25, 5.10MB/s]\n"}
,{"stream_name":"stderr","time":74.496163249,"data":"\r 23%|██▎       | 39.6M/169M [00:08\u003c00:25, 5.10MB/s]\r 24%|██▎       | 40.1M/169M [00:08\u003c00:25, 5.07MB/s]\n"}
,{"stream_name":"stderr","time":74.597509214,"data":"\r 24%|██▎       | 40.1M/169M [00:08\u003c00:25, 5.07MB/s]\r 24%|██▍       | 40.6M/169M [00:08\u003c00:25, 5.10MB/s]\n"}
,{"stream_name":"stderr","time":74.701240777,"data":"\r 24%|██▍       | 40.6M/169M [00:08\u003c00:25, 5.10MB/s]\r 24%|██▍       | 41.1M/169M [00:08\u003c00:25, 5.08MB/s]\n"}
,{"stream_name":"stderr","time":74.805610636,"data":"\r 24%|██▍       | 41.1M/169M [00:08\u003c00:25, 5.08MB/s]\r 25%|██▍       | 41.6M/169M [00:08\u003c00:25, 5.07MB/s]\n"}
,{"stream_name":"stderr","time":74.907419904,"data":"\r 25%|██▍       | 41.6M/169M [00:08\u003c00:25, 5.07MB/s]\r 25%|██▍       | 42.2M/169M [00:08\u003c00:24, 5.09MB/s]\n"}
,{"stream_name":"stderr","time":75.01262011,"data":"\r 25%|██▍       | 42.2M/169M [00:08\u003c00:24, 5.09MB/s]\r 25%|██▌       | 42.7M/169M [00:08\u003c00:24, 5.06MB/s]\n"}
,{"stream_name":"stderr","time":75.116744782,"data":"\r 25%|██▌       | 42.7M/169M [00:08\u003c00:24, 5.06MB/s]\r 26%|██▌       | 43.2M/169M [00:08\u003c00:24, 5.05MB/s]\n"}
,{"stream_name":"stderr","time":75.221773489,"data":"\r 26%|██▌       | 43.2M/169M [00:08\u003c00:24, 5.05MB/s]\r 26%|██▌       | 43.7M/169M [00:09\u003c00:24, 5.03MB/s]\n"}
,{"stream_name":"stderr","time":75.324957163,"data":"\r 26%|██▌       | 43.7M/169M [00:09\u003c00:24, 5.03MB/s]\r 26%|██▌       | 44.3M/169M [00:09\u003c00:24, 5.05MB/s]\n"}
,{"stream_name":"stderr","time":75.426943993,"data":"\r 26%|██▌       | 44.3M/169M [00:09\u003c00:24, 5.05MB/s]\r 27%|██▋       | 44.8M/169M [00:09\u003c00:24, 5.07MB/s]\n"}
,{"stream_name":"stderr","time":75.527797433,"data":"\r 27%|██▋       | 44.8M/169M [00:09\u003c00:24, 5.07MB/s]\r 27%|██▋       | 45.4M/169M [00:09\u003c00:23, 5.20MB/s]\n"}
,{"stream_name":"stderr","time":75.630480706,"data":"\r 27%|██▋       | 45.4M/169M [00:09\u003c00:23, 5.20MB/s]\r 27%|██▋       | 45.9M/169M [00:09\u003c00:23, 5.27MB/s]\n"}
,{"stream_name":"stderr","time":75.734195791,"data":"\r 27%|██▋       | 45.9M/169M [00:09\u003c00:23, 5.27MB/s]\r 27%|██▋       | 46.5M/169M [00:09\u003c00:23, 5.30MB/s]\n"}
,{"stream_name":"stderr","time":75.840994853,"data":"\r 27%|██▋       | 46.5M/169M [00:09\u003c00:23, 5.30MB/s]\r 28%|██▊       | 47.0M/169M [00:09\u003c00:23, 5.28MB/s]\n"}
,{"stream_name":"stderr","time":75.947086848,"data":"\r 28%|██▊       | 47.0M/169M [00:09\u003c00:23, 5.28MB/s]\r 28%|██▊       | 47.6M/169M [00:09\u003c00:23, 5.27MB/s]\n"}
,{"stream_name":"stderr","time":76.052253355,"data":"\r 28%|██▊       | 47.6M/169M [00:09\u003c00:23, 5.27MB/s]\r 28%|██▊       | 48.1M/169M [00:09\u003c00:22, 5.28MB/s]\n"}
,{"stream_name":"stderr","time":76.156333709,"data":"\r 28%|██▊       | 48.1M/169M [00:09\u003c00:22, 5.28MB/s]\r 29%|██▉       | 48.7M/169M [00:10\u003c00:22, 5.30MB/s]\n"}
,{"stream_name":"stderr","time":76.262151426,"data":"\r 29%|██▉       | 48.7M/169M [00:10\u003c00:22, 5.30MB/s]\r 29%|██▉       | 49.3M/169M [00:10\u003c00:22, 5.29MB/s]\n"}
,{"stream_name":"stderr","time":76.368306204,"data":"\r 29%|██▉       | 49.3M/169M [00:10\u003c00:22, 5.29MB/s]\r 29%|██▉       | 49.8M/169M [00:10\u003c00:22, 5.28MB/s]\n"}
,{"stream_name":"stderr","time":76.47397236,"data":"\r 29%|██▉       | 49.8M/169M [00:10\u003c00:22, 5.28MB/s]\r 30%|██▉       | 50.4M/169M [00:10\u003c00:22, 5.27MB/s]\n"}
,{"stream_name":"stderr","time":76.578905651,"data":"\r 30%|██▉       | 50.4M/169M [00:10\u003c00:22, 5.27MB/s]\r 30%|███       | 50.9M/169M [00:10\u003c00:22, 5.28MB/s]\n"}
,{"stream_name":"stderr","time":76.681907932,"data":"\r 30%|███       | 50.9M/169M [00:10\u003c00:22, 5.28MB/s]\r 30%|███       | 51.5M/169M [00:10\u003c00:22, 5.32MB/s]\n"}
,{"stream_name":"stderr","time":76.786258475,"data":"\r 30%|███       | 51.5M/169M [00:10\u003c00:22, 5.32MB/s]\r 31%|███       | 52.0M/169M [00:10\u003c00:21, 5.32MB/s]\n"}
,{"stream_name":"stderr","time":76.890896198,"data":"\r 31%|███       | 52.0M/169M [00:10\u003c00:21, 5.32MB/s]\r 31%|███       | 52.6M/169M [00:10\u003c00:21, 5.32MB/s]\n"}
,{"stream_name":"stderr","time":76.993919624,"data":"\r 31%|███       | 52.6M/169M [00:10\u003c00:21, 5.32MB/s]\r 31%|███▏      | 53.1M/169M [00:10\u003c00:21, 5.35MB/s]\n"}
,{"stream_name":"stderr","time":77.098298221,"data":"\r 31%|███▏      | 53.1M/169M [00:10\u003c00:21, 5.35MB/s]\r 32%|███▏      | 53.7M/169M [00:10\u003c00:21, 5.34MB/s]\n"}
,{"stream_name":"stderr","time":77.20172476,"data":"\r 32%|███▏      | 53.7M/169M [00:10\u003c00:21, 5.34MB/s]\r 32%|███▏      | 54.3M/169M [00:11\u003c00:21, 5.36MB/s]\n"}
,{"stream_name":"stderr","time":77.308542161,"data":"\r 32%|███▏      | 54.3M/169M [00:11\u003c00:21, 5.36MB/s]\r 32%|███▏      | 54.8M/169M [00:11\u003c00:21, 5.31MB/s]\n"}
,{"stream_name":"stderr","time":77.416670965,"data":"\r 32%|███▏      | 54.8M/169M [00:11\u003c00:21, 5.31MB/s]\r 33%|███▎      | 55.4M/169M [00:11\u003c00:21, 5.26MB/s]\n"}
,{"stream_name":"stderr","time":77.523919977,"data":"\r 33%|███▎      | 55.4M/169M [00:11\u003c00:21, 5.26MB/s]\r 33%|███▎      | 55.9M/169M [00:11\u003c00:21, 5.25MB/s]\n"}
,{"stream_name":"stderr","time":77.631063141,"data":"\r 33%|███▎      | 55.9M/169M [00:11\u003c00:21, 5.25MB/s]\r 33%|███▎      | 56.5M/169M [00:11\u003c00:21, 5.23MB/s]\n"}
,{"stream_name":"stderr","time":77.732789366,"data":"\r 33%|███▎      | 56.5M/169M [00:11\u003c00:21, 5.23MB/s]\r 34%|███▎      | 57.0M/169M [00:11\u003c00:21, 5.21MB/s]\n"}
,{"stream_name":"stderr","time":77.833992194,"data":"\r 34%|███▎      | 57.0M/169M [00:11\u003c00:21, 5.21MB/s]\r 34%|███▍      | 57.5M/169M [00:11\u003c00:21, 5.20MB/s]\n"}
,{"stream_name":"stderr","time":77.938045966,"data":"\r 34%|███▍      | 57.5M/169M [00:11\u003c00:21, 5.20MB/s]\r 34%|███▍      | 58.1M/169M [00:11\u003c00:21, 5.15MB/s]\n"}
,{"stream_name":"stderr","time":78.041084366,"data":"\r 34%|███▍      | 58.1M/169M [00:11\u003c00:21, 5.15MB/s]\r 35%|███▍      | 58.6M/169M [00:11\u003c00:21, 5.14MB/s]\n"}
,{"stream_name":"stderr","time":78.142672471,"data":"\r 35%|███▍      | 58.6M/169M [00:11\u003c00:21, 5.14MB/s]\r 35%|███▍      | 59.1M/169M [00:12\u003c00:21, 5.14MB/s]\n"}
,{"stream_name":"stderr","time":78.245712739,"data":"\r 35%|███▍      | 59.1M/169M [00:12\u003c00:21, 5.14MB/s]\r 35%|███▌      | 59.6M/169M [00:12\u003c00:21, 5.12MB/s]\n"}
,{"stream_name":"stderr","time":78.350331367,"data":"\r 35%|███▌      | 59.6M/169M [00:12\u003c00:21, 5.12MB/s]\r 36%|███▌      | 60.2M/169M [00:12\u003c00:21, 5.09MB/s]\n"}
,{"stream_name":"stderr","time":78.45451636,"data":"\r 36%|███▌      | 60.2M/169M [00:12\u003c00:21, 5.09MB/s]\r 36%|███▌      | 60.7M/169M [00:12\u003c00:21, 5.07MB/s]\n"}
,{"stream_name":"stderr","time":78.559608944,"data":"\r 36%|███▌      | 60.7M/169M [00:12\u003c00:21, 5.07MB/s]\r 36%|███▌      | 61.2M/169M [00:12\u003c00:21, 5.05MB/s]\n"}
,{"stream_name":"stderr","time":78.663388287,"data":"\r 36%|███▌      | 61.2M/169M [00:12\u003c00:21, 5.05MB/s]\r 37%|███▋      | 61.7M/169M [00:12\u003c00:21, 5.05MB/s]\n"}
,{"stream_name":"stderr","time":78.76806053,"data":"\r 37%|███▋      | 61.7M/169M [00:12\u003c00:21, 5.05MB/s]\r 37%|███▋      | 62.3M/169M [00:12\u003c00:21, 5.04MB/s]\n"}
,{"stream_name":"stderr","time":78.871777964,"data":"\r 37%|███▋      | 62.3M/169M [00:12\u003c00:21, 5.04MB/s]\r 37%|███▋      | 62.8M/169M [00:12\u003c00:21, 5.04MB/s]\n"}
,{"stream_name":"stderr","time":78.976257189,"data":"\r 37%|███▋      | 62.8M/169M [00:12\u003c00:21, 5.04MB/s]\r 37%|███▋      | 63.3M/169M [00:12\u003c00:21, 5.03MB/s]\n"}
,{"stream_name":"stderr","time":79.082313036,"data":"\r 37%|███▋      | 63.3M/169M [00:12\u003c00:21, 5.03MB/s]\r 38%|███▊      | 63.8M/169M [00:12\u003c00:20, 5.01MB/s]\n"}
,{"stream_name":"stderr","time":79.186276095,"data":"\r 38%|███▊      | 63.8M/169M [00:12\u003c00:20, 5.01MB/s]\r 38%|███▊      | 64.4M/169M [00:13\u003c00:20, 5.02MB/s]\n"}
,{"stream_name":"stderr","time":79.295218079,"data":"\r 38%|███▊      | 64.4M/169M [00:13\u003c00:20, 5.02MB/s]\r 38%|███▊      | 64.9M/169M [00:13\u003c00:20, 4.96MB/s]\n"}
,{"stream_name":"stderr","time":79.400443781,"data":"\r 38%|███▊      | 64.9M/169M [00:13\u003c00:20, 4.96MB/s]\r 39%|███▊      | 65.4M/169M [00:13\u003c00:20, 4.96MB/s]\n"}
,{"stream_name":"stderr","time":79.509135249,"data":"\r 39%|███▊      | 65.4M/169M [00:13\u003c00:20, 4.96MB/s]\r 39%|███▉      | 65.9M/169M [00:13\u003c00:20, 4.92MB/s]\n"}
,{"stream_name":"stderr","time":79.615916338,"data":"\r 39%|███▉      | 65.9M/169M [00:13\u003c00:20, 4.92MB/s]\r 39%|███▉      | 66.5M/169M [00:13\u003c00:20, 4.92MB/s]\n"}
,{"stream_name":"stderr","time":79.723200506,"data":"\r 39%|███▉      | 66.5M/169M [00:13\u003c00:20, 4.92MB/s]\r 40%|███▉      | 67.0M/169M [00:13\u003c00:20, 4.91MB/s]\n"}
,{"stream_name":"stderr","time":79.82757573,"data":"\r 40%|███▉      | 67.0M/169M [00:13\u003c00:20, 4.91MB/s]\r 40%|███▉      | 67.5M/169M [00:13\u003c00:20, 4.94MB/s]\n"}
,{"stream_name":"stderr","time":79.934492496,"data":"\r 40%|███▉      | 67.5M/169M [00:13\u003c00:20, 4.94MB/s]\r 40%|████      | 68.0M/169M [00:13\u003c00:20, 4.93MB/s]\n"}
,{"stream_name":"stderr","time":80.039087981,"data":"\r 40%|████      | 68.0M/169M [00:13\u003c00:20, 4.93MB/s]\r 41%|████      | 68.6M/169M [00:13\u003c00:20, 4.95MB/s]\n"}
,{"stream_name":"stderr","time":80.145264991,"data":"\r 41%|████      | 68.6M/169M [00:13\u003c00:20, 4.95MB/s]\r 41%|████      | 69.1M/169M [00:14\u003c00:20, 4.95MB/s]\n"}
,{"stream_name":"stderr","time":80.250927335,"data":"\r 41%|████      | 69.1M/169M [00:14\u003c00:20, 4.95MB/s]\r 41%|████      | 69.6M/169M [00:14\u003c00:20, 4.95MB/s]\n"}
,{"stream_name":"stderr","time":80.35838234,"data":"\r 41%|████      | 69.6M/169M [00:14\u003c00:20, 4.95MB/s]\r 41%|████▏     | 70.1M/169M [00:14\u003c00:20, 4.93MB/s]\n"}
,{"stream_name":"stderr","time":80.464186872,"data":"\r 41%|████▏     | 70.1M/169M [00:14\u003c00:20, 4.93MB/s]\r 42%|████▏     | 70.6M/169M [00:14\u003c00:19, 4.93MB/s]\n"}
,{"stream_name":"stderr","time":80.572043829,"data":"\r 42%|████▏     | 70.6M/169M [00:14\u003c00:19, 4.93MB/s]\r 42%|████▏     | 71.2M/169M [00:14\u003c00:19, 4.92MB/s]\n"}
,{"stream_name":"stderr","time":80.680929563,"data":"\r 42%|████▏     | 71.2M/169M [00:14\u003c00:19, 4.92MB/s]\r 42%|████▏     | 71.7M/169M [00:14\u003c00:19, 4.89MB/s]\n"}
,{"stream_name":"stderr","time":80.785762812,"data":"\r 42%|████▏     | 71.7M/169M [00:14\u003c00:19, 4.89MB/s]\r 43%|████▎     | 72.2M/169M [00:14\u003c00:19, 4.92MB/s]\n"}
,{"stream_name":"stderr","time":80.894135683,"data":"\r 43%|████▎     | 72.2M/169M [00:14\u003c00:19, 4.92MB/s]\r 43%|████▎     | 72.7M/169M [00:14\u003c00:19, 4.90MB/s]\n"}
,{"stream_name":"stderr","time":80.998288881,"data":"\r 43%|████▎     | 72.7M/169M [00:14\u003c00:19, 4.90MB/s]\r 43%|████▎     | 73.3M/169M [00:14\u003c00:19, 4.93MB/s]\n"}
,{"stream_name":"stderr","time":81.106608958,"data":"\r 43%|████▎     | 73.3M/169M [00:14\u003c00:19, 4.93MB/s]\r 44%|████▎     | 73.8M/169M [00:14\u003c00:19, 4.91MB/s]\n"}
,{"stream_name":"stderr","time":81.212277685,"data":"\r 44%|████▎     | 73.8M/169M [00:14\u003c00:19, 4.91MB/s]\r 44%|████▍     | 74.3M/169M [00:15\u003c00:19, 4.92MB/s]\n"}
,{"stream_name":"stderr","time":81.321119642,"data":"\r 44%|████▍     | 74.3M/169M [00:15\u003c00:19, 4.92MB/s]\r 44%|████▍     | 74.8M/169M [00:15\u003c00:19, 4.89MB/s]\n"}
,{"stream_name":"stderr","time":81.422564865,"data":"\r 44%|████▍     | 74.8M/169M [00:15\u003c00:19, 4.89MB/s]\r 45%|████▍     | 75.3M/169M [00:15\u003c00:19, 4.88MB/s]\n"}
,{"stream_name":"stderr","time":81.526290366,"data":"\r 45%|████▍     | 75.3M/169M [00:15\u003c00:19, 4.88MB/s]\r 45%|████▍     | 75.8M/169M [00:15\u003c00:19, 4.84MB/s]\n"}
,{"stream_name":"stderr","time":81.632795045,"data":"\r 45%|████▍     | 75.8M/169M [00:15\u003c00:19, 4.84MB/s]\r 45%|████▌     | 76.3M/169M [00:15\u003c00:19, 4.86MB/s]\n"}
,{"stream_name":"stderr","time":81.736105014,"data":"\r 45%|████▌     | 76.3M/169M [00:15\u003c00:19, 4.86MB/s]\r 45%|████▌     | 76.8M/169M [00:15\u003c00:19, 4.83MB/s]\n"}
,{"stream_name":"stderr","time":81.838837212,"data":"\r 45%|████▌     | 76.8M/169M [00:15\u003c00:19, 4.83MB/s]\r 46%|████▌     | 77.3M/169M [00:15\u003c00:19, 4.82MB/s]\n"}
,{"stream_name":"stderr","time":81.940163809,"data":"\r 46%|████▌     | 77.3M/169M [00:15\u003c00:19, 4.82MB/s]\r 46%|████▌     | 77.8M/169M [00:15\u003c00:18, 4.82MB/s]\n"}
,{"stream_name":"stderr","time":82.044872077,"data":"\r 46%|████▌     | 77.8M/169M [00:15\u003c00:18, 4.82MB/s]\r 46%|████▋     | 78.3M/169M [00:15\u003c00:18, 4.79MB/s]\n"}
,{"stream_name":"stderr","time":82.146301435,"data":"\r 46%|████▋     | 78.3M/169M [00:15\u003c00:18, 4.79MB/s]\r 47%|████▋     | 78.8M/169M [00:16\u003c00:18, 4.81MB/s]\n"}
,{"stream_name":"stderr","time":82.250354805,"data":"\r 47%|████▋     | 78.8M/169M [00:16\u003c00:18, 4.81MB/s]\r 47%|████▋     | 79.3M/169M [00:16\u003c00:18, 4.78MB/s]\n"}
,{"stream_name":"stderr","time":82.354159882,"data":"\r 47%|████▋     | 79.3M/169M [00:16\u003c00:18, 4.78MB/s]\r 47%|████▋     | 79.8M/169M [00:16\u003c00:18, 4.77MB/s]\n"}
,{"stream_name":"stderr","time":82.458944922,"data":"\r 47%|████▋     | 79.8M/169M [00:16\u003c00:18, 4.77MB/s]\r 48%|████▊     | 80.3M/169M [00:16\u003c00:18, 4.74MB/s]\n"}
,{"stream_name":"stderr","time":82.561455586,"data":"\r 48%|████▊     | 80.3M/169M [00:16\u003c00:18, 4.74MB/s]\r 48%|████▊     | 80.8M/169M [00:16\u003c00:18, 4.76MB/s]\n"}
,{"stream_name":"stderr","time":82.665757937,"data":"\r 48%|████▊     | 80.8M/169M [00:16\u003c00:18, 4.76MB/s]\r 48%|████▊     | 81.3M/169M [00:16\u003c00:18, 4.74MB/s]\n"}
,{"stream_name":"stderr","time":82.767535197,"data":"\r 48%|████▊     | 81.3M/169M [00:16\u003c00:18, 4.74MB/s]\r 48%|████▊     | 81.8M/169M [00:16\u003c00:18, 4.77MB/s]\n"}
,{"stream_name":"stderr","time":82.869190456,"data":"\r 48%|████▊     | 81.8M/169M [00:16\u003c00:18, 4.77MB/s]\r 49%|████▊     | 82.2M/169M [00:16\u003c00:18, 4.79MB/s]\n"}
,{"stream_name":"stderr","time":82.972440009,"data":"\r 49%|████▊     | 82.2M/169M [00:16\u003c00:18, 4.79MB/s]\r 49%|████▉     | 82.7M/169M [00:16\u003c00:18, 4.78MB/s]\n"}
,{"stream_name":"stderr","time":83.075105972,"data":"\r 49%|████▉     | 82.7M/169M [00:16\u003c00:18, 4.78MB/s]\r 49%|████▉     | 83.2M/169M [00:16\u003c00:17, 4.78MB/s]\n"}
,{"stream_name":"stderr","time":83.17738151,"data":"\r 49%|████▉     | 83.2M/169M [00:16\u003c00:17, 4.78MB/s]\r 50%|████▉     | 83.7M/169M [00:17\u003c00:17, 4.79MB/s]\n"}
,{"stream_name":"stderr","time":83.280149545,"data":"\r 50%|████▉     | 83.7M/169M [00:17\u003c00:17, 4.79MB/s]\r 50%|████▉     | 84.2M/169M [00:17\u003c00:17, 4.79MB/s]\n"}
,{"stream_name":"stderr","time":83.38407204,"data":"\r 50%|████▉     | 84.2M/169M [00:17\u003c00:17, 4.79MB/s]\r 50%|█████     | 84.7M/169M [00:17\u003c00:17, 4.77MB/s]\n"}
,{"stream_name":"stderr","time":83.486300693,"data":"\r 50%|█████     | 84.7M/169M [00:17\u003c00:17, 4.77MB/s]\r 50%|█████     | 85.2M/169M [00:17\u003c00:17, 4.78MB/s]\n"}
,{"stream_name":"stderr","time":83.591356316,"data":"\r 50%|█████     | 85.2M/169M [00:17\u003c00:17, 4.78MB/s]\r 51%|█████     | 85.7M/169M [00:17\u003c00:17, 4.76MB/s]\n"}
,{"stream_name":"stderr","time":83.693918715,"data":"\r 51%|█████     | 85.7M/169M [00:17\u003c00:17, 4.76MB/s]\r 51%|█████     | 86.2M/169M [00:17\u003c00:17, 4.76MB/s]\n"}
,{"stream_name":"stderr","time":83.796749657,"data":"\r 51%|█████     | 86.2M/169M [00:17\u003c00:17, 4.76MB/s]\r 51%|█████▏    | 86.7M/169M [00:17\u003c00:17, 4.77MB/s]\n"}
,{"stream_name":"stderr","time":83.900999204,"data":"\r 51%|█████▏    | 86.7M/169M [00:17\u003c00:17, 4.77MB/s]\r 52%|█████▏    | 87.2M/169M [00:17\u003c00:17, 4.75MB/s]\n"}
,{"stream_name":"stderr","time":84.003713588,"data":"\r 52%|█████▏    | 87.2M/169M [00:17\u003c00:17, 4.75MB/s]\r 52%|█████▏    | 87.7M/169M [00:17\u003c00:17, 4.76MB/s]\n"}
,{"stream_name":"stderr","time":84.108048731,"data":"\r 52%|█████▏    | 87.7M/169M [00:17\u003c00:17, 4.76MB/s]\r 52%|█████▏    | 88.1M/169M [00:17\u003c00:17, 4.75MB/s]\n"}
,{"stream_name":"stderr","time":84.211587103,"data":"\r 52%|█████▏    | 88.1M/169M [00:17\u003c00:17, 4.75MB/s]\r 52%|█████▏    | 88.6M/169M [00:18\u003c00:16, 4.75MB/s]\n"}
,{"stream_name":"stderr","time":84.318292413,"data":"\r 52%|█████▏    | 88.6M/169M [00:18\u003c00:16, 4.75MB/s]\r 53%|█████▎    | 89.1M/169M [00:18\u003c00:16, 4.70MB/s]\n"}
,{"stream_name":"stderr","time":84.423732626,"data":"\r 53%|█████▎    | 89.1M/169M [00:18\u003c00:16, 4.70MB/s]\r 53%|█████▎    | 89.6M/169M [00:18\u003c00:16, 4.69MB/s]\n"}
,{"stream_name":"stderr","time":84.530493174,"data":"\r 53%|█████▎    | 89.6M/169M [00:18\u003c00:16, 4.69MB/s]\r 53%|█████▎    | 90.1M/169M [00:18\u003c00:16, 4.67MB/s]\n"}
,{"stream_name":"stderr","time":84.637832228,"data":"\r 53%|█████▎    | 90.1M/169M [00:18\u003c00:16, 4.67MB/s]\r 54%|█████▎    | 90.6M/169M [00:18\u003c00:16, 4.64MB/s]\n"}
,{"stream_name":"stderr","time":84.742513084,"data":"\r 54%|█████▎    | 90.6M/169M [00:18\u003c00:16, 4.64MB/s]\r 54%|█████▍    | 91.1M/169M [00:18\u003c00:16, 4.65MB/s]\n"}
,{"stream_name":"stderr","time":84.84928974,"data":"\r 54%|█████▍    | 91.1M/169M [00:18\u003c00:16, 4.65MB/s]\r 54%|█████▍    | 91.6M/169M [00:18\u003c00:16, 4.64MB/s]\n"}
,{"stream_name":"stderr","time":84.954137657,"data":"\r 54%|█████▍    | 91.6M/169M [00:18\u003c00:16, 4.64MB/s]\r 54%|█████▍    | 92.1M/169M [00:18\u003c00:16, 4.65MB/s]\n"}
,{"stream_name":"stderr","time":85.060034455,"data":"\r 54%|█████▍    | 92.1M/169M [00:18\u003c00:16, 4.65MB/s]\r 55%|█████▍    | 92.6M/169M [00:18\u003c00:16, 4.65MB/s]\n"}
,{"stream_name":"stderr","time":85.166563208,"data":"\r 55%|█████▍    | 92.6M/169M [00:18\u003c00:16, 4.65MB/s]\r 55%|█████▌    | 93.1M/169M [00:19\u003c00:16, 4.64MB/s]\n"}
,{"stream_name":"stderr","time":85.27670295,"data":"\r 55%|█████▌    | 93.1M/169M [00:19\u003c00:16, 4.64MB/s]\r 55%|█████▌    | 93.6M/169M [00:19\u003c00:16, 4.58MB/s]\n"}
,{"stream_name":"stderr","time":85.378428673,"data":"\r 55%|█████▌    | 93.6M/169M [00:19\u003c00:16, 4.58MB/s]\r 56%|█████▌    | 94.0M/169M [00:19\u003c00:16, 4.56MB/s]\n"}
,{"stream_name":"stderr","time":85.480330323,"data":"\r 56%|█████▌    | 94.0M/169M [00:19\u003c00:16, 4.56MB/s]\r 56%|█████▌    | 94.5M/169M [00:19\u003c00:16, 4.54MB/s]\n"}
,{"stream_name":"stderr","time":85.584128421,"data":"\r 56%|█████▌    | 94.5M/169M [00:19\u003c00:16, 4.54MB/s]\r 56%|█████▌    | 94.9M/169M [00:19\u003c00:16, 4.51MB/s]\n"}
,{"stream_name":"stderr","time":85.68478552,"data":"\r 56%|█████▌    | 94.9M/169M [00:19\u003c00:16, 4.51MB/s]\r 56%|█████▋    | 95.4M/169M [00:19\u003c00:16, 4.52MB/s]\n"}
,{"stream_name":"stderr","time":85.786223546,"data":"\r 56%|█████▋    | 95.4M/169M [00:19\u003c00:16, 4.52MB/s]\r 57%|█████▋    | 95.8M/169M [00:19\u003c00:16, 4.52MB/s]\n"}
,{"stream_name":"stderr","time":85.889078865,"data":"\r 57%|█████▋    | 95.8M/169M [00:19\u003c00:16, 4.52MB/s]\r 57%|█████▋    | 96.3M/169M [00:19\u003c00:16, 4.50MB/s]\n"}
,{"stream_name":"stderr","time":85.990403875,"data":"\r 57%|█████▋    | 96.3M/169M [00:19\u003c00:16, 4.50MB/s]\r 57%|█████▋    | 96.8M/169M [00:19\u003c00:16, 4.51MB/s]\n"}
,{"stream_name":"stderr","time":86.091267618,"data":"\r 57%|█████▋    | 96.8M/169M [00:19\u003c00:16, 4.51MB/s]\r 58%|█████▊    | 97.2M/169M [00:19\u003c00:15, 4.52MB/s]\n"}
,{"stream_name":"stderr","time":86.194293372,"data":"\r 58%|█████▊    | 97.2M/169M [00:19\u003c00:15, 4.52MB/s]\r 58%|█████▊    | 97.7M/169M [00:20\u003c00:15, 4.50MB/s]\n"}
,{"stream_name":"stderr","time":86.296244733,"data":"\r 58%|█████▊    | 97.7M/169M [00:20\u003c00:15, 4.50MB/s]\r 58%|█████▊    | 98.1M/169M [00:20\u003c00:15, 4.50MB/s]\n"}
,{"stream_name":"stderr","time":86.397780289,"data":"\r 58%|█████▊    | 98.1M/169M [00:20\u003c00:15, 4.50MB/s]\r 58%|█████▊    | 98.6M/169M [00:20\u003c00:15, 4.51MB/s]\n"}
,{"stream_name":"stderr","time":86.501374349,"data":"\r 58%|█████▊    | 98.6M/169M [00:20\u003c00:15, 4.51MB/s]\r 59%|█████▊    | 99.1M/169M [00:20\u003c00:15, 4.49MB/s]\n"}
,{"stream_name":"stderr","time":86.603327287,"data":"\r 59%|█████▊    | 99.1M/169M [00:20\u003c00:15, 4.49MB/s]\r 59%|█████▉    | 99.5M/169M [00:20\u003c00:15, 4.49MB/s]\n"}
,{"stream_name":"stderr","time":86.706095242,"data":"\r 59%|█████▉    | 99.5M/169M [00:20\u003c00:15, 4.49MB/s]\r 59%|█████▉    | 100M/169M [00:20\u003c00:15, 4.49MB/s] \n"}
,{"stream_name":"stderr","time":86.809792389,"data":"\r 59%|█████▉    | 100M/169M [00:20\u003c00:15, 4.49MB/s] \r 59%|█████▉    | 100M/169M [00:20\u003c00:15, 4.47MB/s]\n"}
,{"stream_name":"stderr","time":86.911878677,"data":"\r 59%|█████▉    | 100M/169M [00:20\u003c00:15, 4.47MB/s]\r 60%|█████▉    | 101M/169M [00:20\u003c00:15, 4.48MB/s]\n"}
,{"stream_name":"stderr","time":87.014321591,"data":"\r 60%|█████▉    | 101M/169M [00:20\u003c00:15, 4.48MB/s]\r 60%|█████▉    | 101M/169M [00:20\u003c00:15, 4.48MB/s]\n"}
,{"stream_name":"stderr","time":87.117046815,"data":"\r 60%|█████▉    | 101M/169M [00:20\u003c00:15, 4.48MB/s]\r 60%|██████    | 102M/169M [00:20\u003c00:15, 4.47MB/s]\n"}
,{"stream_name":"stderr","time":87.218751981,"data":"\r 60%|██████    | 102M/169M [00:20\u003c00:15, 4.47MB/s]\r 61%|██████    | 102M/169M [00:21\u003c00:14, 4.48MB/s]\n"}
,{"stream_name":"stderr","time":87.342426986,"data":"\r 61%|██████    | 102M/169M [00:21\u003c00:14, 4.48MB/s]\r 61%|██████    | 103M/169M [00:21\u003c00:14, 4.51MB/s]\n"}
,{"stream_name":"stderr","time":87.429761561,"data":"\r 61%|██████    | 103M/169M [00:21\u003c00:14, 4.51MB/s]\r 61%|██████    | 103M/169M [00:21\u003c00:14, 4.39MB/s]\n"}
,{"stream_name":"stderr","time":87.532325976,"data":"\r 61%|██████    | 103M/169M [00:21\u003c00:14, 4.39MB/s]\r 61%|██████▏   | 104M/169M [00:21\u003c00:14, 4.51MB/s]\n"}
,{"stream_name":"stderr","time":87.643465365,"data":"\r 61%|██████▏   | 104M/169M [00:21\u003c00:14, 4.51MB/s]\r 62%|██████▏   | 104M/169M [00:21\u003c00:14, 4.39MB/s]\n"}
,{"stream_name":"stderr","time":87.77958096,"data":"\r 62%|██████▏   | 104M/169M [00:21\u003c00:14, 4.39MB/s]\r 62%|██████▏   | 105M/169M [00:21\u003c00:15, 4.03MB/s]\n"}
,{"stream_name":"stderr","time":87.96455547,"data":"\r 62%|██████▏   | 105M/169M [00:21\u003c00:15, 4.03MB/s]\r 62%|██████▏   | 105M/169M [00:21\u003c00:19, 3.33MB/s]\n"}
,{"stream_name":"stderr","time":88.116155496,"data":"\r 62%|██████▏   | 105M/169M [00:21\u003c00:19, 3.33MB/s]\r 62%|██████▏   | 105M/169M [00:21\u003c00:21, 3.02MB/s]\n"}
,{"stream_name":"stderr","time":88.222055148,"data":"\r 62%|██████▏   | 105M/169M [00:21\u003c00:21, 3.02MB/s]\r 63%|██████▎   | 106M/169M [00:22\u003c00:20, 3.04MB/s]\n"}
,{"stream_name":"stderr","time":88.331972145,"data":"\r 63%|██████▎   | 106M/169M [00:22\u003c00:20, 3.04MB/s]\r 63%|██████▎   | 106M/169M [00:22\u003c00:20, 3.10MB/s]\n"}
,{"stream_name":"stderr","time":88.441044698,"data":"\r 63%|██████▎   | 106M/169M [00:22\u003c00:20, 3.10MB/s]\r 63%|██████▎   | 106M/169M [00:22\u003c00:19, 3.16MB/s]\n"}
,{"stream_name":"stderr","time":88.544893328,"data":"\r 63%|██████▎   | 106M/169M [00:22\u003c00:19, 3.16MB/s]\r 63%|██████▎   | 107M/169M [00:22\u003c00:19, 3.16MB/s]\n"}
,{"stream_name":"stderr","time":88.649823477,"data":"\r 63%|██████▎   | 107M/169M [00:22\u003c00:19, 3.16MB/s]\r 63%|██████▎   | 107M/169M [00:22\u003c00:19, 3.15MB/s]\n"}
,{"stream_name":"stderr","time":88.757229452,"data":"\r 63%|██████▎   | 107M/169M [00:22\u003c00:19, 3.15MB/s]\r 64%|██████▎   | 107M/169M [00:22\u003c00:19, 3.21MB/s]\n"}
,{"stream_name":"stderr","time":88.858330151,"data":"\r 64%|██████▎   | 107M/169M [00:22\u003c00:19, 3.21MB/s]\r 64%|██████▍   | 108M/169M [00:22\u003c00:19, 3.22MB/s]\n"}
,{"stream_name":"stderr","time":88.966509793,"data":"\r 64%|██████▍   | 108M/169M [00:22\u003c00:19, 3.22MB/s]\r 64%|██████▍   | 108M/169M [00:22\u003c00:18, 3.25MB/s]\n"}
,{"stream_name":"stderr","time":89.070611453,"data":"\r 64%|██████▍   | 108M/169M [00:22\u003c00:18, 3.25MB/s]\r 64%|██████▍   | 108M/169M [00:22\u003c00:18, 3.22MB/s]\n"}
,{"stream_name":"stderr","time":89.175813286,"data":"\r 64%|██████▍   | 108M/169M [00:22\u003c00:18, 3.22MB/s]\r 64%|██████▍   | 109M/169M [00:23\u003c00:17, 3.37MB/s]\n"}
,{"stream_name":"stderr","time":89.285856923,"data":"\r 64%|██████▍   | 109M/169M [00:23\u003c00:17, 3.37MB/s]\r 65%|██████▍   | 109M/169M [00:23\u003c00:17, 3.44MB/s]\n"}
,{"stream_name":"stderr","time":89.39484456,"data":"\r 65%|██████▍   | 109M/169M [00:23\u003c00:17, 3.44MB/s]\r 65%|██████▍   | 110M/169M [00:23\u003c00:16, 3.58MB/s]\n"}
,{"stream_name":"stderr","time":89.498659272,"data":"\r 65%|██████▍   | 110M/169M [00:23\u003c00:16, 3.58MB/s]\r 65%|██████▌   | 110M/169M [00:23\u003c00:16, 3.64MB/s]\n"}
,{"stream_name":"stderr","time":89.602217612,"data":"\r 65%|██████▌   | 110M/169M [00:23\u003c00:16, 3.64MB/s]\r 65%|██████▌   | 110M/169M [00:23\u003c00:15, 3.78MB/s]\n"}
,{"stream_name":"stderr","time":89.71066414,"data":"\r 65%|██████▌   | 110M/169M [00:23\u003c00:15, 3.78MB/s]\r 66%|██████▌   | 111M/169M [00:23\u003c00:15, 3.73MB/s]\n"}
,{"stream_name":"stderr","time":89.810428174,"data":"\r 66%|██████▌   | 111M/169M [00:23\u003c00:15, 3.73MB/s]\r 66%|██████▌   | 111M/169M [00:23\u003c00:15, 3.79MB/s]\n"}
,{"stream_name":"stderr","time":89.920317878,"data":"\r 66%|██████▌   | 111M/169M [00:23\u003c00:15, 3.79MB/s]\r 66%|██████▌   | 112M/169M [00:23\u003c00:15, 3.81MB/s]\n"}
,{"stream_name":"stderr","time":90.030295935,"data":"\r 66%|██████▌   | 112M/169M [00:23\u003c00:15, 3.81MB/s]\r 66%|██████▋   | 112M/169M [00:23\u003c00:14, 3.83MB/s]\n"}
,{"stream_name":"stderr","time":90.134674975,"data":"\r 66%|██████▋   | 112M/169M [00:23\u003c00:14, 3.83MB/s]\r 67%|██████▋   | 113M/169M [00:24\u003c00:14, 4.00MB/s]\n"}
,{"stream_name":"stderr","time":90.237161948,"data":"\r 67%|██████▋   | 113M/169M [00:24\u003c00:14, 4.00MB/s]\r 67%|██████▋   | 113M/169M [00:24\u003c00:13, 4.05MB/s]\n"}
,{"stream_name":"stderr","time":90.338693222,"data":"\r 67%|██████▋   | 113M/169M [00:24\u003c00:13, 4.05MB/s]\r 67%|██████▋   | 113M/169M [00:24\u003c00:13, 4.09MB/s]\n"}
,{"stream_name":"stderr","time":90.440708816,"data":"\r 67%|██████▋   | 113M/169M [00:24\u003c00:13, 4.09MB/s]\r 67%|██████▋   | 114M/169M [00:24\u003c00:13, 4.11MB/s]\n"}
,{"stream_name":"stderr","time":90.542217757,"data":"\r 67%|██████▋   | 114M/169M [00:24\u003c00:13, 4.11MB/s]\r 68%|██████▊   | 114M/169M [00:24\u003c00:13, 4.14MB/s]\n"}
,{"stream_name":"stderr","time":90.645526137,"data":"\r 68%|██████▊   | 114M/169M [00:24\u003c00:13, 4.14MB/s]\r 68%|██████▊   | 115M/169M [00:24\u003c00:13, 4.13MB/s]\n"}
,{"stream_name":"stderr","time":90.752397509,"data":"\r 68%|██████▊   | 115M/169M [00:24\u003c00:13, 4.13MB/s]\r 68%|██████▊   | 115M/169M [00:24\u003c00:13, 4.10MB/s]\n"}
,{"stream_name":"stderr","time":90.854737097,"data":"\r 68%|██████▊   | 115M/169M [00:24\u003c00:13, 4.10MB/s]\r 68%|██████▊   | 116M/169M [00:24\u003c00:13, 4.11MB/s]\n"}
,{"stream_name":"stderr","time":90.956084755,"data":"\r 68%|██████▊   | 116M/169M [00:24\u003c00:13, 4.11MB/s]\r 69%|██████▊   | 116M/169M [00:24\u003c00:12, 4.14MB/s]\n"}
,{"stream_name":"stderr","time":91.058073778,"data":"\r 69%|██████▊   | 116M/169M [00:24\u003c00:12, 4.14MB/s]\r 69%|██████▉   | 117M/169M [00:24\u003c00:10, 5.01MB/s]\n"}
,{"stream_name":"stderr","time":91.164123972,"data":"\r 69%|██████▉   | 117M/169M [00:24\u003c00:10, 5.01MB/s]\r 69%|██████▉   | 117M/169M [00:25\u003c00:09, 5.47MB/s]\n"}
,{"stream_name":"stderr","time":91.266975333,"data":"\r 69%|██████▉   | 117M/169M [00:25\u003c00:09, 5.47MB/s]\r 70%|██████▉   | 118M/169M [00:25\u003c00:08, 6.21MB/s]\n"}
,{"stream_name":"stderr","time":91.371969058,"data":"\r 70%|██████▉   | 118M/169M [00:25\u003c00:08, 6.21MB/s]\r 70%|███████   | 119M/169M [00:25\u003c00:07, 6.97MB/s]\n"}
,{"stream_name":"stderr","time":91.535486326,"data":"\r 70%|███████   | 119M/169M [00:25\u003c00:07, 6.97MB/s]\r 71%|███████   | 120M/169M [00:25\u003c00:08, 5.94MB/s]\n"}
,{"stream_name":"stderr","time":91.686000054,"data":"\r 71%|███████   | 120M/169M [00:25\u003c00:08, 5.94MB/s]\r 71%|███████▏  | 120M/169M [00:25\u003c00:09, 5.32MB/s]\n"}
,{"stream_name":"stderr","time":91.830287139,"data":"\r 71%|███████▏  | 120M/169M [00:25\u003c00:09, 5.32MB/s]\r 72%|███████▏  | 121M/169M [00:25\u003c00:09, 4.92MB/s]\n"}
,{"stream_name":"stderr","time":91.95901264,"data":"\r 72%|███████▏  | 121M/169M [00:25\u003c00:09, 4.92MB/s]\r 72%|███████▏  | 122M/169M [00:25\u003c00:10, 4.67MB/s]\n"}
,{"stream_name":"stderr","time":92.0780351,"data":"\r 72%|███████▏  | 122M/169M [00:25\u003c00:10, 4.67MB/s]\r 72%|███████▏  | 122M/169M [00:25\u003c00:10, 4.52MB/s]\n"}
,{"stream_name":"stderr","time":92.198337149,"data":"\r 72%|███████▏  | 122M/169M [00:25\u003c00:10, 4.52MB/s]\r 73%|███████▎  | 123M/169M [00:26\u003c00:10, 4.40MB/s]\n"}
,{"stream_name":"stderr","time":92.307392104,"data":"\r 73%|███████▎  | 123M/169M [00:26\u003c00:10, 4.40MB/s]\r 73%|███████▎  | 123M/169M [00:26\u003c00:10, 4.35MB/s]\n"}
,{"stream_name":"stderr","time":92.41585576,"data":"\r 73%|███████▎  | 123M/169M [00:26\u003c00:10, 4.35MB/s]\r 73%|███████▎  | 124M/169M [00:26\u003c00:10, 4.31MB/s]\n"}
,{"stream_name":"stderr","time":92.526951813,"data":"\r 73%|███████▎  | 124M/169M [00:26\u003c00:10, 4.31MB/s]\r 73%|███████▎  | 124M/169M [00:26\u003c00:10, 4.26MB/s]\n"}
,{"stream_name":"stderr","time":92.635691958,"data":"\r 73%|███████▎  | 124M/169M [00:26\u003c00:10, 4.26MB/s]\r 74%|███████▎  | 124M/169M [00:26\u003c00:10, 4.25MB/s]\n"}
,{"stream_name":"stderr","time":92.737105284,"data":"\r 74%|███████▎  | 124M/169M [00:26\u003c00:10, 4.25MB/s]\r 74%|███████▍  | 125M/169M [00:26\u003c00:10, 4.24MB/s]\n"}
,{"stream_name":"stderr","time":92.839877508,"data":"\r 74%|███████▍  | 125M/169M [00:26\u003c00:10, 4.24MB/s]\r 74%|███████▍  | 125M/169M [00:26\u003c00:10, 4.21MB/s]\n"}
,{"stream_name":"stderr","time":92.940472059,"data":"\r 74%|███████▍  | 125M/169M [00:26\u003c00:10, 4.21MB/s]\r 74%|███████▍  | 126M/169M [00:26\u003c00:10, 4.22MB/s]\n"}
,{"stream_name":"stderr","time":93.041599162,"data":"\r 74%|███████▍  | 126M/169M [00:26\u003c00:10, 4.22MB/s]\r 75%|███████▍  | 126M/169M [00:26\u003c00:10, 4.22MB/s]\n"}
,{"stream_name":"stderr","time":93.142436805,"data":"\r 75%|███████▍  | 126M/169M [00:26\u003c00:10, 4.22MB/s]\r 75%|███████▍  | 127M/169M [00:27\u003c00:10, 4.22MB/s]\n"}
,{"stream_name":"stderr","time":93.24406223,"data":"\r 75%|███████▍  | 127M/169M [00:27\u003c00:10, 4.22MB/s]\r 75%|███████▌  | 127M/169M [00:27\u003c00:09, 4.21MB/s]\n"}
,{"stream_name":"stderr","time":93.346243505,"data":"\r 75%|███████▌  | 127M/169M [00:27\u003c00:09, 4.21MB/s]\r 75%|███████▌  | 127M/169M [00:27\u003c00:09, 4.20MB/s]\n"}
,{"stream_name":"stderr","time":93.446507092,"data":"\r 75%|███████▌  | 127M/169M [00:27\u003c00:09, 4.20MB/s]\r 76%|███████▌  | 128M/169M [00:27\u003c00:09, 4.21MB/s]\n"}
,{"stream_name":"stderr","time":93.547479707,"data":"\r 76%|███████▌  | 128M/169M [00:27\u003c00:09, 4.21MB/s]\r 76%|███████▌  | 128M/169M [00:27\u003c00:09, 4.23MB/s]\n"}
,{"stream_name":"stderr","time":93.6473216,"data":"\r 76%|███████▌  | 128M/169M [00:27\u003c00:09, 4.23MB/s]\r 76%|███████▌  | 129M/169M [00:27\u003c00:09, 4.23MB/s]\n"}
,{"stream_name":"stderr","time":93.749492853,"data":"\r 76%|███████▌  | 129M/169M [00:27\u003c00:09, 4.23MB/s]\r 76%|███████▋  | 129M/169M [00:27\u003c00:09, 4.21MB/s]\n"}
,{"stream_name":"stderr","time":93.857026825,"data":"\r 76%|███████▋  | 129M/169M [00:27\u003c00:09, 4.21MB/s]\r 77%|███████▋  | 130M/169M [00:27\u003c00:09, 4.23MB/s]\n"}
,{"stream_name":"stderr","time":93.957533751,"data":"\r 77%|███████▋  | 130M/169M [00:27\u003c00:09, 4.23MB/s]\r 77%|███████▋  | 130M/169M [00:27\u003c00:09, 4.23MB/s]\n"}
,{"stream_name":"stderr","time":94.059513574,"data":"\r 77%|███████▋  | 130M/169M [00:27\u003c00:09, 4.23MB/s]\r 77%|███████▋  | 130M/169M [00:27\u003c00:09, 4.22MB/s]\n"}
,{"stream_name":"stderr","time":94.160600404,"data":"\r 77%|███████▋  | 130M/169M [00:27\u003c00:09, 4.22MB/s]\r 77%|███████▋  | 131M/169M [00:28\u003c00:09, 4.22MB/s]\n"}
,{"stream_name":"stderr","time":94.26012039,"data":"\r 77%|███████▋  | 131M/169M [00:28\u003c00:09, 4.22MB/s]\r 78%|███████▊  | 131M/169M [00:28\u003c00:08, 4.23MB/s]\n"}
,{"stream_name":"stderr","time":94.366296413,"data":"\r 78%|███████▊  | 131M/169M [00:28\u003c00:08, 4.23MB/s]\r 78%|███████▊  | 132M/169M [00:28\u003c00:08, 4.26MB/s]\n"}
,{"stream_name":"stderr","time":94.466985299,"data":"\r 78%|███████▊  | 132M/169M [00:28\u003c00:08, 4.26MB/s]\r 78%|███████▊  | 132M/169M [00:28\u003c00:08, 4.25MB/s]\n"}
,{"stream_name":"stderr","time":94.573552131,"data":"\r 78%|███████▊  | 132M/169M [00:28\u003c00:08, 4.25MB/s]\r 78%|███████▊  | 133M/169M [00:28\u003c00:08, 4.27MB/s]\n"}
,{"stream_name":"stderr","time":94.679321702,"data":"\r 78%|███████▊  | 133M/169M [00:28\u003c00:08, 4.27MB/s]\r 79%|███████▊  | 133M/169M [00:28\u003c00:08, 4.29MB/s]\n"}
,{"stream_name":"stderr","time":94.787777298,"data":"\r 79%|███████▊  | 133M/169M [00:28\u003c00:08, 4.29MB/s]\r 79%|███████▉  | 134M/169M [00:28\u003c00:08, 4.27MB/s]\n"}
,{"stream_name":"stderr","time":94.893864575,"data":"\r 79%|███████▉  | 134M/169M [00:28\u003c00:08, 4.27MB/s]\r 79%|███████▉  | 134M/169M [00:28\u003c00:08, 4.29MB/s]\n"}
,{"stream_name":"stderr","time":95.000481376,"data":"\r 79%|███████▉  | 134M/169M [00:28\u003c00:08, 4.29MB/s]\r 80%|███████▉  | 134M/169M [00:28\u003c00:08, 4.29MB/s]\n"}
,{"stream_name":"stderr","time":95.109237963,"data":"\r 80%|███████▉  | 134M/169M [00:28\u003c00:08, 4.29MB/s]\r 80%|███████▉  | 135M/169M [00:28\u003c00:07, 4.27MB/s]\n"}
,{"stream_name":"stderr","time":95.215422641,"data":"\r 80%|███████▉  | 135M/169M [00:28\u003c00:07, 4.27MB/s]\r 80%|████████  | 135M/169M [00:29\u003c00:07, 4.28MB/s]\n"}
,{"stream_name":"stderr","time":95.321629234,"data":"\r 80%|████████  | 135M/169M [00:29\u003c00:07, 4.28MB/s]\r 80%|████████  | 136M/169M [00:29\u003c00:07, 4.30MB/s]\n"}
,{"stream_name":"stderr","time":95.430631772,"data":"\r 80%|████████  | 136M/169M [00:29\u003c00:07, 4.30MB/s]\r 81%|████████  | 136M/169M [00:29\u003c00:07, 4.27MB/s]\n"}
,{"stream_name":"stderr","time":95.53839404,"data":"\r 81%|████████  | 136M/169M [00:29\u003c00:07, 4.27MB/s]\r 81%|████████  | 137M/169M [00:29\u003c00:07, 4.27MB/s]\n"}
,{"stream_name":"stderr","time":95.647214149,"data":"\r 81%|████████  | 137M/169M [00:29\u003c00:07, 4.27MB/s]\r 81%|████████  | 137M/169M [00:29\u003c00:07, 4.25MB/s]\n"}
,{"stream_name":"stderr","time":95.749773603,"data":"\r 81%|████████  | 137M/169M [00:29\u003c00:07, 4.25MB/s]\r 81%|████████▏ | 138M/169M [00:29\u003c00:07, 4.22MB/s]\n"}
,{"stream_name":"stderr","time":95.85034636500001,"data":"\r 81%|████████▏ | 138M/169M [00:29\u003c00:07, 4.22MB/s]\r 82%|████████▏ | 138M/169M [00:29\u003c00:07, 4.22MB/s]\n"}
,{"stream_name":"stderr","time":95.950652418,"data":"\r 82%|████████▏ | 138M/169M [00:29\u003c00:07, 4.22MB/s]\r 82%|████████▏ | 138M/169M [00:29\u003c00:07, 4.23MB/s]\n"}
,{"stream_name":"stderr","time":96.051842922,"data":"\r 82%|████████▏ | 138M/169M [00:29\u003c00:07, 4.23MB/s]\r 82%|████████▏ | 139M/169M [00:29\u003c00:07, 4.23MB/s]\n"}
,{"stream_name":"stderr","time":96.154563119,"data":"\r 82%|████████▏ | 139M/169M [00:29\u003c00:07, 4.23MB/s]\r 82%|████████▏ | 139M/169M [00:30\u003c00:07, 4.20MB/s]\n"}
,{"stream_name":"stderr","time":96.262192521,"data":"\r 82%|████████▏ | 139M/169M [00:30\u003c00:07, 4.20MB/s]\r 83%|████████▎ | 140M/169M [00:30\u003c00:06, 4.22MB/s]\n"}
,{"stream_name":"stderr","time":96.369370683,"data":"\r 83%|████████▎ | 140M/169M [00:30\u003c00:06, 4.22MB/s]\r 83%|████████▎ | 140M/169M [00:30\u003c00:06, 4.24MB/s]\n"}
,{"stream_name":"stderr","time":96.472060794,"data":"\r 83%|████████▎ | 140M/169M [00:30\u003c00:06, 4.24MB/s]\r 83%|████████▎ | 141M/169M [00:30\u003c00:06, 4.22MB/s]\n"}
,{"stream_name":"stderr","time":96.572263378,"data":"\r 83%|████████▎ | 141M/169M [00:30\u003c00:06, 4.22MB/s]\r 83%|████████▎ | 141M/169M [00:30\u003c00:06, 4.23MB/s]\n"}
,{"stream_name":"stderr","time":96.672465812,"data":"\r 83%|████████▎ | 141M/169M [00:30\u003c00:06, 4.23MB/s]\r 84%|████████▎ | 142M/169M [00:30\u003c00:06, 4.23MB/s]\n"}
,{"stream_name":"stderr","time":96.772866337,"data":"\r 84%|████████▎ | 142M/169M [00:30\u003c00:06, 4.23MB/s]\r 84%|████████▍ | 142M/169M [00:30\u003c00:06, 4.24MB/s]\n"}
,{"stream_name":"stderr","time":96.875655467,"data":"\r 84%|████████▍ | 142M/169M [00:30\u003c00:06, 4.24MB/s]\r 84%|████████▍ | 142M/169M [00:30\u003c00:06, 4.21MB/s]\n"}
,{"stream_name":"stderr","time":96.98294459,"data":"\r 84%|████████▍ | 142M/169M [00:30\u003c00:06, 4.21MB/s]\r 85%|████████▍ | 143M/169M [00:30\u003c00:06, 4.23MB/s]\n"}
,{"stream_name":"stderr","time":97.090231631,"data":"\r 85%|████████▍ | 143M/169M [00:30\u003c00:06, 4.23MB/s]\r 85%|████████▍ | 143M/169M [00:30\u003c00:06, 4.25MB/s]\n"}
,{"stream_name":"stderr","time":97.192220321,"data":"\r 85%|████████▍ | 143M/169M [00:30\u003c00:06, 4.25MB/s]\r 85%|████████▌ | 144M/169M [00:31\u003c00:05, 4.23MB/s]\n"}
,{"stream_name":"stderr","time":97.292211721,"data":"\r 85%|████████▌ | 144M/169M [00:31\u003c00:05, 4.23MB/s]\r 85%|████████▌ | 144M/169M [00:31\u003c00:05, 4.23MB/s]\n"}
,{"stream_name":"stderr","time":97.398913982,"data":"\r 85%|████████▌ | 144M/169M [00:31\u003c00:05, 4.23MB/s]\r 86%|████████▌ | 145M/169M [00:31\u003c00:05, 4.25MB/s]\n"}
,{"stream_name":"stderr","time":97.506042598,"data":"\r 86%|████████▌ | 145M/169M [00:31\u003c00:05, 4.25MB/s]\r 86%|████████▌ | 145M/169M [00:31\u003c00:05, 4.27MB/s]\n"}
,{"stream_name":"stderr","time":97.614901028,"data":"\r 86%|████████▌ | 145M/169M [00:31\u003c00:05, 4.27MB/s]\r 86%|████████▌ | 146M/169M [00:31\u003c00:05, 4.25MB/s]\n"}
,{"stream_name":"stderr","time":97.721032699,"data":"\r 86%|████████▌ | 146M/169M [00:31\u003c00:05, 4.25MB/s]\r 86%|████████▋ | 146M/169M [00:31\u003c00:05, 4.27MB/s]\n"}
,{"stream_name":"stderr","time":97.828820085,"data":"\r 86%|████████▋ | 146M/169M [00:31\u003c00:05, 4.27MB/s]\r 87%|████████▋ | 146M/169M [00:31\u003c00:05, 4.26MB/s]\n"}
,{"stream_name":"stderr","time":97.935683319,"data":"\r 87%|████████▋ | 146M/169M [00:31\u003c00:05, 4.26MB/s]\r 87%|████████▋ | 147M/169M [00:31\u003c00:05, 4.27MB/s]\n"}
,{"stream_name":"stderr","time":98.040981972,"data":"\r 87%|████████▋ | 147M/169M [00:31\u003c00:05, 4.27MB/s]\r 87%|████████▋ | 147M/169M [00:31\u003c00:05, 4.29MB/s]\n"}
,{"stream_name":"stderr","time":98.149406724,"data":"\r 87%|████████▋ | 147M/169M [00:31\u003c00:05, 4.29MB/s]\r 87%|████████▋ | 148M/169M [00:32\u003c00:04, 4.27MB/s]\n"}
,{"stream_name":"stderr","time":98.256775432,"data":"\r 87%|████████▋ | 148M/169M [00:32\u003c00:04, 4.27MB/s]\r 88%|████████▊ | 148M/169M [00:32\u003c00:04, 4.28MB/s]\n"}
,{"stream_name":"stderr","time":98.364017321,"data":"\r 88%|████████▊ | 148M/169M [00:32\u003c00:04, 4.28MB/s]\r 88%|████████▊ | 149M/169M [00:32\u003c00:04, 4.27MB/s]\n"}
,{"stream_name":"stderr","time":98.472808097,"data":"\r 88%|████████▊ | 149M/169M [00:32\u003c00:04, 4.27MB/s]\r 88%|████████▊ | 149M/169M [00:32\u003c00:04, 4.26MB/s]\n"}
,{"stream_name":"stderr","time":98.579091523,"data":"\r 88%|████████▊ | 149M/169M [00:32\u003c00:04, 4.26MB/s]\r 89%|████████▊ | 150M/169M [00:32\u003c00:04, 4.28MB/s]\n"}
,{"stream_name":"stderr","time":98.684591139,"data":"\r 89%|████████▊ | 150M/169M [00:32\u003c00:04, 4.28MB/s]\r 89%|████████▉ | 150M/169M [00:32\u003c00:04, 4.30MB/s]\n"}
,{"stream_name":"stderr","time":98.791706464,"data":"\r 89%|████████▉ | 150M/169M [00:32\u003c00:04, 4.30MB/s]\r 89%|████████▉ | 151M/169M [00:32\u003c00:04, 4.29MB/s]\n"}
,{"stream_name":"stderr","time":98.897062442,"data":"\r 89%|████████▉ | 151M/169M [00:32\u003c00:04, 4.29MB/s]\r 89%|████████▉ | 151M/169M [00:32\u003c00:04, 4.31MB/s]\n"}
,{"stream_name":"stderr","time":99.00257569,"data":"\r 89%|████████▉ | 151M/169M [00:32\u003c00:04, 4.31MB/s]\r 90%|████████▉ | 151M/169M [00:32\u003c00:04, 4.32MB/s]\n"}
,{"stream_name":"stderr","time":99.109901015,"data":"\r 90%|████████▉ | 151M/169M [00:32\u003c00:04, 4.32MB/s]\r 90%|████████▉ | 152M/169M [00:32\u003c00:03, 4.31MB/s]\n"}
,{"stream_name":"stderr","time":99.216565787,"data":"\r 90%|████████▉ | 152M/169M [00:32\u003c00:03, 4.31MB/s]\r 90%|█████████ | 152M/169M [00:33\u003c00:03, 4.31MB/s]\n"}
,{"stream_name":"stderr","time":99.322787624,"data":"\r 90%|█████████ | 152M/169M [00:33\u003c00:03, 4.31MB/s]\r 90%|█████████ | 153M/169M [00:33\u003c00:03, 4.31MB/s]\n"}
,{"stream_name":"stderr","time":99.43400181,"data":"\r 90%|█████████ | 153M/169M [00:33\u003c00:03, 4.31MB/s]\r 91%|█████████ | 153M/169M [00:33\u003c00:03, 4.25MB/s]\n"}
,{"stream_name":"stderr","time":99.538120002,"data":"\r 91%|█████████ | 153M/169M [00:33\u003c00:03, 4.25MB/s]\r 91%|█████████ | 154M/169M [00:33\u003c00:03, 4.21MB/s]\n"}
,{"stream_name":"stderr","time":99.642235988,"data":"\r 91%|█████████ | 154M/169M [00:33\u003c00:03, 4.21MB/s]\r 91%|█████████ | 154M/169M [00:33\u003c00:03, 4.17MB/s]\n"}
,{"stream_name":"stderr","time":99.744199705,"data":"\r 91%|█████████ | 154M/169M [00:33\u003c00:03, 4.17MB/s]\r 91%|█████████▏| 155M/169M [00:33\u003c00:03, 4.17MB/s]\n"}
,{"stream_name":"stderr","time":99.84992865,"data":"\r 91%|█████████▏| 155M/169M [00:33\u003c00:03, 4.17MB/s]\r 92%|█████████▏| 155M/169M [00:33\u003c00:03, 4.13MB/s]\n"}
,{"stream_name":"stderr","time":99.951707413,"data":"\r 92%|█████████▏| 155M/169M [00:33\u003c00:03, 4.13MB/s]\r 92%|█████████▏| 155M/169M [00:33\u003c00:03, 4.15MB/s]\n"}
,{"stream_name":"stderr","time":100.052385636,"data":"\r 92%|█████████▏| 155M/169M [00:33\u003c00:03, 4.15MB/s]\r 92%|█████████▏| 156M/169M [00:33\u003c00:03, 4.17MB/s]\n"}
,{"stream_name":"stderr","time":100.153181362,"data":"\r 92%|█████████▏| 156M/169M [00:33\u003c00:03, 4.17MB/s]\r 92%|█████████▏| 156M/169M [00:34\u003c00:03, 4.19MB/s]\n"}
,{"stream_name":"stderr","time":100.256008169,"data":"\r 92%|█████████▏| 156M/169M [00:34\u003c00:03, 4.19MB/s]\r 93%|█████████▎| 157M/169M [00:34\u003c00:02, 4.17MB/s]\n"}
,{"stream_name":"stderr","time":100.358102854,"data":"\r 93%|█████████▎| 157M/169M [00:34\u003c00:02, 4.17MB/s]\r 93%|█████████▎| 157M/169M [00:34\u003c00:02, 4.17MB/s]\n"}
,{"stream_name":"stderr","time":100.459907998,"data":"\r 93%|█████████▎| 157M/169M [00:34\u003c00:02, 4.17MB/s]\r 93%|█████████▎| 158M/169M [00:34\u003c00:02, 4.18MB/s]\n"}
,{"stream_name":"stderr","time":100.569497038,"data":"\r 93%|█████████▎| 158M/169M [00:34\u003c00:02, 4.18MB/s]\r 94%|█████████▎| 158M/169M [00:34\u003c00:02, 4.18MB/s]\n"}
,{"stream_name":"stderr","time":100.671331843,"data":"\r 94%|█████████▎| 158M/169M [00:34\u003c00:02, 4.18MB/s]\r 94%|█████████▍| 158M/169M [00:34\u003c00:02, 4.18MB/s]\n"}
,{"stream_name":"stderr","time":100.779062371,"data":"\r 94%|█████████▍| 158M/169M [00:34\u003c00:02, 4.18MB/s]\r 94%|█████████▍| 159M/169M [00:34\u003c00:02, 4.11MB/s]\n"}
,{"stream_name":"stderr","time":100.888058691,"data":"\r 94%|█████████▍| 159M/169M [00:34\u003c00:02, 4.11MB/s]\r 94%|█████████▍| 159M/169M [00:34\u003c00:02, 4.06MB/s]\n"}
,{"stream_name":"stderr","time":100.989155913,"data":"\r 94%|█████████▍| 159M/169M [00:34\u003c00:02, 4.06MB/s]\r 95%|█████████▍| 160M/169M [00:34\u003c00:02, 4.09MB/s]\n"}
,{"stream_name":"stderr","time":101.091453824,"data":"\r 95%|█████████▍| 160M/169M [00:34\u003c00:02, 4.09MB/s]\r 95%|█████████▍| 160M/169M [00:34\u003c00:02, 4.11MB/s]\n"}
,{"stream_name":"stderr","time":101.194491501,"data":"\r 95%|█████████▍| 160M/169M [00:34\u003c00:02, 4.11MB/s]\r 95%|█████████▌| 161M/169M [00:35\u003c00:02, 4.15MB/s]\n"}
,{"stream_name":"stderr","time":101.299347278,"data":"\r 95%|█████████▌| 161M/169M [00:35\u003c00:02, 4.15MB/s]\r 95%|█████████▌| 161M/169M [00:35\u003c00:01, 4.19MB/s]\n"}
,{"stream_name":"stderr","time":101.40076835,"data":"\r 95%|█████████▌| 161M/169M [00:35\u003c00:01, 4.19MB/s]\r 96%|█████████▌| 161M/169M [00:35\u003c00:01, 4.19MB/s]\n"}
,{"stream_name":"stderr","time":101.506142327,"data":"\r 96%|█████████▌| 161M/169M [00:35\u003c00:01, 4.19MB/s]\r 96%|█████████▌| 162M/169M [00:35\u003c00:01, 4.24MB/s]\n"}
,{"stream_name":"stderr","time":101.612441954,"data":"\r 96%|█████████▌| 162M/169M [00:35\u003c00:01, 4.24MB/s]\r 96%|█████████▌| 162M/169M [00:35\u003c00:01, 4.27MB/s]\n"}
,{"stream_name":"stderr","time":101.718171507,"data":"\r 96%|█████████▌| 162M/169M [00:35\u003c00:01, 4.27MB/s]\r 96%|█████████▋| 163M/169M [00:35\u003c00:01, 4.29MB/s]\n"}
,{"stream_name":"stderr","time":101.823161381,"data":"\r 96%|█████████▋| 163M/169M [00:35\u003c00:01, 4.29MB/s]\r 97%|█████████▋| 163M/169M [00:35\u003c00:01, 4.40MB/s]\n"}
,{"stream_name":"stderr","time":101.926787627,"data":"\r 97%|█████████▋| 163M/169M [00:35\u003c00:01, 4.40MB/s]\r 97%|█████████▋| 164M/169M [00:35\u003c00:01, 4.50MB/s]\n"}
,{"stream_name":"stderr","time":102.031267145,"data":"\r 97%|█████████▋| 164M/169M [00:35\u003c00:01, 4.50MB/s]\r 97%|█████████▋| 164M/169M [00:35\u003c00:01, 4.57MB/s]\n"}
,{"stream_name":"stderr","time":102.135045174,"data":"\r 97%|█████████▋| 164M/169M [00:35\u003c00:01, 4.57MB/s]\r 98%|█████████▊| 165M/169M [00:36\u003c00:00, 4.63MB/s]\n"}
,{"stream_name":"stderr","time":102.238430941,"data":"\r 98%|█████████▊| 165M/169M [00:36\u003c00:00, 4.63MB/s]\r 98%|█████████▊| 165M/169M [00:36\u003c00:00, 4.66MB/s]\n"}
,{"stream_name":"stderr","time":102.342157319,"data":"\r 98%|█████████▊| 165M/169M [00:36\u003c00:00, 4.66MB/s]\r 98%|█████████▊| 166M/169M [00:36\u003c00:00, 4.68MB/s]\n"}
,{"stream_name":"stderr","time":102.449014298,"data":"\r 98%|█████████▊| 166M/169M [00:36\u003c00:00, 4.68MB/s]\r 98%|█████████▊| 166M/169M [00:36\u003c00:00, 4.66MB/s]\n"}
,{"stream_name":"stderr","time":102.552063708,"data":"\r 98%|█████████▊| 166M/169M [00:36\u003c00:00, 4.66MB/s]\r 99%|█████████▊| 167M/169M [00:36\u003c00:00, 4.70MB/s]\n"}
,{"stream_name":"stderr","time":102.655145229,"data":"\r 99%|█████████▊| 167M/169M [00:36\u003c00:00, 4.70MB/s]\r 99%|█████████▉| 167M/169M [00:36\u003c00:00, 4.71MB/s]\n"}
,{"stream_name":"stderr","time":102.757598395,"data":"\r 99%|█████████▉| 167M/169M [00:36\u003c00:00, 4.71MB/s]\r 99%|█████████▉| 168M/169M [00:36\u003c00:00, 4.73MB/s]\n"}
,{"stream_name":"stderr","time":102.860917071,"data":"\r 99%|█████████▉| 168M/169M [00:36\u003c00:00, 4.73MB/s]\r100%|█████████▉| 168M/169M [00:36\u003c00:00, 4.74MB/s]\n"}
,{"stream_name":"stderr","time":102.965282397,"data":"\r100%|█████████▉| 168M/169M [00:36\u003c00:00, 4.74MB/s]\r100%|█████████▉| 169M/169M [00:36\u003c00:00, 4.73MB/s]\n"}
,{"stream_name":"stderr","time":103.017458068,"data":"\r100%|█████████▉| 169M/169M [00:36\u003c00:00, 4.73MB/s]\r100%|██████████| 169M/169M [00:36\u003c00:00, 4.58MB/s]\n"}
,{"stream_name":"stderr","time":103.061940455,"data":"\r100%|██████████| 169M/169M [00:36\u003c00:00, 4.58MB/s]\n"}
,{"stream_name":"stderr","time":103.061968925,"data":"\n"}
,{"stream_name":"stderr","time":103.061974869,"data":"\n"}
,{"stream_name":"stdout","time":3641.477651123,"data":"Best Val Acc: 0.9528\n"}
,{"stream_name":"stdout","time":3643.916789486,"data":"Vanilla CIFAR-10 Test Acc: 0.9468\n"}
,{"stream_name":"stdout","time":3643.91682184,"data":"Extracting features for Vanilla...\n"}
,{"stream_name":"stdout","time":3660.159051361,"data":"Table 1 Saved.\n"}
,{"stream_name":"stdout","time":7206.177922503,"data":"Best Val Acc: 0.9584\n"}
,{"stream_name":"stdout","time":7206.177983804,"data":"Extracting features for GCSC...\n"}
,{"stream_name":"stdout","time":8979.55209275,"data":"Extracting features for PROSER...\n"}
,{"stream_name":"stdout","time":8983.879654471,"data":"Table 2 Saved.\n"}
,{"stream_name":"stderr","time":8990.90798196,"data":"/usr/local/lib/python3.12/dist-packages/mistune.py:435: SyntaxWarning: invalid escape sequence '\\|'\n"}
,{"stream_name":"stderr","time":8990.908031,"data":"  cells[i][c] = re.sub('\\\\\\\\\\|', '|', cell)\n"}
,{"stream_name":"stderr","time":8991.073095269,"data":"/usr/local/lib/python3.12/dist-packages/nbconvert/filters/filter_links.py:36: SyntaxWarning: invalid escape sequence '\\_'\n"}
,{"stream_name":"stderr","time":8991.073129266,"data":"  text = re.sub(r'_', '\\_', text) # Escape underscores in display text\n"}
,{"stream_name":"stderr","time":8991.700493083,"data":"[NbConvertApp] Converting notebook __notebook__.ipynb to notebook\n"}
,{"stream_name":"stderr","time":8992.078831644,"data":"[NbConvertApp] Writing 202707 bytes to __notebook__.ipynb\n"}
,{"stream_name":"stderr","time":8994.359814196,"data":"[NbConvertApp] Converting notebook __notebook__.ipynb to html\n"}
,{"stream_name":"stderr","time":8995.27022181,"data":"[NbConvertApp] Support files will be in __results___files/\n"}
,{"stream_name":"stderr","time":8995.270245368,"data":"[NbConvertApp] Making directory __results___files\n"}
,{"stream_name":"stderr","time":8995.270677555,"data":"[NbConvertApp] Making directory __results___files\n"}
,{"stream_name":"stderr","time":8995.270949159,"data":"[NbConvertApp] Writing 439381 bytes to __results__.html\n"}
]