[{"stream_name":"stderr","time":8.494755219,"data":"0.00s - Debugger warning: It seems that frozen modules are being used, which may\n"}
,{"stream_name":"stderr","time":8.494822227,"data":"0.00s - make the debugger miss breakpoints. Please pass -Xfrozen_modules=off\n"}
,{"stream_name":"stderr","time":8.494829612,"data":"0.00s - to python to disable frozen modules.\n"}
,{"stream_name":"stderr","time":8.494833917,"data":"0.00s - Note: Debugging will proceed. Set PYDEVD_DISABLE_FILE_VALIDATION=1 to disable this validation.\n"}
,{"stream_name":"stderr","time":9.190852421,"data":"0.00s - Debugger warning: It seems that frozen modules are being used, which may\n"}
,{"stream_name":"stderr","time":9.190899645,"data":"0.00s - make the debugger miss breakpoints. Please pass -Xfrozen_modules=off\n"}
,{"stream_name":"stderr","time":9.190905727,"data":"0.00s - to python to disable frozen modules.\n"}
,{"stream_name":"stderr","time":9.190910159,"data":"0.00s - Note: Debugging will proceed. Set PYDEVD_DISABLE_FILE_VALIDATION=1 to disable this validation.\n"}
,{"stream_name":"stdout","time":13.72640388,"data":"\u001b[?25l   \u001b[90m━━━━━━━━━━━━━━━━━━━━━━━━━━━━━━━━━━━━━━━━\u001b[0m \u001b[32m0.0/1.5 MB\u001b[0m \u001b[31m?\u001b[0m eta \u001b[36m-:--:--\u001b[0m\r\u001b[2K   \u001b[91m━━━━━\u001b[0m\u001b[90m╺\u001b[0m\u001b[90m━━━━━━━━━━━━━━━━━━━━━━━━━━━━━━━━━━\u001b[0m \u001b[32m0.2/1.5 MB\u001b[0m \u001b[31m5.6 MB/s\u001b[0m eta \u001b[36m0:00:01\u001b[0m\r\u001b[2K   \u001b[91m━━━━━━━━━━━━━━━━━━━━━━━━━━━━━━━━━━━━━━━\u001b[0m\u001b[91m╸\u001b[0m \u001b[32m1.5/1.5 MB\u001b[0m \u001b[31m23.2 MB/s\u001b[0m eta \u001b[36m0:00:01\u001b[0m\r\u001b[2K   \u001b[90m━━━━━━━━━━━━━━━━━━━━━━━━━━━━━━━━━━━━━━━━\u001b[0m \u001b[32m1.5/1.5 MB\u001b[0m \u001b[31m17.9 MB/s\u001b[0m eta \u001b[36m0:00:00\u001b[0m\r\n"}
,{"stream_name":"stdout","time":13.777432687,"data":"\u001b[?25h\u001b[?25l   \u001b[90m━━━━━━━━━━━━━━━━━━━━━━━━━━━━━━━━━━━━━━━━\u001b[0m \u001b[32m0.0/44.8 kB\u001b[0m \u001b[31m?\u001b[0m eta \u001b[36m-:--:--\u001b[0m\r\u001b[2K   \u001b[90m━━━━━━━━━━━━━━━━━━━━━━━━━━━━━━━━━━━━━━━━\u001b[0m \u001b[32m44.8/44.8 kB\u001b[0m \u001b[31m2.4 MB/s\u001b[0m eta \u001b[36m0:00:00\u001b[0m\r\n"}
,{"stream_name":"stdout","time":87.313181768,"data":"\u001b[?25hUsing device: cuda\n"}
,{"stream_name":"stderr","time":87.578080368,"data":"\r  0%|          | 0.00/2.64G [00:00\u003c?, ?B/s]\n"}
,{"stream_name":"stderr","time":87.713144809,"data":"\r  0%|          | 0.00/2.64G [00:00\u003c?, ?B/s]\r  0%|          | 65.5k/2.64G [00:00\u003c1:29:42, 491kB/s]\n"}
,{"stream_name":"stderr","time":87.849666892,"data":"\r  0%|          | 65.5k/2.64G [00:00\u003c1:29:42, 491kB/s]\r  0%|          | 197k/2.64G [00:00\u003c57:15, 769kB/s]   \n"}
,{"stream_name":"stderr","time":87.986611858,"data":"\r  0%|          | 197k/2.64G [00:00\u003c57:15, 769kB/s]   \r  0%|          | 426k/2.64G [00:00\u003c37:07, 1.19MB/s]\n"}
,{"stream_name":"stderr","time":88.123116272,"data":"\r  0%|          | 426k/2.64G [00:00\u003c37:07, 1.19MB/s]\r  0%|          | 688k/2.64G [00:00\u003c29:49, 1.48MB/s]\n"}
,{"stream_name":"stderr","time":88.259920596,"data":"\r  0%|          | 688k/2.64G [00:00\u003c29:49, 1.48MB/s]\r  0%|          | 1.02M/2.64G [00:00\u003c24:19, 1.81MB/s]\n"}
,{"stream_name":"stderr","time":88.396681616,"data":"\r  0%|          | 1.02M/2.64G [00:00\u003c24:19, 1.81MB/s]\r  0%|          | 1.41M/2.64G [00:00\u003c20:15, 2.17MB/s]\n"}
,{"stream_name":"stderr","time":88.533446918,"data":"\r  0%|          | 1.41M/2.64G [00:00\u003c20:15, 2.17MB/s]\r  0%|          | 1.90M/2.64G [00:00\u003c16:40, 2.64MB/s]\n"}
,{"stream_name":"stderr","time":88.670436226,"data":"\r  0%|          | 1.90M/2.64G [00:00\u003c16:40, 2.64MB/s]\r  0%|          | 2.49M/2.64G [00:01\u003c13:52, 3.17MB/s]\n"}
,{"stream_name":"stderr","time":88.807341789,"data":"\r  0%|          | 2.49M/2.64G [00:01\u003c13:52, 3.17MB/s]\r  0%|          | 3.21M/2.64G [00:01\u003c11:29, 3.83MB/s]\n"}
,{"stream_name":"stderr","time":88.943721186,"data":"\r  0%|          | 3.21M/2.64G [00:01\u003c11:29, 3.83MB/s]\r  0%|          | 4.06M/2.64G [00:01\u003c09:36, 4.57MB/s]\n"}
,{"stream_name":"stderr","time":89.080475654,"data":"\r  0%|          | 4.06M/2.64G [00:01\u003c09:36, 4.57MB/s]\r  0%|          | 5.05M/2.64G [00:01\u003c08:10, 5.37MB/s]\n"}
,{"stream_name":"stderr","time":89.217321269,"data":"\r  0%|          | 5.05M/2.64G [00:01\u003c08:10, 5.37MB/s]\r  0%|          | 6.23M/2.64G [00:01\u003c06:54, 6.36MB/s]\n"}
,{"stream_name":"stderr","time":89.354219337,"data":"\r  0%|          | 6.23M/2.64G [00:01\u003c06:54, 6.36MB/s]\r  0%|          | 7.63M/2.64G [00:01\u003c05:48, 7.55MB/s]\n"}
,{"stream_name":"stderr","time":89.491213839,"data":"\r  0%|          | 7.63M/2.64G [00:01\u003c05:48, 7.55MB/s]\r  0%|          | 9.24M/2.64G [00:01\u003c04:58, 8.82MB/s]\n"}
,{"stream_name":"stderr","time":89.627825374,"data":"\r  0%|          | 9.24M/2.64G [00:01\u003c04:58, 8.82MB/s]\r  0%|          | 11.1M/2.64G [00:02\u003c04:15, 10.3MB/s]\n"}
,{"stream_name":"stderr","time":89.764881417,"data":"\r  0%|          | 11.1M/2.64G [00:02\u003c04:15, 10.3MB/s]\r  1%|          | 13.3M/2.64G [00:02\u003c03:38, 12.0MB/s]\n"}
,{"stream_name":"stderr","time":89.90173835,"data":"\r  1%|          | 13.3M/2.64G [00:02\u003c03:38, 12.0MB/s]\r  1%|          | 15.8M/2.64G [00:02\u003c03:08, 13.9MB/s]\n"}
,{"stream_name":"stderr","time":90.038393726,"data":"\r  1%|          | 15.8M/2.64G [00:02\u003c03:08, 13.9MB/s]\r  1%|          | 18.7M/2.64G [00:02\u003c02:42, 16.2MB/s]\n"}
,{"stream_name":"stderr","time":90.179584996,"data":"\r  1%|          | 18.7M/2.64G [00:02\u003c02:42, 16.2MB/s]\r  1%|          | 21.9M/2.64G [00:02\u003c02:24, 18.1MB/s]\n"}
,{"stream_name":"stderr","time":90.313302109,"data":"\r  1%|          | 21.9M/2.64G [00:02\u003c02:24, 18.1MB/s]\r  1%|          | 24.9M/2.64G [00:02\u003c02:14, 19.4MB/s]\n"}
,{"stream_name":"stderr","time":90.449922802,"data":"\r  1%|          | 24.9M/2.64G [00:02\u003c02:14, 19.4MB/s]\r  1%|          | 27.6M/2.64G [00:02\u003c02:14, 19.4MB/s]\n"}
,{"stream_name":"stderr","time":90.587080942,"data":"\r  1%|          | 27.6M/2.64G [00:02\u003c02:14, 19.4MB/s]\r  1%|          | 30.3M/2.64G [00:03\u003c02:14, 19.5MB/s]\n"}
,{"stream_name":"stderr","time":90.723931873,"data":"\r  1%|          | 30.3M/2.64G [00:03\u003c02:14, 19.5MB/s]\r  1%|▏         | 33.0M/2.64G [00:03\u003c02:12, 19.7MB/s]\n"}
,{"stream_name":"stderr","time":90.860775269,"data":"\r  1%|▏         | 33.0M/2.64G [00:03\u003c02:12, 19.7MB/s]\r  1%|▏         | 35.8M/2.64G [00:03\u003c02:11, 19.9MB/s]\n"}
,{"stream_name":"stderr","time":90.998044613,"data":"\r  1%|▏         | 35.8M/2.64G [00:03\u003c02:11, 19.9MB/s]\r  1%|▏         | 38.6M/2.64G [00:03\u003c02:09, 20.1MB/s]\n"}
,{"stream_name":"stderr","time":91.135607113,"data":"\r  1%|▏         | 38.6M/2.64G [00:03\u003c02:09, 20.1MB/s]\r  2%|▏         | 41.5M/2.64G [00:03\u003c02:07, 20.4MB/s]\n"}
,{"stream_name":"stderr","time":91.272429354,"data":"\r  2%|▏         | 41.5M/2.64G [00:03\u003c02:07, 20.4MB/s]\r  2%|▏         | 44.4M/2.64G [00:03\u003c02:05, 20.6MB/s]\n"}
,{"stream_name":"stderr","time":91.410320501,"data":"\r  2%|▏         | 44.4M/2.64G [00:03\u003c02:05, 20.6MB/s]\r  2%|▏         | 47.4M/2.64G [00:03\u003c02:03, 21.0MB/s]\n"}
,{"stream_name":"stderr","time":91.547178735,"data":"\r  2%|▏         | 47.4M/2.64G [00:03\u003c02:03, 21.0MB/s]\r  2%|▏         | 50.5M/2.64G [00:03\u003c02:01, 21.3MB/s]\n"}
,{"stream_name":"stderr","time":91.685532726,"data":"\r  2%|▏         | 50.5M/2.64G [00:03\u003c02:01, 21.3MB/s]\r  2%|▏         | 53.1M/2.64G [00:04\u003c02:05, 20.7MB/s]\n"}
,{"stream_name":"stderr","time":91.823306627,"data":"\r  2%|▏         | 53.1M/2.64G [00:04\u003c02:05, 20.7MB/s]\r  2%|▏         | 55.3M/2.64G [00:04\u003c02:14, 19.2MB/s]\n"}
,{"stream_name":"stderr","time":91.959753212,"data":"\r  2%|▏         | 55.3M/2.64G [00:04\u003c02:14, 19.2MB/s]\r  2%|▏         | 57.5M/2.64G [00:04\u003c02:21, 18.3MB/s]\n"}
,{"stream_name":"stderr","time":92.09579804,"data":"\r  2%|▏         | 57.5M/2.64G [00:04\u003c02:21, 18.3MB/s]\r  2%|▏         | 59.7M/2.64G [00:04\u003c02:26, 17.6MB/s]\n"}
,{"stream_name":"stderr","time":92.233655415,"data":"\r  2%|▏         | 59.7M/2.64G [00:04\u003c02:26, 17.6MB/s]\r  2%|▏         | 61.9M/2.64G [00:04\u003c02:29, 17.2MB/s]\n"}
,{"stream_name":"stderr","time":92.370701539,"data":"\r  2%|▏         | 61.9M/2.64G [00:04\u003c02:29, 17.2MB/s]\r  2%|▏         | 64.2M/2.64G [00:04\u003c02:31, 17.0MB/s]\n"}
,{"stream_name":"stderr","time":92.507616901,"data":"\r  2%|▏         | 64.2M/2.64G [00:04\u003c02:31, 17.0MB/s]\r  3%|▎         | 66.5M/2.64G [00:04\u003c02:31, 16.9MB/s]\n"}
,{"stream_name":"stderr","time":92.644404731,"data":"\r  3%|▎         | 66.5M/2.64G [00:04\u003c02:31, 16.9MB/s]\r  3%|▎         | 68.8M/2.64G [00:05\u003c02:32, 16.9MB/s]\n"}
,{"stream_name":"stderr","time":92.781621391,"data":"\r  3%|▎         | 68.8M/2.64G [00:05\u003c02:32, 16.9MB/s]\r  3%|▎         | 71.1M/2.64G [00:05\u003c02:31, 17.0MB/s]\n"}
,{"stream_name":"stderr","time":92.918347773,"data":"\r  3%|▎         | 71.1M/2.64G [00:05\u003c02:31, 17.0MB/s]\r  3%|▎         | 73.5M/2.64G [00:05\u003c02:31, 17.0MB/s]\n"}
,{"stream_name":"stderr","time":93.055291031,"data":"\r  3%|▎         | 73.5M/2.64G [00:05\u003c02:31, 17.0MB/s]\r  3%|▎         | 75.9M/2.64G [00:05\u003c02:29, 17.1MB/s]\n"}
,{"stream_name":"stderr","time":93.192078827,"data":"\r  3%|▎         | 75.9M/2.64G [00:05\u003c02:29, 17.1MB/s]\r  3%|▎         | 78.2M/2.64G [00:05\u003c02:28, 17.2MB/s]\n"}
,{"stream_name":"stderr","time":93.328765145,"data":"\r  3%|▎         | 78.2M/2.64G [00:05\u003c02:28, 17.2MB/s]\r  3%|▎         | 80.6M/2.64G [00:05\u003c02:27, 17.3MB/s]\n"}
,{"stream_name":"stderr","time":93.464608065,"data":"\r  3%|▎         | 80.6M/2.64G [00:05\u003c02:27, 17.3MB/s]\r  3%|▎         | 83.1M/2.64G [00:05\u003c02:26, 17.4MB/s]\n"}
,{"stream_name":"stderr","time":93.601852671,"data":"\r  3%|▎         | 83.1M/2.64G [00:05\u003c02:26, 17.4MB/s]\r  3%|▎         | 85.5M/2.64G [00:06\u003c02:25, 17.6MB/s]\n"}
,{"stream_name":"stderr","time":93.739340177,"data":"\r  3%|▎         | 85.5M/2.64G [00:06\u003c02:25, 17.6MB/s]\r  3%|▎         | 88.0M/2.64G [00:06\u003c02:24, 17.7MB/s]\n"}
,{"stream_name":"stderr","time":93.875377078,"data":"\r  3%|▎         | 88.0M/2.64G [00:06\u003c02:24, 17.7MB/s]\r  3%|▎         | 90.4M/2.64G [00:06\u003c02:23, 17.7MB/s]\n"}
,{"stream_name":"stderr","time":94.013315911,"data":"\r  3%|▎         | 90.4M/2.64G [00:06\u003c02:23, 17.7MB/s]\r  4%|▎         | 92.9M/2.64G [00:06\u003c02:22, 17.9MB/s]\n"}
,{"stream_name":"stderr","time":94.149252479,"data":"\r  4%|▎         | 92.9M/2.64G [00:06\u003c02:22, 17.9MB/s]\r  4%|▎         | 95.4M/2.64G [00:06\u003c02:21, 18.0MB/s]\n"}
,{"stream_name":"stderr","time":94.285954171,"data":"\r  4%|▎         | 95.4M/2.64G [00:06\u003c02:21, 18.0MB/s]\r  4%|▎         | 97.9M/2.64G [00:06\u003c02:20, 18.1MB/s]\n"}
,{"stream_name":"stderr","time":94.423623607,"data":"\r  4%|▎         | 97.9M/2.64G [00:06\u003c02:20, 18.1MB/s]\r  4%|▍         | 100M/2.64G [00:06\u003c02:19, 18.2MB/s] \n"}
,{"stream_name":"stderr","time":94.560084812,"data":"\r  4%|▍         | 100M/2.64G [00:06\u003c02:19, 18.2MB/s] \r  4%|▍         | 103M/2.64G [00:06\u003c02:19, 18.2MB/s]\n"}
,{"stream_name":"stderr","time":94.697128407,"data":"\r  4%|▍         | 103M/2.64G [00:06\u003c02:19, 18.2MB/s]\r  4%|▍         | 106M/2.64G [00:07\u003c02:18, 18.4MB/s]\n"}
,{"stream_name":"stderr","time":94.834060078,"data":"\r  4%|▍         | 106M/2.64G [00:07\u003c02:18, 18.4MB/s]\r  4%|▍         | 108M/2.64G [00:07\u003c02:17, 18.5MB/s]\n"}
,{"stream_name":"stderr","time":94.970727186,"data":"\r  4%|▍         | 108M/2.64G [00:07\u003c02:17, 18.5MB/s]\r  4%|▍         | 111M/2.64G [00:07\u003c02:17, 18.5MB/s]\n"}
,{"stream_name":"stderr","time":95.107426356,"data":"\r  4%|▍         | 111M/2.64G [00:07\u003c02:17, 18.5MB/s]\r  4%|▍         | 113M/2.64G [00:07\u003c02:16, 18.5MB/s]\n"}
,{"stream_name":"stderr","time":95.244626786,"data":"\r  4%|▍         | 113M/2.64G [00:07\u003c02:16, 18.5MB/s]\r  4%|▍         | 116M/2.64G [00:07\u003c02:15, 18.6MB/s]\n"}
,{"stream_name":"stderr","time":95.381597727,"data":"\r  4%|▍         | 116M/2.64G [00:07\u003c02:15, 18.6MB/s]\r  4%|▍         | 118M/2.64G [00:07\u003c02:15, 18.6MB/s]\n"}
,{"stream_name":"stderr","time":95.519563835,"data":"\r  4%|▍         | 118M/2.64G [00:07\u003c02:15, 18.6MB/s]\r  5%|▍         | 121M/2.64G [00:07\u003c02:15, 18.7MB/s]\n"}
,{"stream_name":"stderr","time":95.656246862,"data":"\r  5%|▍         | 121M/2.64G [00:07\u003c02:15, 18.7MB/s]\r  5%|▍         | 123M/2.64G [00:08\u003c02:14, 18.8MB/s]\n"}
,{"stream_name":"stderr","time":95.792715202,"data":"\r  5%|▍         | 123M/2.64G [00:08\u003c02:14, 18.8MB/s]\r  5%|▍         | 126M/2.64G [00:08\u003c02:13, 18.8MB/s]\n"}
,{"stream_name":"stderr","time":95.930697361,"data":"\r  5%|▍         | 126M/2.64G [00:08\u003c02:13, 18.8MB/s]\r  5%|▍         | 129M/2.64G [00:08\u003c02:13, 18.9MB/s]\n"}
,{"stream_name":"stderr","time":96.066665362,"data":"\r  5%|▍         | 129M/2.64G [00:08\u003c02:13, 18.9MB/s]\r  5%|▍         | 131M/2.64G [00:08\u003c02:12, 18.9MB/s]\n"}
,{"stream_name":"stderr","time":96.204630142,"data":"\r  5%|▍         | 131M/2.64G [00:08\u003c02:12, 18.9MB/s]\r  5%|▌         | 134M/2.64G [00:08\u003c02:12, 18.9MB/s]\n"}
,{"stream_name":"stderr","time":96.341299644,"data":"\r  5%|▌         | 134M/2.64G [00:08\u003c02:12, 18.9MB/s]\r  5%|▌         | 136M/2.64G [00:08\u003c02:12, 19.0MB/s]\n"}
,{"stream_name":"stderr","time":96.47811499,"data":"\r  5%|▌         | 136M/2.64G [00:08\u003c02:12, 19.0MB/s]\r  5%|▌         | 139M/2.64G [00:08\u003c02:11, 19.0MB/s]\n"}
,{"stream_name":"stderr","time":96.615917484,"data":"\r  5%|▌         | 139M/2.64G [00:08\u003c02:11, 19.0MB/s]\r  5%|▌         | 142M/2.64G [00:09\u003c02:11, 18.9MB/s]\n"}
,{"stream_name":"stderr","time":96.754659181,"data":"\r  5%|▌         | 142M/2.64G [00:09\u003c02:11, 18.9MB/s]\r  5%|▌         | 144M/2.64G [00:09\u003c02:23, 17.4MB/s]\n"}
,{"stream_name":"stderr","time":96.890871401,"data":"\r  5%|▌         | 144M/2.64G [00:09\u003c02:23, 17.4MB/s]\r  6%|▌         | 146M/2.64G [00:09\u003c02:22, 17.5MB/s]\n"}
,{"stream_name":"stderr","time":97.028088916,"data":"\r  6%|▌         | 146M/2.64G [00:09\u003c02:22, 17.5MB/s]\r  6%|▌         | 148M/2.64G [00:09\u003c02:32, 16.3MB/s]\n"}
,{"stream_name":"stderr","time":97.165203354,"data":"\r  6%|▌         | 148M/2.64G [00:09\u003c02:32, 16.3MB/s]\r  6%|▌         | 150M/2.64G [00:09\u003c02:39, 15.6MB/s]\n"}
,{"stream_name":"stderr","time":97.302269079,"data":"\r  6%|▌         | 150M/2.64G [00:09\u003c02:39, 15.6MB/s]\r  6%|▌         | 152M/2.64G [00:09\u003c02:44, 15.2MB/s]\n"}
,{"stream_name":"stderr","time":97.43937651,"data":"\r  6%|▌         | 152M/2.64G [00:09\u003c02:44, 15.2MB/s]\r  6%|▌         | 154M/2.64G [00:09\u003c02:46, 14.9MB/s]\n"}
,{"stream_name":"stderr","time":97.573987603,"data":"\r  6%|▌         | 154M/2.64G [00:09\u003c02:46, 14.9MB/s]\r  6%|▌         | 156M/2.64G [00:09\u003c02:46, 14.9MB/s]\n"}
,{"stream_name":"stderr","time":97.71179433,"data":"\r  6%|▌         | 156M/2.64G [00:09\u003c02:46, 14.9MB/s]\r  6%|▌         | 158M/2.64G [00:10\u003c02:46, 14.9MB/s]\n"}
,{"stream_name":"stderr","time":97.848662175,"data":"\r  6%|▌         | 158M/2.64G [00:10\u003c02:46, 14.9MB/s]\r  6%|▌         | 160M/2.64G [00:10\u003c02:45, 15.0MB/s]\n"}
,{"stream_name":"stderr","time":97.985460652,"data":"\r  6%|▌         | 160M/2.64G [00:10\u003c02:45, 15.0MB/s]\r  6%|▌         | 162M/2.64G [00:10\u003c02:44, 15.1MB/s]\n"}
,{"stream_name":"stderr","time":98.12173812,"data":"\r  6%|▌         | 162M/2.64G [00:10\u003c02:44, 15.1MB/s]\r  6%|▌         | 164M/2.64G [00:10\u003c02:41, 15.3MB/s]\n"}
,{"stream_name":"stderr","time":98.259155103,"data":"\r  6%|▌         | 164M/2.64G [00:10\u003c02:41, 15.3MB/s]\r  6%|▋         | 166M/2.64G [00:10\u003c02:40, 15.4MB/s]\n"}
,{"stream_name":"stderr","time":98.396098792,"data":"\r  6%|▋         | 166M/2.64G [00:10\u003c02:40, 15.4MB/s]\r  6%|▋         | 168M/2.64G [00:10\u003c02:38, 15.6MB/s]\n"}
,{"stream_name":"stderr","time":98.53307913,"data":"\r  6%|▋         | 168M/2.64G [00:10\u003c02:38, 15.6MB/s]\r  6%|▋         | 171M/2.64G [00:10\u003c02:36, 15.7MB/s]\n"}
,{"stream_name":"stderr","time":98.670111219,"data":"\r  6%|▋         | 171M/2.64G [00:10\u003c02:36, 15.7MB/s]\r  7%|▋         | 173M/2.64G [00:11\u003c02:34, 16.0MB/s]\n"}
,{"stream_name":"stderr","time":98.807059833,"data":"\r  7%|▋         | 173M/2.64G [00:11\u003c02:34, 16.0MB/s]\r  7%|▋         | 175M/2.64G [00:11\u003c02:32, 16.1MB/s]\n"}
,{"stream_name":"stderr","time":98.943943517,"data":"\r  7%|▋         | 175M/2.64G [00:11\u003c02:32, 16.1MB/s]\r  7%|▋         | 177M/2.64G [00:11\u003c02:30, 16.3MB/s]\n"}
,{"stream_name":"stderr","time":99.080716991,"data":"\r  7%|▋         | 177M/2.64G [00:11\u003c02:30, 16.3MB/s]\r  7%|▋         | 180M/2.64G [00:11\u003c02:28, 16.5MB/s]\n"}
,{"stream_name":"stderr","time":99.21742773,"data":"\r  7%|▋         | 180M/2.64G [00:11\u003c02:28, 16.5MB/s]\r  7%|▋         | 182M/2.64G [00:11\u003c02:27, 16.7MB/s]\n"}
,{"stream_name":"stderr","time":99.354074258,"data":"\r  7%|▋         | 182M/2.64G [00:11\u003c02:27, 16.7MB/s]\r  7%|▋         | 184M/2.64G [00:11\u003c02:25, 16.8MB/s]\n"}
,{"stream_name":"stderr","time":99.491151037,"data":"\r  7%|▋         | 184M/2.64G [00:11\u003c02:25, 16.8MB/s]\r  7%|▋         | 187M/2.64G [00:11\u003c02:23, 17.1MB/s]\n"}
,{"stream_name":"stderr","time":99.627088665,"data":"\r  7%|▋         | 187M/2.64G [00:11\u003c02:23, 17.1MB/s]\r  7%|▋         | 189M/2.64G [00:12\u003c02:23, 17.1MB/s]\n"}
,{"stream_name":"stderr","time":99.764916401,"data":"\r  7%|▋         | 189M/2.64G [00:12\u003c02:23, 17.1MB/s]\r  7%|▋         | 192M/2.64G [00:12\u003c02:21, 17.3MB/s]\n"}
,{"stream_name":"stderr","time":99.900926961,"data":"\r  7%|▋         | 192M/2.64G [00:12\u003c02:21, 17.3MB/s]\r  7%|▋         | 194M/2.64G [00:12\u003c02:20, 17.4MB/s]\n"}
,{"stream_name":"stderr","time":100.03821273,"data":"\r  7%|▋         | 194M/2.64G [00:12\u003c02:20, 17.4MB/s]\r  7%|▋         | 196M/2.64G [00:12\u003c02:18, 17.6MB/s]\n"}
,{"stream_name":"stderr","time":100.174664606,"data":"\r  7%|▋         | 196M/2.64G [00:12\u003c02:18, 17.6MB/s]\r  8%|▊         | 199M/2.64G [00:12\u003c02:18, 17.6MB/s]\n"}
,{"stream_name":"stderr","time":100.311517606,"data":"\r  8%|▊         | 199M/2.64G [00:12\u003c02:18, 17.6MB/s]\r  8%|▊         | 201M/2.64G [00:12\u003c02:17, 17.8MB/s]\n"}
,{"stream_name":"stderr","time":100.447541863,"data":"\r  8%|▊         | 201M/2.64G [00:12\u003c02:17, 17.8MB/s]\r  8%|▊         | 204M/2.64G [00:12\u003c02:15, 17.9MB/s]\n"}
,{"stream_name":"stderr","time":100.584265403,"data":"\r  8%|▊         | 204M/2.64G [00:12\u003c02:15, 17.9MB/s]\r  8%|▊         | 206M/2.64G [00:13\u003c02:15, 18.0MB/s]\n"}
,{"stream_name":"stderr","time":100.722950701,"data":"\r  8%|▊         | 206M/2.64G [00:13\u003c02:15, 18.0MB/s]\r  8%|▊         | 209M/2.64G [00:13\u003c02:14, 18.1MB/s]\n"}
,{"stream_name":"stderr","time":100.859409234,"data":"\r  8%|▊         | 209M/2.64G [00:13\u003c02:14, 18.1MB/s]\r  8%|▊         | 211M/2.64G [00:13\u003c02:13, 18.2MB/s]\n"}
,{"stream_name":"stderr","time":100.996511563,"data":"\r  8%|▊         | 211M/2.64G [00:13\u003c02:13, 18.2MB/s]\r  8%|▊         | 214M/2.64G [00:13\u003c02:13, 18.2MB/s]\n"}
,{"stream_name":"stderr","time":101.132427331,"data":"\r  8%|▊         | 214M/2.64G [00:13\u003c02:13, 18.2MB/s]\r  8%|▊         | 216M/2.64G [00:13\u003c02:11, 18.4MB/s]\n"}
,{"stream_name":"stderr","time":101.269234472,"data":"\r  8%|▊         | 216M/2.64G [00:13\u003c02:11, 18.4MB/s]\r  8%|▊         | 219M/2.64G [00:13\u003c02:11, 18.5MB/s]\n"}
,{"stream_name":"stderr","time":101.406321406,"data":"\r  8%|▊         | 219M/2.64G [00:13\u003c02:11, 18.5MB/s]\r  8%|▊         | 222M/2.64G [00:13\u003c02:10, 18.5MB/s]\n"}
,{"stream_name":"stderr","time":101.542623699,"data":"\r  8%|▊         | 222M/2.64G [00:13\u003c02:10, 18.5MB/s]\r  8%|▊         | 224M/2.64G [00:13\u003c02:10, 18.6MB/s]\n"}
,{"stream_name":"stderr","time":101.679459059,"data":"\r  8%|▊         | 224M/2.64G [00:13\u003c02:10, 18.6MB/s]\r  9%|▊         | 227M/2.64G [00:14\u003c02:09, 18.6MB/s]\n"}
,{"stream_name":"stderr","time":101.816964612,"data":"\r  9%|▊         | 227M/2.64G [00:14\u003c02:09, 18.6MB/s]\r  9%|▊         | 229M/2.64G [00:14\u003c02:09, 18.7MB/s]\n"}
,{"stream_name":"stderr","time":101.953950836,"data":"\r  9%|▊         | 229M/2.64G [00:14\u003c02:09, 18.7MB/s]\r  9%|▉         | 232M/2.64G [00:14\u003c02:08, 18.7MB/s]\n"}
,{"stream_name":"stderr","time":102.089994292,"data":"\r  9%|▉         | 232M/2.64G [00:14\u003c02:08, 18.7MB/s]\r  9%|▉         | 234M/2.64G [00:14\u003c02:08, 18.8MB/s]\n"}
,{"stream_name":"stderr","time":102.226135741,"data":"\r  9%|▉         | 234M/2.64G [00:14\u003c02:08, 18.8MB/s]\r  9%|▉         | 237M/2.64G [00:14\u003c02:07, 18.8MB/s]\n"}
,{"stream_name":"stderr","time":102.36346681,"data":"\r  9%|▉         | 237M/2.64G [00:14\u003c02:07, 18.8MB/s]\r  9%|▉         | 240M/2.64G [00:14\u003c02:07, 18.9MB/s]\n"}
,{"stream_name":"stderr","time":102.502175967,"data":"\r  9%|▉         | 240M/2.64G [00:14\u003c02:07, 18.9MB/s]\r  9%|▉         | 242M/2.64G [00:14\u003c02:07, 18.9MB/s]\n"}
,{"stream_name":"stderr","time":102.636138568,"data":"\r  9%|▉         | 242M/2.64G [00:14\u003c02:07, 18.9MB/s]\r  9%|▉         | 245M/2.64G [00:15\u003c02:06, 19.0MB/s]\n"}
,{"stream_name":"stderr","time":102.773222746,"data":"\r  9%|▉         | 245M/2.64G [00:15\u003c02:06, 19.0MB/s]\r  9%|▉         | 247M/2.64G [00:15\u003c02:06, 18.9MB/s]\n"}
,{"stream_name":"stderr","time":102.911185255,"data":"\r  9%|▉         | 247M/2.64G [00:15\u003c02:06, 18.9MB/s]\r  9%|▉         | 250M/2.64G [00:15\u003c02:05, 19.0MB/s]\n"}
,{"stream_name":"stderr","time":103.047745894,"data":"\r  9%|▉         | 250M/2.64G [00:15\u003c02:05, 19.0MB/s]\r 10%|▉         | 253M/2.64G [00:15\u003c02:05, 19.0MB/s]\n"}
,{"stream_name":"stderr","time":103.183638243,"data":"\r 10%|▉         | 253M/2.64G [00:15\u003c02:05, 19.0MB/s]\r 10%|▉         | 255M/2.64G [00:15\u003c02:05, 19.0MB/s]\n"}
,{"stream_name":"stderr","time":103.320223765,"data":"\r 10%|▉         | 255M/2.64G [00:15\u003c02:05, 19.0MB/s]\r 10%|▉         | 258M/2.64G [00:15\u003c02:05, 19.0MB/s]\n"}
,{"stream_name":"stderr","time":103.458293315,"data":"\r 10%|▉         | 258M/2.64G [00:15\u003c02:05, 19.0MB/s]\r 10%|▉         | 260M/2.64G [00:15\u003c02:05, 19.0MB/s]\n"}
,{"stream_name":"stderr","time":103.593547845,"data":"\r 10%|▉         | 260M/2.64G [00:15\u003c02:05, 19.0MB/s]\r 10%|▉         | 263M/2.64G [00:16\u003c02:05, 19.0MB/s]\n"}
,{"stream_name":"stderr","time":103.730031129,"data":"\r 10%|▉         | 263M/2.64G [00:16\u003c02:05, 19.0MB/s]\r 10%|█         | 266M/2.64G [00:16\u003c02:05, 19.0MB/s]\n"}
,{"stream_name":"stderr","time":103.86795227,"data":"\r 10%|█         | 266M/2.64G [00:16\u003c02:05, 19.0MB/s]\r 10%|█         | 268M/2.64G [00:16\u003c02:04, 19.0MB/s]\n"}
,{"stream_name":"stderr","time":104.00514425,"data":"\r 10%|█         | 268M/2.64G [00:16\u003c02:04, 19.0MB/s]\r 10%|█         | 271M/2.64G [00:16\u003c02:04, 19.0MB/s]\n"}
,{"stream_name":"stderr","time":104.140936518,"data":"\r 10%|█         | 271M/2.64G [00:16\u003c02:04, 19.0MB/s]\r 10%|█         | 273M/2.64G [00:16\u003c02:04, 19.0MB/s]\n"}
,{"stream_name":"stderr","time":104.277889016,"data":"\r 10%|█         | 273M/2.64G [00:16\u003c02:04, 19.0MB/s]\r 10%|█         | 276M/2.64G [00:16\u003c02:04, 19.0MB/s]\n"}
,{"stream_name":"stderr","time":104.415364702,"data":"\r 10%|█         | 276M/2.64G [00:16\u003c02:04, 19.0MB/s]\r 11%|█         | 279M/2.64G [00:16\u003c02:04, 19.0MB/s]\n"}
,{"stream_name":"stderr","time":104.551931258,"data":"\r 11%|█         | 279M/2.64G [00:16\u003c02:04, 19.0MB/s]\r 11%|█         | 281M/2.64G [00:16\u003c02:04, 19.0MB/s]\n"}
,{"stream_name":"stderr","time":104.687939997,"data":"\r 11%|█         | 281M/2.64G [00:16\u003c02:04, 19.0MB/s]\r 11%|█         | 284M/2.64G [00:17\u003c02:04, 19.0MB/s]\n"}
,{"stream_name":"stderr","time":104.824046443,"data":"\r 11%|█         | 284M/2.64G [00:17\u003c02:04, 19.0MB/s]\r 11%|█         | 286M/2.64G [00:17\u003c02:03, 19.0MB/s]\n"}
,{"stream_name":"stderr","time":104.962566614,"data":"\r 11%|█         | 286M/2.64G [00:17\u003c02:03, 19.0MB/s]\r 11%|█         | 289M/2.64G [00:17\u003c02:03, 19.0MB/s]\n"}
,{"stream_name":"stderr","time":105.097808496,"data":"\r 11%|█         | 289M/2.64G [00:17\u003c02:03, 19.0MB/s]\r 11%|█         | 292M/2.64G [00:17\u003c02:03, 19.0MB/s]\n"}
,{"stream_name":"stderr","time":105.234629777,"data":"\r 11%|█         | 292M/2.64G [00:17\u003c02:03, 19.0MB/s]\r 11%|█         | 294M/2.64G [00:17\u003c02:03, 19.0MB/s]\n"}
,{"stream_name":"stderr","time":105.371985493,"data":"\r 11%|█         | 294M/2.64G [00:17\u003c02:03, 19.0MB/s]\r 11%|█         | 297M/2.64G [00:17\u003c02:03, 19.0MB/s]\n"}
,{"stream_name":"stderr","time":105.509343369,"data":"\r 11%|█         | 297M/2.64G [00:17\u003c02:03, 19.0MB/s]\r 11%|█▏        | 299M/2.64G [00:17\u003c02:03, 19.0MB/s]\n"}
,{"stream_name":"stderr","time":105.645859607,"data":"\r 11%|█▏        | 299M/2.64G [00:17\u003c02:03, 19.0MB/s]\r 11%|█▏        | 302M/2.64G [00:18\u003c02:03, 19.0MB/s]\n"}
,{"stream_name":"stderr","time":105.78255089,"data":"\r 11%|█▏        | 302M/2.64G [00:18\u003c02:03, 19.0MB/s]\r 12%|█▏        | 305M/2.64G [00:18\u003c02:03, 19.0MB/s]\n"}
,{"stream_name":"stderr","time":105.920759314,"data":"\r 12%|█▏        | 305M/2.64G [00:18\u003c02:03, 19.0MB/s]\r 12%|█▏        | 307M/2.64G [00:18\u003c02:02, 19.0MB/s]\n"}
,{"stream_name":"stderr","time":106.057500723,"data":"\r 12%|█▏        | 307M/2.64G [00:18\u003c02:02, 19.0MB/s]\r 12%|█▏        | 310M/2.64G [00:18\u003c02:02, 19.0MB/s]\n"}
,{"stream_name":"stderr","time":106.194580023,"data":"\r 12%|█▏        | 310M/2.64G [00:18\u003c02:02, 19.0MB/s]\r 12%|█▏        | 312M/2.64G [00:18\u003c02:02, 18.9MB/s]\n"}
,{"stream_name":"stderr","time":106.331676133,"data":"\r 12%|█▏        | 312M/2.64G [00:18\u003c02:02, 18.9MB/s]\r 12%|█▏        | 315M/2.64G [00:18\u003c02:02, 18.9MB/s]\n"}
,{"stream_name":"stderr","time":106.467822716,"data":"\r 12%|█▏        | 315M/2.64G [00:18\u003c02:02, 18.9MB/s]\r 12%|█▏        | 318M/2.64G [00:18\u003c02:02, 19.0MB/s]\n"}
,{"stream_name":"stderr","time":106.606156119,"data":"\r 12%|█▏        | 318M/2.64G [00:18\u003c02:02, 19.0MB/s]\r 12%|█▏        | 320M/2.64G [00:19\u003c02:02, 18.9MB/s]\n"}
,{"stream_name":"stderr","time":106.742919904,"data":"\r 12%|█▏        | 320M/2.64G [00:19\u003c02:02, 18.9MB/s]\r 12%|█▏        | 323M/2.64G [00:19\u003c02:02, 18.9MB/s]\n"}
,{"stream_name":"stderr","time":106.880466036,"data":"\r 12%|█▏        | 323M/2.64G [00:19\u003c02:02, 18.9MB/s]\r 12%|█▏        | 325M/2.64G [00:19\u003c02:02, 19.0MB/s]\n"}
,{"stream_name":"stderr","time":107.016942098,"data":"\r 12%|█▏        | 325M/2.64G [00:19\u003c02:02, 19.0MB/s]\r 12%|█▏        | 328M/2.64G [00:19\u003c02:01, 19.0MB/s]\n"}
,{"stream_name":"stderr","time":107.153964584,"data":"\r 12%|█▏        | 328M/2.64G [00:19\u003c02:01, 19.0MB/s]\r 13%|█▎        | 331M/2.64G [00:19\u003c02:00, 19.1MB/s]\n"}
,{"stream_name":"stderr","time":107.290823555,"data":"\r 13%|█▎        | 331M/2.64G [00:19\u003c02:00, 19.1MB/s]\r 13%|█▎        | 333M/2.64G [00:19\u003c02:00, 19.2MB/s]\n"}
,{"stream_name":"stderr","time":107.427748547,"data":"\r 13%|█▎        | 333M/2.64G [00:19\u003c02:00, 19.2MB/s]\r 13%|█▎        | 336M/2.64G [00:19\u003c01:59, 19.2MB/s]\n"}
,{"stream_name":"stderr","time":107.564533718,"data":"\r 13%|█▎        | 336M/2.64G [00:19\u003c01:59, 19.2MB/s]\r 13%|█▎        | 339M/2.64G [00:19\u003c01:59, 19.3MB/s]\n"}
,{"stream_name":"stderr","time":107.701141326,"data":"\r 13%|█▎        | 339M/2.64G [00:19\u003c01:59, 19.3MB/s]\r 13%|█▎        | 341M/2.64G [00:20\u003c01:58, 19.3MB/s]\n"}
,{"stream_name":"stderr","time":107.837844111,"data":"\r 13%|█▎        | 341M/2.64G [00:20\u003c01:58, 19.3MB/s]\r 13%|█▎        | 344M/2.64G [00:20\u003c01:58, 19.4MB/s]\n"}
,{"stream_name":"stderr","time":107.974618854,"data":"\r 13%|█▎        | 344M/2.64G [00:20\u003c01:58, 19.4MB/s]\r 13%|█▎        | 347M/2.64G [00:20\u003c01:58, 19.4MB/s]\n"}
,{"stream_name":"stderr","time":108.111365211,"data":"\r 13%|█▎        | 347M/2.64G [00:20\u003c01:58, 19.4MB/s]\r 13%|█▎        | 349M/2.64G [00:20\u003c01:58, 19.4MB/s]\n"}
,{"stream_name":"stderr","time":108.248450884,"data":"\r 13%|█▎        | 349M/2.64G [00:20\u003c01:58, 19.4MB/s]\r 13%|█▎        | 352M/2.64G [00:20\u003c01:57, 19.5MB/s]\n"}
,{"stream_name":"stderr","time":108.385165051,"data":"\r 13%|█▎        | 352M/2.64G [00:20\u003c01:57, 19.5MB/s]\r 13%|█▎        | 355M/2.64G [00:20\u003c01:56, 19.6MB/s]\n"}
,{"stream_name":"stderr","time":108.522041016,"data":"\r 13%|█▎        | 355M/2.64G [00:20\u003c01:56, 19.6MB/s]\r 14%|█▎        | 357M/2.64G [00:20\u003c01:55, 19.7MB/s]\n"}
,{"stream_name":"stderr","time":108.658639165,"data":"\r 14%|█▎        | 357M/2.64G [00:20\u003c01:55, 19.7MB/s]\r 14%|█▎        | 360M/2.64G [00:21\u003c01:55, 19.7MB/s]\n"}
,{"stream_name":"stderr","time":108.796035238,"data":"\r 14%|█▎        | 360M/2.64G [00:21\u003c01:55, 19.7MB/s]\r 14%|█▎        | 363M/2.64G [00:21\u003c01:55, 19.7MB/s]\n"}
,{"stream_name":"stderr","time":108.932667983,"data":"\r 14%|█▎        | 363M/2.64G [00:21\u003c01:55, 19.7MB/s]\r 14%|█▍        | 365M/2.64G [00:21\u003c01:54, 19.9MB/s]\n"}
,{"stream_name":"stderr","time":109.069216438,"data":"\r 14%|█▍        | 365M/2.64G [00:21\u003c01:54, 19.9MB/s]\r 14%|█▍        | 368M/2.64G [00:21\u003c01:53, 20.0MB/s]\n"}
,{"stream_name":"stderr","time":109.206224799,"data":"\r 14%|█▍        | 368M/2.64G [00:21\u003c01:53, 20.0MB/s]\r 14%|█▍        | 371M/2.64G [00:21\u003c01:53, 20.0MB/s]\n"}
,{"stream_name":"stderr","time":109.343230731,"data":"\r 14%|█▍        | 371M/2.64G [00:21\u003c01:53, 20.0MB/s]\r 14%|█▍        | 374M/2.64G [00:21\u003c01:52, 20.1MB/s]\n"}
,{"stream_name":"stderr","time":109.480555334,"data":"\r 14%|█▍        | 374M/2.64G [00:21\u003c01:52, 20.1MB/s]\r 14%|█▍        | 377M/2.64G [00:21\u003c01:51, 20.2MB/s]\n"}
,{"stream_name":"stderr","time":109.615697765,"data":"\r 14%|█▍        | 377M/2.64G [00:21\u003c01:51, 20.2MB/s]\r 14%|█▍        | 379M/2.64G [00:22\u003c01:51, 20.3MB/s]\n"}
,{"stream_name":"stderr","time":109.752470555,"data":"\r 14%|█▍        | 379M/2.64G [00:22\u003c01:51, 20.3MB/s]\r 14%|█▍        | 382M/2.64G [00:22\u003c01:50, 20.5MB/s]\n"}
,{"stream_name":"stderr","time":109.890917449,"data":"\r 14%|█▍        | 382M/2.64G [00:22\u003c01:50, 20.5MB/s]\r 15%|█▍        | 385M/2.64G [00:22\u003c01:49, 20.6MB/s]\n"}
,{"stream_name":"stderr","time":110.027466193,"data":"\r 15%|█▍        | 385M/2.64G [00:22\u003c01:49, 20.6MB/s]\r 15%|█▍        | 388M/2.64G [00:22\u003c01:48, 20.7MB/s]\n"}
,{"stream_name":"stderr","time":110.162647605,"data":"\r 15%|█▍        | 388M/2.64G [00:22\u003c01:48, 20.7MB/s]\r 15%|█▍        | 391M/2.64G [00:22\u003c01:47, 20.9MB/s]\n"}
,{"stream_name":"stderr","time":110.300165888,"data":"\r 15%|█▍        | 391M/2.64G [00:22\u003c01:47, 20.9MB/s]\r 15%|█▍        | 394M/2.64G [00:22\u003c01:46, 21.0MB/s]\n"}
,{"stream_name":"stderr","time":110.438671163,"data":"\r 15%|█▍        | 394M/2.64G [00:22\u003c01:46, 21.0MB/s]\r 15%|█▌        | 397M/2.64G [00:22\u003c01:46, 21.1MB/s]\n"}
,{"stream_name":"stderr","time":110.576341273,"data":"\r 15%|█▌        | 397M/2.64G [00:22\u003c01:46, 21.1MB/s]\r 15%|█▌        | 400M/2.64G [00:22\u003c01:45, 21.3MB/s]\n"}
,{"stream_name":"stderr","time":110.712558114,"data":"\r 15%|█▌        | 400M/2.64G [00:22\u003c01:45, 21.3MB/s]\r 15%|█▌        | 403M/2.64G [00:23\u003c01:44, 21.5MB/s]\n"}
,{"stream_name":"stderr","time":110.847434389,"data":"\r 15%|█▌        | 403M/2.64G [00:23\u003c01:44, 21.5MB/s]\r 15%|█▌        | 406M/2.64G [00:23\u003c01:42, 21.7MB/s]\n"}
,{"stream_name":"stderr","time":110.984113638,"data":"\r 15%|█▌        | 406M/2.64G [00:23\u003c01:42, 21.7MB/s]\r 15%|█▌        | 409M/2.64G [00:23\u003c01:41, 21.9MB/s]\n"}
,{"stream_name":"stderr","time":111.12250061,"data":"\r 15%|█▌        | 409M/2.64G [00:23\u003c01:41, 21.9MB/s]\r 16%|█▌        | 412M/2.64G [00:23\u003c01:41, 22.0MB/s]\n"}
,{"stream_name":"stderr","time":111.259226359,"data":"\r 16%|█▌        | 412M/2.64G [00:23\u003c01:41, 22.0MB/s]\r 16%|█▌        | 415M/2.64G [00:23\u003c01:40, 22.2MB/s]\n"}
,{"stream_name":"stderr","time":111.397207683,"data":"\r 16%|█▌        | 415M/2.64G [00:23\u003c01:40, 22.2MB/s]\r 16%|█▌        | 418M/2.64G [00:23\u003c01:39, 22.4MB/s]\n"}
,{"stream_name":"stderr","time":111.532048564,"data":"\r 16%|█▌        | 418M/2.64G [00:23\u003c01:39, 22.4MB/s]\r 16%|█▌        | 421M/2.64G [00:23\u003c01:37, 22.7MB/s]\n"}
,{"stream_name":"stderr","time":111.669985583,"data":"\r 16%|█▌        | 421M/2.64G [00:23\u003c01:37, 22.7MB/s]\r 16%|█▌        | 425M/2.64G [00:24\u003c01:36, 22.9MB/s]\n"}
,{"stream_name":"stderr","time":111.806363166,"data":"\r 16%|█▌        | 425M/2.64G [00:24\u003c01:36, 22.9MB/s]\r 16%|█▌        | 428M/2.64G [00:24\u003c01:35, 23.2MB/s]\n"}
,{"stream_name":"stderr","time":111.942346571,"data":"\r 16%|█▌        | 428M/2.64G [00:24\u003c01:35, 23.2MB/s]\r 16%|█▋        | 431M/2.64G [00:24\u003c01:34, 23.4MB/s]\n"}
,{"stream_name":"stderr","time":112.079300801,"data":"\r 16%|█▋        | 431M/2.64G [00:24\u003c01:34, 23.4MB/s]\r 16%|█▋        | 434M/2.64G [00:24\u003c01:32, 23.7MB/s]\n"}
,{"stream_name":"stderr","time":112.215906253,"data":"\r 16%|█▋        | 434M/2.64G [00:24\u003c01:32, 23.7MB/s]\r 17%|█▋        | 438M/2.64G [00:24\u003c01:31, 23.9MB/s]\n"}
,{"stream_name":"stderr","time":112.35319774,"data":"\r 17%|█▋        | 438M/2.64G [00:24\u003c01:31, 23.9MB/s]\r 17%|█▋        | 441M/2.64G [00:24\u003c01:30, 24.2MB/s]\n"}
,{"stream_name":"stderr","time":112.489904277,"data":"\r 17%|█▋        | 441M/2.64G [00:24\u003c01:30, 24.2MB/s]\r 17%|█▋        | 445M/2.64G [00:24\u003c01:29, 24.5MB/s]\n"}
,{"stream_name":"stderr","time":112.627780415,"data":"\r 17%|█▋        | 445M/2.64G [00:24\u003c01:29, 24.5MB/s]\r 17%|█▋        | 448M/2.64G [00:25\u003c01:28, 24.8MB/s]\n"}
,{"stream_name":"stderr","time":112.763321815,"data":"\r 17%|█▋        | 448M/2.64G [00:25\u003c01:28, 24.8MB/s]\r 17%|█▋        | 452M/2.64G [00:25\u003c01:26, 25.2MB/s]\n"}
,{"stream_name":"stderr","time":112.899734495,"data":"\r 17%|█▋        | 452M/2.64G [00:25\u003c01:26, 25.2MB/s]\r 17%|█▋        | 455M/2.64G [00:25\u003c01:25, 25.5MB/s]\n"}
,{"stream_name":"stderr","time":113.036678101,"data":"\r 17%|█▋        | 455M/2.64G [00:25\u003c01:25, 25.5MB/s]\r 17%|█▋        | 459M/2.64G [00:25\u003c01:24, 25.9MB/s]\n"}
,{"stream_name":"stderr","time":113.173357357,"data":"\r 17%|█▋        | 459M/2.64G [00:25\u003c01:24, 25.9MB/s]\r 18%|█▊        | 463M/2.64G [00:25\u003c01:23, 26.2MB/s]\n"}
,{"stream_name":"stderr","time":113.310024288,"data":"\r 18%|█▊        | 463M/2.64G [00:25\u003c01:23, 26.2MB/s]\r 18%|█▊        | 466M/2.64G [00:25\u003c01:22, 26.5MB/s]\n"}
,{"stream_name":"stderr","time":113.447982508,"data":"\r 18%|█▊        | 466M/2.64G [00:25\u003c01:22, 26.5MB/s]\r 18%|█▊        | 470M/2.64G [00:25\u003c01:20, 26.8MB/s]\n"}
,{"stream_name":"stderr","time":113.5829354,"data":"\r 18%|█▊        | 470M/2.64G [00:25\u003c01:20, 26.8MB/s]\r 18%|█▊        | 474M/2.64G [00:26\u003c01:19, 27.3MB/s]\n"}
,{"stream_name":"stderr","time":113.719610515,"data":"\r 18%|█▊        | 474M/2.64G [00:26\u003c01:19, 27.3MB/s]\r 18%|█▊        | 478M/2.64G [00:26\u003c01:18, 27.6MB/s]\n"}
,{"stream_name":"stderr","time":113.85627849,"data":"\r 18%|█▊        | 478M/2.64G [00:26\u003c01:18, 27.6MB/s]\r 18%|█▊        | 482M/2.64G [00:26\u003c01:16, 28.1MB/s]\n"}
,{"stream_name":"stderr","time":113.993160082,"data":"\r 18%|█▊        | 482M/2.64G [00:26\u003c01:16, 28.1MB/s]\r 18%|█▊        | 486M/2.64G [00:26\u003c01:15, 28.5MB/s]\n"}
,{"stream_name":"stderr","time":114.129932793,"data":"\r 18%|█▊        | 486M/2.64G [00:26\u003c01:15, 28.5MB/s]\r 19%|█▊        | 490M/2.64G [00:26\u003c01:14, 28.9MB/s]\n"}
,{"stream_name":"stderr","time":114.267849976,"data":"\r 19%|█▊        | 490M/2.64G [00:26\u003c01:14, 28.9MB/s]\r 19%|█▊        | 494M/2.64G [00:26\u003c01:13, 29.3MB/s]\n"}
,{"stream_name":"stderr","time":114.405021024,"data":"\r 19%|█▊        | 494M/2.64G [00:26\u003c01:13, 29.3MB/s]\r 19%|█▉        | 498M/2.64G [00:26\u003c01:11, 29.8MB/s]\n"}
,{"stream_name":"stderr","time":114.542460285,"data":"\r 19%|█▉        | 498M/2.64G [00:26\u003c01:11, 29.8MB/s]\r 19%|█▉        | 503M/2.64G [00:26\u003c01:10, 30.2MB/s]\n"}
,{"stream_name":"stderr","time":114.679651818,"data":"\r 19%|█▉        | 503M/2.64G [00:26\u003c01:10, 30.2MB/s]\r 19%|█▉        | 507M/2.64G [00:27\u003c01:09, 30.7MB/s]\n"}
,{"stream_name":"stderr","time":114.816339732,"data":"\r 19%|█▉        | 507M/2.64G [00:27\u003c01:09, 30.7MB/s]\r 19%|█▉        | 511M/2.64G [00:27\u003c01:08, 31.3MB/s]\n"}
,{"stream_name":"stderr","time":114.953362562,"data":"\r 19%|█▉        | 511M/2.64G [00:27\u003c01:08, 31.3MB/s]\r 20%|█▉        | 516M/2.64G [00:27\u003c01:06, 31.8MB/s]\n"}
,{"stream_name":"stderr","time":115.089832873,"data":"\r 20%|█▉        | 516M/2.64G [00:27\u003c01:06, 31.8MB/s]\r 20%|█▉        | 520M/2.64G [00:27\u003c01:05, 32.3MB/s]\n"}
,{"stream_name":"stderr","time":115.225603093,"data":"\r 20%|█▉        | 520M/2.64G [00:27\u003c01:05, 32.3MB/s]\r 20%|█▉        | 525M/2.64G [00:27\u003c01:04, 32.9MB/s]\n"}
,{"stream_name":"stderr","time":115.362312105,"data":"\r 20%|█▉        | 525M/2.64G [00:27\u003c01:04, 32.9MB/s]\r 20%|██        | 530M/2.64G [00:27\u003c01:03, 33.4MB/s]\n"}
,{"stream_name":"stderr","time":115.499476198,"data":"\r 20%|██        | 530M/2.64G [00:27\u003c01:03, 33.4MB/s]\r 20%|██        | 535M/2.64G [00:27\u003c01:02, 33.9MB/s]\n"}
,{"stream_name":"stderr","time":115.636643865,"data":"\r 20%|██        | 535M/2.64G [00:27\u003c01:02, 33.9MB/s]\r 20%|██        | 540M/2.64G [00:28\u003c01:00, 34.6MB/s]\n"}
,{"stream_name":"stderr","time":115.773579558,"data":"\r 20%|██        | 540M/2.64G [00:28\u003c01:00, 34.6MB/s]\r 21%|██        | 545M/2.64G [00:28\u003c00:59, 35.1MB/s]\n"}
,{"stream_name":"stderr","time":115.908995253,"data":"\r 21%|██        | 545M/2.64G [00:28\u003c00:59, 35.1MB/s]\r 21%|██        | 550M/2.64G [00:28\u003c00:58, 35.8MB/s]\n"}
,{"stream_name":"stderr","time":116.046378412,"data":"\r 21%|██        | 550M/2.64G [00:28\u003c00:58, 35.8MB/s]\r 21%|██        | 555M/2.64G [00:28\u003c00:57, 36.3MB/s]\n"}
,{"stream_name":"stderr","time":116.182979556,"data":"\r 21%|██        | 555M/2.64G [00:28\u003c00:57, 36.3MB/s]\r 21%|██        | 560M/2.64G [00:28\u003c00:56, 37.0MB/s]\n"}
,{"stream_name":"stderr","time":116.319712186,"data":"\r 21%|██        | 560M/2.64G [00:28\u003c00:56, 37.0MB/s]\r 21%|██▏       | 566M/2.64G [00:28\u003c00:55, 37.7MB/s]\n"}
,{"stream_name":"stderr","time":116.456000671,"data":"\r 21%|██▏       | 566M/2.64G [00:28\u003c00:55, 37.7MB/s]\r 22%|██▏       | 571M/2.64G [00:28\u003c00:53, 38.4MB/s]\n"}
,{"stream_name":"stderr","time":116.592556962,"data":"\r 22%|██▏       | 571M/2.64G [00:28\u003c00:53, 38.4MB/s]\r 22%|██▏       | 577M/2.64G [00:29\u003c00:52, 39.1MB/s]\n"}
,{"stream_name":"stderr","time":116.731107454,"data":"\r 22%|██▏       | 577M/2.64G [00:29\u003c00:52, 39.1MB/s]\r 22%|██▏       | 582M/2.64G [00:29\u003c00:51, 39.8MB/s]\n"}
,{"stream_name":"stderr","time":116.867422611,"data":"\r 22%|██▏       | 582M/2.64G [00:29\u003c00:51, 39.8MB/s]\r 22%|██▏       | 588M/2.64G [00:29\u003c00:50, 40.6MB/s]\n"}
,{"stream_name":"stderr","time":117.004006163,"data":"\r 22%|██▏       | 588M/2.64G [00:29\u003c00:50, 40.6MB/s]\r 22%|██▏       | 594M/2.64G [00:29\u003c00:49, 41.3MB/s]\n"}
,{"stream_name":"stderr","time":117.138885564,"data":"\r 22%|██▏       | 594M/2.64G [00:29\u003c00:49, 41.3MB/s]\r 23%|██▎       | 600M/2.64G [00:29\u003c00:48, 42.1MB/s]\n"}
,{"stream_name":"stderr","time":117.279956532,"data":"\r 23%|██▎       | 600M/2.64G [00:29\u003c00:48, 42.1MB/s]\r 23%|██▎       | 604M/2.64G [00:29\u003c00:53, 38.4MB/s]\n"}
,{"stream_name":"stderr","time":117.432890692,"data":"\r 23%|██▎       | 604M/2.64G [00:29\u003c00:53, 38.4MB/s]\r 23%|██▎       | 608M/2.64G [00:29\u003c00:57, 35.1MB/s]\n"}
,{"stream_name":"stderr","time":117.647188495,"data":"\r 23%|██▎       | 608M/2.64G [00:29\u003c00:57, 35.1MB/s]\r 23%|██▎       | 612M/2.64G [00:30\u003c01:15, 27.0MB/s]\n"}
,{"stream_name":"stderr","time":117.830484216,"data":"\r 23%|██▎       | 612M/2.64G [00:30\u003c01:15, 27.0MB/s]\r 23%|██▎       | 614M/2.64G [00:30\u003c01:26, 23.5MB/s]\n"}
,{"stream_name":"stderr","time":117.970435002,"data":"\r 23%|██▎       | 614M/2.64G [00:30\u003c01:26, 23.5MB/s]\r 23%|██▎       | 617M/2.64G [00:30\u003c01:31, 22.2MB/s]\n"}
,{"stream_name":"stderr","time":118.1451062,"data":"\r 23%|██▎       | 617M/2.64G [00:30\u003c01:31, 22.2MB/s]\r 23%|██▎       | 619M/2.64G [00:30\u003c01:44, 19.3MB/s]\n"}
,{"stream_name":"stderr","time":118.282061664,"data":"\r 23%|██▎       | 619M/2.64G [00:30\u003c01:44, 19.3MB/s]\r 24%|██▎       | 622M/2.64G [00:30\u003c01:48, 18.5MB/s]\n"}
,{"stream_name":"stderr","time":118.419015317,"data":"\r 24%|██▎       | 622M/2.64G [00:30\u003c01:48, 18.5MB/s]\r 24%|██▎       | 624M/2.64G [00:30\u003c01:51, 18.1MB/s]\n"}
,{"stream_name":"stderr","time":118.555707297,"data":"\r 24%|██▎       | 624M/2.64G [00:30\u003c01:51, 18.1MB/s]\r 24%|██▎       | 626M/2.64G [00:30\u003c01:53, 17.7MB/s]\n"}
,{"stream_name":"stderr","time":118.692323327,"data":"\r 24%|██▎       | 626M/2.64G [00:30\u003c01:53, 17.7MB/s]\r 24%|██▍       | 629M/2.64G [00:31\u003c01:54, 17.5MB/s]\n"}
,{"stream_name":"stderr","time":118.828365085,"data":"\r 24%|██▍       | 629M/2.64G [00:31\u003c01:54, 17.5MB/s]\r 24%|██▍       | 631M/2.64G [00:31\u003c01:55, 17.4MB/s]\n"}
,{"stream_name":"stderr","time":118.96567745,"data":"\r 24%|██▍       | 631M/2.64G [00:31\u003c01:55, 17.4MB/s]\r 24%|██▍       | 633M/2.64G [00:31\u003c01:55, 17.3MB/s]\n"}
,{"stream_name":"stderr","time":119.103516705,"data":"\r 24%|██▍       | 633M/2.64G [00:31\u003c01:55, 17.3MB/s]\r 24%|██▍       | 636M/2.64G [00:31\u003c01:55, 17.3MB/s]\n"}
,{"stream_name":"stderr","time":119.238060141,"data":"\r 24%|██▍       | 636M/2.64G [00:31\u003c01:55, 17.3MB/s]\r 24%|██▍       | 638M/2.64G [00:31\u003c01:54, 17.5MB/s]\n"}
,{"stream_name":"stderr","time":119.379476075,"data":"\r 24%|██▍       | 638M/2.64G [00:31\u003c01:54, 17.5MB/s]\r 24%|██▍       | 640M/2.64G [00:31\u003c02:02, 16.3MB/s]\n"}
,{"stream_name":"stderr","time":119.512382338,"data":"\r 24%|██▍       | 640M/2.64G [00:31\u003c02:02, 16.3MB/s]\r 24%|██▍       | 642M/2.64G [00:31\u003c02:04, 16.0MB/s]\n"}
,{"stream_name":"stderr","time":119.649123881,"data":"\r 24%|██▍       | 642M/2.64G [00:31\u003c02:04, 16.0MB/s]\r 24%|██▍       | 644M/2.64G [00:32\u003c02:12, 15.0MB/s]\n"}
,{"stream_name":"stderr","time":119.785055329,"data":"\r 24%|██▍       | 644M/2.64G [00:32\u003c02:12, 15.0MB/s]\r 24%|██▍       | 645M/2.64G [00:32\u003c02:19, 14.3MB/s]\n"}
,{"stream_name":"stderr","time":119.921820571,"data":"\r 24%|██▍       | 645M/2.64G [00:32\u003c02:19, 14.3MB/s]\r 25%|██▍       | 647M/2.64G [00:32\u003c02:23, 13.9MB/s]\n"}
,{"stream_name":"stderr","time":120.059508549,"data":"\r 25%|██▍       | 647M/2.64G [00:32\u003c02:23, 13.9MB/s]\r 25%|██▍       | 649M/2.64G [00:32\u003c02:32, 13.0MB/s]\n"}
,{"stream_name":"stderr","time":120.195997518,"data":"\r 25%|██▍       | 649M/2.64G [00:32\u003c02:32, 13.0MB/s]\r 25%|██▍       | 650M/2.64G [00:32\u003c02:45, 12.0MB/s]\n"}
,{"stream_name":"stderr","time":120.3325566,"data":"\r 25%|██▍       | 650M/2.64G [00:32\u003c02:45, 12.0MB/s]\r 25%|██▍       | 651M/2.64G [00:32\u003c02:58, 11.1MB/s]\n"}
,{"stream_name":"stderr","time":120.468971115,"data":"\r 25%|██▍       | 651M/2.64G [00:32\u003c02:58, 11.1MB/s]\r 25%|██▍       | 653M/2.64G [00:32\u003c03:06, 10.7MB/s]\n"}
,{"stream_name":"stderr","time":120.60508828,"data":"\r 25%|██▍       | 653M/2.64G [00:32\u003c03:06, 10.7MB/s]\r 25%|██▍       | 654M/2.64G [00:33\u003c03:11, 10.4MB/s]\n"}
,{"stream_name":"stderr","time":120.742295816,"data":"\r 25%|██▍       | 654M/2.64G [00:33\u003c03:11, 10.4MB/s]\r 25%|██▍       | 655M/2.64G [00:33\u003c03:14, 10.2MB/s]\n"}
,{"stream_name":"stderr","time":120.8780219,"data":"\r 25%|██▍       | 655M/2.64G [00:33\u003c03:14, 10.2MB/s]\r 25%|██▍       | 657M/2.64G [00:33\u003c03:16, 10.1MB/s]\n"}
,{"stream_name":"stderr","time":121.01501982,"data":"\r 25%|██▍       | 657M/2.64G [00:33\u003c03:16, 10.1MB/s]\r 25%|██▍       | 658M/2.64G [00:33\u003c03:16, 10.1MB/s]\n"}
,{"stream_name":"stderr","time":121.150820446,"data":"\r 25%|██▍       | 658M/2.64G [00:33\u003c03:16, 10.1MB/s]\r 25%|██▍       | 659M/2.64G [00:33\u003c03:16, 10.1MB/s]\n"}
,{"stream_name":"stderr","time":121.28754442,"data":"\r 25%|██▍       | 659M/2.64G [00:33\u003c03:16, 10.1MB/s]\r 25%|██▌       | 661M/2.64G [00:33\u003c03:14, 10.2MB/s]\n"}
,{"stream_name":"stderr","time":121.424499171,"data":"\r 25%|██▌       | 661M/2.64G [00:33\u003c03:14, 10.2MB/s]\r 25%|██▌       | 662M/2.64G [00:33\u003c03:13, 10.2MB/s]\n"}
,{"stream_name":"stderr","time":121.561456378,"data":"\r 25%|██▌       | 662M/2.64G [00:33\u003c03:13, 10.2MB/s]\r 25%|██▌       | 664M/2.64G [00:33\u003c03:11, 10.3MB/s]\n"}
,{"stream_name":"stderr","time":121.69756079,"data":"\r 25%|██▌       | 664M/2.64G [00:33\u003c03:11, 10.3MB/s]\r 25%|██▌       | 665M/2.64G [00:34\u003c03:11, 10.3MB/s]\n"}
,{"stream_name":"stderr","time":121.835702096,"data":"\r 25%|██▌       | 665M/2.64G [00:34\u003c03:11, 10.3MB/s]\r 25%|██▌       | 666M/2.64G [00:34\u003c03:10, 10.4MB/s]\n"}
,{"stream_name":"stderr","time":121.971147592,"data":"\r 25%|██▌       | 666M/2.64G [00:34\u003c03:10, 10.4MB/s]\r 25%|██▌       | 668M/2.64G [00:34\u003c03:09, 10.4MB/s]\n"}
,{"stream_name":"stderr","time":122.107702409,"data":"\r 25%|██▌       | 668M/2.64G [00:34\u003c03:09, 10.4MB/s]\r 25%|██▌       | 669M/2.64G [00:34\u003c03:06, 10.5MB/s]\n"}
,{"stream_name":"stderr","time":122.24667209,"data":"\r 25%|██▌       | 669M/2.64G [00:34\u003c03:06, 10.5MB/s]\r 25%|██▌       | 671M/2.64G [00:34\u003c03:06, 10.6MB/s]\n"}
,{"stream_name":"stderr","time":122.385362161,"data":"\r 25%|██▌       | 671M/2.64G [00:34\u003c03:06, 10.6MB/s]\r 25%|██▌       | 672M/2.64G [00:34\u003c03:17, 9.95MB/s]\n"}
,{"stream_name":"stderr","time":122.519459263,"data":"\r 25%|██▌       | 672M/2.64G [00:34\u003c03:17, 9.95MB/s]\r 25%|██▌       | 673M/2.64G [00:34\u003c03:21, 9.75MB/s]\n"}
,{"stream_name":"stderr","time":122.657335774,"data":"\r 25%|██▌       | 673M/2.64G [00:34\u003c03:21, 9.75MB/s]\r 26%|██▌       | 674M/2.64G [00:35\u003c03:34, 9.18MB/s]\n"}
,{"stream_name":"stderr","time":122.793553616,"data":"\r 26%|██▌       | 674M/2.64G [00:35\u003c03:34, 9.18MB/s]\r 26%|██▌       | 675M/2.64G [00:35\u003c03:48, 8.58MB/s]\n"}
,{"stream_name":"stderr","time":122.932656259,"data":"\r 26%|██▌       | 675M/2.64G [00:35\u003c03:48, 8.58MB/s]\r 26%|██▌       | 676M/2.64G [00:35\u003c04:08, 7.91MB/s]\n"}
,{"stream_name":"stderr","time":123.069231715,"data":"\r 26%|██▌       | 676M/2.64G [00:35\u003c04:08, 7.91MB/s]\r 26%|██▌       | 677M/2.64G [00:35\u003c04:27, 7.34MB/s]\n"}
,{"stream_name":"stderr","time":123.205109325,"data":"\r 26%|██▌       | 677M/2.64G [00:35\u003c04:27, 7.34MB/s]\r 26%|██▌       | 678M/2.64G [00:35\u003c04:48, 6.80MB/s]\n"}
,{"stream_name":"stderr","time":123.341105107,"data":"\r 26%|██▌       | 678M/2.64G [00:35\u003c04:48, 6.80MB/s]\r 26%|██▌       | 678M/2.64G [00:35\u003c05:12, 6.29MB/s]\n"}
,{"stream_name":"stderr","time":123.477170895,"data":"\r 26%|██▌       | 678M/2.64G [00:35\u003c05:12, 6.29MB/s]\r 26%|██▌       | 679M/2.64G [00:35\u003c05:16, 6.20MB/s]\n"}
,{"stream_name":"stderr","time":123.613198813,"data":"\r 26%|██▌       | 679M/2.64G [00:35\u003c05:16, 6.20MB/s]\r 26%|██▌       | 680M/2.64G [00:36\u003c05:18, 6.15MB/s]\n"}
,{"stream_name":"stderr","time":123.749547844,"data":"\r 26%|██▌       | 680M/2.64G [00:36\u003c05:18, 6.15MB/s]\r 26%|██▌       | 681M/2.64G [00:36\u003c05:20, 6.11MB/s]\n"}
,{"stream_name":"stderr","time":123.886058228,"data":"\r 26%|██▌       | 681M/2.64G [00:36\u003c05:20, 6.11MB/s]\r 26%|██▌       | 682M/2.64G [00:36\u003c05:18, 6.14MB/s]\n"}
,{"stream_name":"stderr","time":124.02323908,"data":"\r 26%|██▌       | 682M/2.64G [00:36\u003c05:18, 6.14MB/s]\r 26%|██▌       | 683M/2.64G [00:36\u003c05:17, 6.17MB/s]\n"}
,{"stream_name":"stderr","time":124.159443455,"data":"\r 26%|██▌       | 683M/2.64G [00:36\u003c05:17, 6.17MB/s]\r 26%|██▌       | 683M/2.64G [00:36\u003c05:16, 6.19MB/s]\n"}
,{"stream_name":"stderr","time":124.295808805,"data":"\r 26%|██▌       | 683M/2.64G [00:36\u003c05:16, 6.19MB/s]\r 26%|██▌       | 684M/2.64G [00:36\u003c05:15, 6.21MB/s]\n"}
,{"stream_name":"stderr","time":124.434660381,"data":"\r 26%|██▌       | 684M/2.64G [00:36\u003c05:15, 6.21MB/s]\r 26%|██▌       | 685M/2.64G [00:36\u003c05:12, 6.26MB/s]\n"}
,{"stream_name":"stderr","time":124.571179497,"data":"\r 26%|██▌       | 685M/2.64G [00:36\u003c05:12, 6.26MB/s]\r 26%|██▌       | 686M/2.64G [00:36\u003c05:08, 6.33MB/s]\n"}
,{"stream_name":"stderr","time":124.707544084,"data":"\r 26%|██▌       | 686M/2.64G [00:36\u003c05:08, 6.33MB/s]\r 26%|██▌       | 687M/2.64G [00:37\u003c05:06, 6.37MB/s]\n"}
,{"stream_name":"stderr","time":124.84378068,"data":"\r 26%|██▌       | 687M/2.64G [00:37\u003c05:06, 6.37MB/s]\r 26%|██▌       | 688M/2.64G [00:37\u003c05:04, 6.41MB/s]\n"}
,{"stream_name":"stderr","time":124.980269628,"data":"\r 26%|██▌       | 688M/2.64G [00:37\u003c05:04, 6.41MB/s]\r 26%|██▌       | 689M/2.64G [00:37\u003c05:03, 6.43MB/s]\n"}
,{"stream_name":"stderr","time":125.116122152,"data":"\r 26%|██▌       | 689M/2.64G [00:37\u003c05:03, 6.43MB/s]\r 26%|██▌       | 690M/2.64G [00:37\u003c05:01, 6.46MB/s]\n"}
,{"stream_name":"stderr","time":125.252242036,"data":"\r 26%|██▌       | 690M/2.64G [00:37\u003c05:01, 6.46MB/s]\r 26%|██▌       | 691M/2.64G [00:37\u003c05:01, 6.47MB/s]\n"}
,{"stream_name":"stderr","time":125.388199988,"data":"\r 26%|██▌       | 691M/2.64G [00:37\u003c05:01, 6.47MB/s]\r 26%|██▌       | 691M/2.64G [00:37\u003c04:57, 6.54MB/s]\n"}
,{"stream_name":"stderr","time":125.524905817,"data":"\r 26%|██▌       | 691M/2.64G [00:37\u003c04:57, 6.54MB/s]\r 26%|██▌       | 692M/2.64G [00:37\u003c04:58, 6.53MB/s]\n"}
,{"stream_name":"stderr","time":125.662994531,"data":"\r 26%|██▌       | 692M/2.64G [00:37\u003c04:58, 6.53MB/s]\r 26%|██▋       | 693M/2.64G [00:38\u003c04:56, 6.57MB/s]\n"}
,{"stream_name":"stderr","time":125.80083786,"data":"\r 26%|██▋       | 693M/2.64G [00:38\u003c04:56, 6.57MB/s]\r 26%|██▋       | 694M/2.64G [00:38\u003c04:55, 6.59MB/s]\n"}
,{"stream_name":"stderr","time":125.935221566,"data":"\r 26%|██▋       | 694M/2.64G [00:38\u003c04:55, 6.59MB/s]\r 26%|██▋       | 695M/2.64G [00:38\u003c04:55, 6.59MB/s]\n"}
,{"stream_name":"stderr","time":126.073424907,"data":"\r 26%|██▋       | 695M/2.64G [00:38\u003c04:55, 6.59MB/s]\r 26%|██▋       | 696M/2.64G [00:38\u003c04:54, 6.60MB/s]\n"}
,{"stream_name":"stderr","time":126.208467879,"data":"\r 26%|██▋       | 696M/2.64G [00:38\u003c04:54, 6.60MB/s]\r 26%|██▋       | 697M/2.64G [00:38\u003c04:55, 6.59MB/s]\n"}
,{"stream_name":"stderr","time":126.345770336,"data":"\r 26%|██▋       | 697M/2.64G [00:38\u003c04:55, 6.59MB/s]\r 26%|██▋       | 698M/2.64G [00:38\u003c04:53, 6.61MB/s]\n"}
,{"stream_name":"stderr","time":126.482153952,"data":"\r 26%|██▋       | 698M/2.64G [00:38\u003c04:53, 6.61MB/s]\r 26%|██▋       | 699M/2.64G [00:38\u003c04:54, 6.59MB/s]\n"}
,{"stream_name":"stderr","time":126.619467306,"data":"\r 26%|██▋       | 699M/2.64G [00:38\u003c04:54, 6.59MB/s]\r 26%|██▋       | 700M/2.64G [00:39\u003c04:53, 6.61MB/s]\n"}
,{"stream_name":"stderr","time":126.757195952,"data":"\r 26%|██▋       | 700M/2.64G [00:39\u003c04:53, 6.61MB/s]\r 27%|██▋       | 700M/2.64G [00:39\u003c04:52, 6.63MB/s]\n"}
,{"stream_name":"stderr","time":126.891472191,"data":"\r 27%|██▋       | 700M/2.64G [00:39\u003c04:52, 6.63MB/s]\r 27%|██▋       | 701M/2.64G [00:39\u003c04:53, 6.61MB/s]\n"}
,{"stream_name":"stderr","time":127.029383134,"data":"\r 27%|██▋       | 701M/2.64G [00:39\u003c04:53, 6.61MB/s]\r 27%|██▋       | 702M/2.64G [00:39\u003c04:52, 6.62MB/s]\n"}
,{"stream_name":"stderr","time":127.165726368,"data":"\r 27%|██▋       | 702M/2.64G [00:39\u003c04:52, 6.62MB/s]\r 27%|██▋       | 703M/2.64G [00:39\u003c04:54, 6.59MB/s]\n"}
,{"stream_name":"stderr","time":127.303015727,"data":"\r 27%|██▋       | 703M/2.64G [00:39\u003c04:54, 6.59MB/s]\r 27%|██▋       | 704M/2.64G [00:39\u003c04:52, 6.62MB/s]\n"}
,{"stream_name":"stderr","time":127.43889208,"data":"\r 27%|██▋       | 704M/2.64G [00:39\u003c04:52, 6.62MB/s]\r 27%|██▋       | 705M/2.64G [00:39\u003c04:53, 6.58MB/s]\n"}
,{"stream_name":"stderr","time":127.578204488,"data":"\r 27%|██▋       | 705M/2.64G [00:39\u003c04:53, 6.58MB/s]\r 27%|██▋       | 706M/2.64G [00:39\u003c05:07, 6.30MB/s]\n"}
,{"stream_name":"stderr","time":127.715333757,"data":"\r 27%|██▋       | 706M/2.64G [00:39\u003c05:07, 6.30MB/s]\r 27%|██▋       | 706M/2.64G [00:40\u003c05:31, 5.84MB/s]\n"}
,{"stream_name":"stderr","time":127.852791006,"data":"\r 27%|██▋       | 706M/2.64G [00:40\u003c05:31, 5.84MB/s]\r 27%|██▋       | 707M/2.64G [00:40\u003c05:45, 5.59MB/s]\n"}
,{"stream_name":"stderr","time":127.986067043,"data":"\r 27%|██▋       | 707M/2.64G [00:40\u003c05:45, 5.59MB/s]\r 27%|██▋       | 708M/2.64G [00:40\u003c05:53, 5.46MB/s]\n"}
,{"stream_name":"stderr","time":128.122555712,"data":"\r 27%|██▋       | 708M/2.64G [00:40\u003c05:53, 5.46MB/s]\r 27%|██▋       | 709M/2.64G [00:40\u003c05:57, 5.41MB/s]\n"}
,{"stream_name":"stderr","time":128.259062632,"data":"\r 27%|██▋       | 709M/2.64G [00:40\u003c05:57, 5.41MB/s]\r 27%|██▋       | 709M/2.64G [00:40\u003c05:59, 5.37MB/s]\n"}
,{"stream_name":"stderr","time":128.396254721,"data":"\r 27%|██▋       | 709M/2.64G [00:40\u003c05:59, 5.37MB/s]\r 27%|██▋       | 710M/2.64G [00:40\u003c05:57, 5.41MB/s]\n"}
,{"stream_name":"stderr","time":128.532463317,"data":"\r 27%|██▋       | 710M/2.64G [00:40\u003c05:57, 5.41MB/s]\r 27%|██▋       | 711M/2.64G [00:40\u003c05:54, 5.45MB/s]\n"}
,{"stream_name":"stderr","time":128.669747238,"data":"\r 27%|██▋       | 711M/2.64G [00:40\u003c05:54, 5.45MB/s]\r 27%|██▋       | 712M/2.64G [00:41\u003c05:48, 5.53MB/s]\n"}
,{"stream_name":"stderr","time":128.806165115,"data":"\r 27%|██▋       | 712M/2.64G [00:41\u003c05:48, 5.53MB/s]\r 27%|██▋       | 712M/2.64G [00:41\u003c05:44, 5.60MB/s]\n"}
,{"stream_name":"stderr","time":128.942093537,"data":"\r 27%|██▋       | 712M/2.64G [00:41\u003c05:44, 5.60MB/s]\r 27%|██▋       | 713M/2.64G [00:41\u003c05:40, 5.66MB/s]\n"}
,{"stream_name":"stderr","time":129.07830215,"data":"\r 27%|██▋       | 713M/2.64G [00:41\u003c05:40, 5.66MB/s]\r 27%|██▋       | 714M/2.64G [00:41\u003c05:34, 5.76MB/s]\n"}
,{"stream_name":"stderr","time":129.214951419,"data":"\r 27%|██▋       | 714M/2.64G [00:41\u003c05:34, 5.76MB/s]\r 27%|██▋       | 715M/2.64G [00:41\u003c05:30, 5.83MB/s]\n"}
,{"stream_name":"stderr","time":129.351635171,"data":"\r 27%|██▋       | 715M/2.64G [00:41\u003c05:30, 5.83MB/s]\r 27%|██▋       | 716M/2.64G [00:41\u003c05:27, 5.88MB/s]\n"}
,{"stream_name":"stderr","time":129.488562554,"data":"\r 27%|██▋       | 716M/2.64G [00:41\u003c05:27, 5.88MB/s]\r 27%|██▋       | 716M/2.64G [00:41\u003c05:21, 5.99MB/s]\n"}
,{"stream_name":"stderr","time":129.625341802,"data":"\r 27%|██▋       | 716M/2.64G [00:41\u003c05:21, 5.99MB/s]\r 27%|██▋       | 717M/2.64G [00:42\u003c05:17, 6.06MB/s]\n"}
,{"stream_name":"stderr","time":129.761396669,"data":"\r 27%|██▋       | 717M/2.64G [00:42\u003c05:17, 6.06MB/s]\r 27%|██▋       | 718M/2.64G [00:42\u003c05:14, 6.12MB/s]\n"}
,{"stream_name":"stderr","time":129.898262809,"data":"\r 27%|██▋       | 718M/2.64G [00:42\u003c05:14, 6.12MB/s]\r 27%|██▋       | 719M/2.64G [00:42\u003c05:12, 6.15MB/s]\n"}
,{"stream_name":"stderr","time":130.035089473,"data":"\r 27%|██▋       | 719M/2.64G [00:42\u003c05:12, 6.15MB/s]\r 27%|██▋       | 720M/2.64G [00:42\u003c05:07, 6.25MB/s]\n"}
,{"stream_name":"stderr","time":130.171155849,"data":"\r 27%|██▋       | 720M/2.64G [00:42\u003c05:07, 6.25MB/s]\r 27%|██▋       | 721M/2.64G [00:42\u003c05:07, 6.24MB/s]\n"}
,{"stream_name":"stderr","time":130.308050211,"data":"\r 27%|██▋       | 721M/2.64G [00:42\u003c05:07, 6.24MB/s]\r 27%|██▋       | 722M/2.64G [00:42\u003c05:03, 6.31MB/s]\n"}
,{"stream_name":"stderr","time":130.444872544,"data":"\r 27%|██▋       | 722M/2.64G [00:42\u003c05:03, 6.31MB/s]\r 27%|██▋       | 722M/2.64G [00:42\u003c05:01, 6.36MB/s]\n"}
,{"stream_name":"stderr","time":130.581482984,"data":"\r 27%|██▋       | 722M/2.64G [00:42\u003c05:01, 6.36MB/s]\r 27%|██▋       | 723M/2.64G [00:43\u003c04:59, 6.40MB/s]\n"}
,{"stream_name":"stderr","time":130.718321935,"data":"\r 27%|██▋       | 723M/2.64G [00:43\u003c04:59, 6.40MB/s]\r 27%|██▋       | 724M/2.64G [00:43\u003c04:58, 6.42MB/s]\n"}
,{"stream_name":"stderr","time":130.855154304,"data":"\r 27%|██▋       | 724M/2.64G [00:43\u003c04:58, 6.42MB/s]\r 27%|██▋       | 725M/2.64G [00:43\u003c04:54, 6.51MB/s]\n"}
,{"stream_name":"stderr","time":130.992013239,"data":"\r 27%|██▋       | 725M/2.64G [00:43\u003c04:54, 6.51MB/s]\r 27%|██▋       | 726M/2.64G [00:43\u003c04:54, 6.49MB/s]\n"}
,{"stream_name":"stderr","time":131.128860616,"data":"\r 27%|██▋       | 726M/2.64G [00:43\u003c04:54, 6.49MB/s]\r 28%|██▊       | 727M/2.64G [00:43\u003c04:51, 6.56MB/s]\n"}
,{"stream_name":"stderr","time":131.264942379,"data":"\r 28%|██▊       | 727M/2.64G [00:43\u003c04:51, 6.56MB/s]\r 28%|██▊       | 728M/2.64G [00:43\u003c04:52, 6.53MB/s]\n"}
,{"stream_name":"stderr","time":131.402359983,"data":"\r 28%|██▊       | 728M/2.64G [00:43\u003c04:52, 6.53MB/s]\r 28%|██▊       | 729M/2.64G [00:43\u003c04:50, 6.59MB/s]\n"}
,{"stream_name":"stderr","time":131.538416952,"data":"\r 28%|██▊       | 729M/2.64G [00:43\u003c04:50, 6.59MB/s]\r 28%|██▊       | 730M/2.64G [00:43\u003c04:51, 6.56MB/s]\n"}
,{"stream_name":"stderr","time":131.675560409,"data":"\r 28%|██▊       | 730M/2.64G [00:43\u003c04:51, 6.56MB/s]\r 28%|██▊       | 731M/2.64G [00:44\u003c04:49, 6.59MB/s]\n"}
,{"stream_name":"stderr","time":131.812070443,"data":"\r 28%|██▊       | 731M/2.64G [00:44\u003c04:49, 6.59MB/s]\r 28%|██▊       | 731M/2.64G [00:44\u003c04:47, 6.63MB/s]\n"}
,{"stream_name":"stderr","time":131.948399111,"data":"\r 28%|██▊       | 731M/2.64G [00:44\u003c04:47, 6.63MB/s]\r 28%|██▊       | 732M/2.64G [00:44\u003c04:49, 6.59MB/s]\n"}
,{"stream_name":"stderr","time":132.085584707,"data":"\r 28%|██▊       | 732M/2.64G [00:44\u003c04:49, 6.59MB/s]\r 28%|██▊       | 733M/2.64G [00:44\u003c04:47, 6.63MB/s]\n"}
,{"stream_name":"stderr","time":132.222195657,"data":"\r 28%|██▊       | 733M/2.64G [00:44\u003c04:47, 6.63MB/s]\r 28%|██▊       | 734M/2.64G [00:44\u003c04:49, 6.58MB/s]\n"}
,{"stream_name":"stderr","time":132.358806992,"data":"\r 28%|██▊       | 734M/2.64G [00:44\u003c04:49, 6.58MB/s]\r 28%|██▊       | 735M/2.64G [00:44\u003c04:47, 6.62MB/s]\n"}
,{"stream_name":"stderr","time":132.495567055,"data":"\r 28%|██▊       | 735M/2.64G [00:44\u003c04:47, 6.62MB/s]\r 28%|██▊       | 736M/2.64G [00:44\u003c04:49, 6.57MB/s]\n"}
,{"stream_name":"stderr","time":132.632598408,"data":"\r 28%|██▊       | 736M/2.64G [00:44\u003c04:49, 6.57MB/s]\r 28%|██▊       | 737M/2.64G [00:45\u003c04:47, 6.61MB/s]\n"}
,{"stream_name":"stderr","time":132.769402886,"data":"\r 28%|██▊       | 737M/2.64G [00:45\u003c04:47, 6.61MB/s]\r 28%|██▊       | 738M/2.64G [00:45\u003c04:46, 6.64MB/s]\n"}
,{"stream_name":"stderr","time":132.905979576,"data":"\r 28%|██▊       | 738M/2.64G [00:45\u003c04:46, 6.64MB/s]\r 28%|██▊       | 739M/2.64G [00:45\u003c04:48, 6.59MB/s]\n"}
,{"stream_name":"stderr","time":133.042871537,"data":"\r 28%|██▊       | 739M/2.64G [00:45\u003c04:48, 6.59MB/s]\r 28%|██▊       | 740M/2.64G [00:45\u003c04:46, 6.62MB/s]\n"}
,{"stream_name":"stderr","time":133.179704585,"data":"\r 28%|██▊       | 740M/2.64G [00:45\u003c04:46, 6.62MB/s]\r 28%|██▊       | 740M/2.64G [00:45\u003c04:48, 6.58MB/s]\n"}
,{"stream_name":"stderr","time":133.316169251,"data":"\r 28%|██▊       | 740M/2.64G [00:45\u003c04:48, 6.58MB/s]\r 28%|██▊       | 741M/2.64G [00:45\u003c04:46, 6.62MB/s]\n"}
,{"stream_name":"stderr","time":133.453071827,"data":"\r 28%|██▊       | 741M/2.64G [00:45\u003c04:46, 6.62MB/s]\r 28%|██▊       | 742M/2.64G [00:45\u003c04:48, 6.57MB/s]\n"}
,{"stream_name":"stderr","time":133.589582768,"data":"\r 28%|██▊       | 742M/2.64G [00:45\u003c04:48, 6.57MB/s]\r 28%|██▊       | 743M/2.64G [00:46\u003c04:46, 6.62MB/s]\n"}
,{"stream_name":"stderr","time":133.726796717,"data":"\r 28%|██▊       | 743M/2.64G [00:46\u003c04:46, 6.62MB/s]\r 28%|██▊       | 744M/2.64G [00:46\u003c04:45, 6.63MB/s]\n"}
,{"stream_name":"stderr","time":133.862863452,"data":"\r 28%|██▊       | 744M/2.64G [00:46\u003c04:45, 6.63MB/s]\r 28%|██▊       | 745M/2.64G [00:46\u003c04:47, 6.60MB/s]\n"}
,{"stream_name":"stderr","time":134.000112881,"data":"\r 28%|██▊       | 745M/2.64G [00:46\u003c04:47, 6.60MB/s]\r 28%|██▊       | 746M/2.64G [00:46\u003c04:46, 6.62MB/s]\n"}
,{"stream_name":"stderr","time":134.136563429,"data":"\r 28%|██▊       | 746M/2.64G [00:46\u003c04:46, 6.62MB/s]\r 28%|██▊       | 747M/2.64G [00:46\u003c04:47, 6.58MB/s]\n"}
,{"stream_name":"stderr","time":134.273130878,"data":"\r 28%|██▊       | 747M/2.64G [00:46\u003c04:47, 6.58MB/s]\r 28%|██▊       | 748M/2.64G [00:46\u003c04:45, 6.62MB/s]\n"}
,{"stream_name":"stderr","time":134.409932096,"data":"\r 28%|██▊       | 748M/2.64G [00:46\u003c04:45, 6.62MB/s]\r 28%|██▊       | 749M/2.64G [00:46\u003c04:44, 6.65MB/s]\n"}
,{"stream_name":"stderr","time":134.546806668,"data":"\r 28%|██▊       | 749M/2.64G [00:46\u003c04:44, 6.65MB/s]\r 28%|██▊       | 750M/2.64G [00:46\u003c04:43, 6.67MB/s]\n"}
,{"stream_name":"stderr","time":134.683473229,"data":"\r 28%|██▊       | 750M/2.64G [00:46\u003c04:43, 6.67MB/s]\r 28%|██▊       | 750M/2.64G [00:47\u003c04:43, 6.68MB/s]\n"}
,{"stream_name":"stderr","time":134.820135463,"data":"\r 28%|██▊       | 750M/2.64G [00:47\u003c04:43, 6.68MB/s]\r 28%|██▊       | 751M/2.64G [00:47\u003c04:42, 6.69MB/s]\n"}
,{"stream_name":"stderr","time":134.957365825,"data":"\r 28%|██▊       | 751M/2.64G [00:47\u003c04:42, 6.69MB/s]\r 28%|██▊       | 752M/2.64G [00:47\u003c04:42, 6.69MB/s]\n"}
,{"stream_name":"stderr","time":135.094955218,"data":"\r 28%|██▊       | 752M/2.64G [00:47\u003c04:42, 6.69MB/s]\r 29%|██▊       | 753M/2.64G [00:47\u003c04:39, 6.75MB/s]\n"}
,{"stream_name":"stderr","time":135.230181299,"data":"\r 29%|██▊       | 753M/2.64G [00:47\u003c04:39, 6.75MB/s]\r 29%|██▊       | 754M/2.64G [00:47\u003c04:38, 6.76MB/s]\n"}
,{"stream_name":"stderr","time":135.367047174,"data":"\r 29%|██▊       | 754M/2.64G [00:47\u003c04:38, 6.76MB/s]\r 29%|██▊       | 755M/2.64G [00:47\u003c04:39, 6.75MB/s]\n"}
,{"stream_name":"stderr","time":135.504112834,"data":"\r 29%|██▊       | 755M/2.64G [00:47\u003c04:39, 6.75MB/s]\r 29%|██▊       | 756M/2.64G [00:47\u003c04:36, 6.80MB/s]\n"}
,{"stream_name":"stderr","time":135.642402677,"data":"\r 29%|██▊       | 756M/2.64G [00:47\u003c04:36, 6.80MB/s]\r 29%|██▊       | 757M/2.64G [00:48\u003c04:35, 6.83MB/s]\n"}
,{"stream_name":"stderr","time":135.777965063,"data":"\r 29%|██▊       | 757M/2.64G [00:48\u003c04:35, 6.83MB/s]\r 29%|██▊       | 758M/2.64G [00:48\u003c04:36, 6.80MB/s]\n"}
,{"stream_name":"stderr","time":135.914544992,"data":"\r 29%|██▊       | 758M/2.64G [00:48\u003c04:36, 6.80MB/s]\r 29%|██▊       | 759M/2.64G [00:48\u003c04:31, 6.92MB/s]\n"}
,{"stream_name":"stderr","time":136.051772477,"data":"\r 29%|██▊       | 759M/2.64G [00:48\u003c04:31, 6.92MB/s]\r 29%|██▉       | 760M/2.64G [00:48\u003c04:31, 6.93MB/s]\n"}
,{"stream_name":"stderr","time":136.188272796,"data":"\r 29%|██▉       | 760M/2.64G [00:48\u003c04:31, 6.93MB/s]\r 29%|██▉       | 761M/2.64G [00:48\u003c04:31, 6.94MB/s]\n"}
,{"stream_name":"stderr","time":136.326236512,"data":"\r 29%|██▉       | 761M/2.64G [00:48\u003c04:31, 6.94MB/s]\r 29%|██▉       | 762M/2.64G [00:48\u003c04:28, 6.99MB/s]\n"}
,{"stream_name":"stderr","time":136.462424654,"data":"\r 29%|██▉       | 762M/2.64G [00:48\u003c04:28, 6.99MB/s]\r 29%|██▉       | 763M/2.64G [00:48\u003c04:26, 7.06MB/s]\n"}
,{"stream_name":"stderr","time":136.5988057,"data":"\r 29%|██▉       | 763M/2.64G [00:48\u003c04:26, 7.06MB/s]\r 29%|██▉       | 764M/2.64G [00:49\u003c04:24, 7.10MB/s]\n"}
,{"stream_name":"stderr","time":136.737138565,"data":"\r 29%|██▉       | 764M/2.64G [00:49\u003c04:24, 7.10MB/s]\r 29%|██▉       | 765M/2.64G [00:49\u003c04:21, 7.18MB/s]\n"}
,{"stream_name":"stderr","time":136.872427275,"data":"\r 29%|██▉       | 765M/2.64G [00:49\u003c04:21, 7.18MB/s]\r 29%|██▉       | 766M/2.64G [00:49\u003c04:20, 7.20MB/s]\n"}
,{"stream_name":"stderr","time":137.010987144,"data":"\r 29%|██▉       | 766M/2.64G [00:49\u003c04:20, 7.20MB/s]\r 29%|██▉       | 767M/2.64G [00:49\u003c04:16, 7.32MB/s]\n"}
,{"stream_name":"stderr","time":137.147638584,"data":"\r 29%|██▉       | 767M/2.64G [00:49\u003c04:16, 7.32MB/s]\r 29%|██▉       | 768M/2.64G [00:49\u003c04:14, 7.35MB/s]\n"}
,{"stream_name":"stderr","time":137.284220223,"data":"\r 29%|██▉       | 768M/2.64G [00:49\u003c04:14, 7.35MB/s]\r 29%|██▉       | 769M/2.64G [00:49\u003c04:11, 7.45MB/s]\n"}
,{"stream_name":"stderr","time":137.421582371,"data":"\r 29%|██▉       | 769M/2.64G [00:49\u003c04:11, 7.45MB/s]\r 29%|██▉       | 770M/2.64G [00:49\u003c04:09, 7.50MB/s]\n"}
,{"stream_name":"stderr","time":137.55872441100001,"data":"\r 29%|██▉       | 770M/2.64G [00:49\u003c04:09, 7.50MB/s]\r 29%|██▉       | 771M/2.64G [00:49\u003c04:05, 7.62MB/s]\n"}
,{"stream_name":"stderr","time":137.695604609,"data":"\r 29%|██▉       | 771M/2.64G [00:49\u003c04:05, 7.62MB/s]\r 29%|██▉       | 772M/2.64G [00:50\u003c04:02, 7.71MB/s]\n"}
,{"stream_name":"stderr","time":137.835014129,"data":"\r 29%|██▉       | 772M/2.64G [00:50\u003c04:02, 7.71MB/s]\r 29%|██▉       | 773M/2.64G [00:50\u003c03:59, 7.79MB/s]\n"}
,{"stream_name":"stderr","time":137.972249929,"data":"\r 29%|██▉       | 773M/2.64G [00:50\u003c03:59, 7.79MB/s]\r 29%|██▉       | 774M/2.64G [00:50\u003c03:56, 7.89MB/s]\n"}
,{"stream_name":"stderr","time":138.110414125,"data":"\r 29%|██▉       | 774M/2.64G [00:50\u003c03:56, 7.89MB/s]\r 29%|██▉       | 775M/2.64G [00:50\u003c03:52, 8.01MB/s]\n"}
,{"stream_name":"stderr","time":138.246703676,"data":"\r 29%|██▉       | 775M/2.64G [00:50\u003c03:52, 8.01MB/s]\r 29%|██▉       | 777M/2.64G [00:50\u003c03:49, 8.13MB/s]\n"}
,{"stream_name":"stderr","time":138.383800384,"data":"\r 29%|██▉       | 777M/2.64G [00:50\u003c03:49, 8.13MB/s]\r 29%|██▉       | 778M/2.64G [00:50\u003c03:44, 8.28MB/s]\n"}
,{"stream_name":"stderr","time":138.520279053,"data":"\r 29%|██▉       | 778M/2.64G [00:50\u003c03:44, 8.28MB/s]\r 30%|██▉       | 779M/2.64G [00:50\u003c03:42, 8.38MB/s]\n"}
,{"stream_name":"stderr","time":138.65797611,"data":"\r 30%|██▉       | 779M/2.64G [00:50\u003c03:42, 8.38MB/s]\r 30%|██▉       | 780M/2.64G [00:51\u003c03:38, 8.52MB/s]\n"}
,{"stream_name":"stderr","time":138.794441331,"data":"\r 30%|██▉       | 780M/2.64G [00:51\u003c03:38, 8.52MB/s]\r 30%|██▉       | 781M/2.64G [00:51\u003c03:33, 8.69MB/s]\n"}
,{"stream_name":"stderr","time":138.933025113,"data":"\r 30%|██▉       | 781M/2.64G [00:51\u003c03:33, 8.69MB/s]\r 30%|██▉       | 783M/2.64G [00:51\u003c03:29, 8.85MB/s]\n"}
,{"stream_name":"stderr","time":139.070301772,"data":"\r 30%|██▉       | 783M/2.64G [00:51\u003c03:29, 8.85MB/s]\r 30%|██▉       | 784M/2.64G [00:51\u003c03:26, 8.99MB/s]\n"}
,{"stream_name":"stderr","time":139.207931082,"data":"\r 30%|██▉       | 784M/2.64G [00:51\u003c03:26, 8.99MB/s]\r 30%|██▉       | 785M/2.64G [00:51\u003c03:22, 9.15MB/s]\n"}
,{"stream_name":"stderr","time":139.344850926,"data":"\r 30%|██▉       | 785M/2.64G [00:51\u003c03:22, 9.15MB/s]\r 30%|██▉       | 787M/2.64G [00:51\u003c03:18, 9.34MB/s]\n"}
,{"stream_name":"stderr","time":139.482099451,"data":"\r 30%|██▉       | 787M/2.64G [00:51\u003c03:18, 9.34MB/s]\r 30%|██▉       | 788M/2.64G [00:51\u003c03:14, 9.55MB/s]\n"}
,{"stream_name":"stderr","time":139.619321827,"data":"\r 30%|██▉       | 788M/2.64G [00:51\u003c03:14, 9.55MB/s]\r 30%|██▉       | 789M/2.64G [00:52\u003c03:09, 9.77MB/s]\n"}
,{"stream_name":"stderr","time":139.755755583,"data":"\r 30%|██▉       | 789M/2.64G [00:52\u003c03:09, 9.77MB/s]\r 30%|██▉       | 791M/2.64G [00:52\u003c03:04, 10.0MB/s]\n"}
,{"stream_name":"stderr","time":139.892753408,"data":"\r 30%|██▉       | 791M/2.64G [00:52\u003c03:04, 10.0MB/s]\r 30%|███       | 792M/2.64G [00:52\u003c03:00, 10.2MB/s]\n"}
,{"stream_name":"stderr","time":140.029401915,"data":"\r 30%|███       | 792M/2.64G [00:52\u003c03:00, 10.2MB/s]\r 30%|███       | 794M/2.64G [00:52\u003c02:56, 10.5MB/s]\n"}
,{"stream_name":"stderr","time":140.166086988,"data":"\r 30%|███       | 794M/2.64G [00:52\u003c02:56, 10.5MB/s]\r 30%|███       | 795M/2.64G [00:52\u003c02:52, 10.7MB/s]\n"}
,{"stream_name":"stderr","time":140.302836495,"data":"\r 30%|███       | 795M/2.64G [00:52\u003c02:52, 10.7MB/s]\r 30%|███       | 797M/2.64G [00:52\u003c02:48, 11.0MB/s]\n"}
,{"stream_name":"stderr","time":140.439583494,"data":"\r 30%|███       | 797M/2.64G [00:52\u003c02:48, 11.0MB/s]\r 30%|███       | 799M/2.64G [00:52\u003c02:44, 11.2MB/s]\n"}
,{"stream_name":"stderr","time":140.576393343,"data":"\r 30%|███       | 799M/2.64G [00:52\u003c02:44, 11.2MB/s]\r 30%|███       | 800M/2.64G [00:52\u003c02:40, 11.5MB/s]\n"}
,{"stream_name":"stderr","time":140.713356139,"data":"\r 30%|███       | 800M/2.64G [00:52\u003c02:40, 11.5MB/s]\r 30%|███       | 802M/2.64G [00:53\u003c02:37, 11.7MB/s]\n"}
,{"stream_name":"stderr","time":140.849892247,"data":"\r 30%|███       | 802M/2.64G [00:53\u003c02:37, 11.7MB/s]\r 30%|███       | 804M/2.64G [00:53\u003c02:32, 12.0MB/s]\n"}
,{"stream_name":"stderr","time":140.98654045,"data":"\r 30%|███       | 804M/2.64G [00:53\u003c02:32, 12.0MB/s]\r 31%|███       | 805M/2.64G [00:53\u003c02:28, 12.4MB/s]\n"}
,{"stream_name":"stderr","time":141.123334497,"data":"\r 31%|███       | 805M/2.64G [00:53\u003c02:28, 12.4MB/s]\r 31%|███       | 807M/2.64G [00:53\u003c02:24, 12.7MB/s]\n"}
,{"stream_name":"stderr","time":141.260313306,"data":"\r 31%|███       | 807M/2.64G [00:53\u003c02:24, 12.7MB/s]\r 31%|███       | 809M/2.64G [00:53\u003c02:21, 13.0MB/s]\n"}
,{"stream_name":"stderr","time":141.397887027,"data":"\r 31%|███       | 809M/2.64G [00:53\u003c02:21, 13.0MB/s]\r 31%|███       | 811M/2.64G [00:53\u003c02:17, 13.3MB/s]\n"}
,{"stream_name":"stderr","time":141.534959884,"data":"\r 31%|███       | 811M/2.64G [00:53\u003c02:17, 13.3MB/s]\r 31%|███       | 813M/2.64G [00:53\u003c02:14, 13.6MB/s]\n"}
,{"stream_name":"stderr","time":141.671860764,"data":"\r 31%|███       | 813M/2.64G [00:53\u003c02:14, 13.6MB/s]\r 31%|███       | 815M/2.64G [00:54\u003c02:10, 14.0MB/s]\n"}
,{"stream_name":"stderr","time":141.808512547,"data":"\r 31%|███       | 815M/2.64G [00:54\u003c02:10, 14.0MB/s]\r 31%|███       | 817M/2.64G [00:54\u003c02:06, 14.4MB/s]\n"}
,{"stream_name":"stderr","time":141.945779954,"data":"\r 31%|███       | 817M/2.64G [00:54\u003c02:06, 14.4MB/s]\r 31%|███       | 819M/2.64G [00:54\u003c02:03, 14.7MB/s]\n"}
,{"stream_name":"stderr","time":142.082819013,"data":"\r 31%|███       | 819M/2.64G [00:54\u003c02:03, 14.7MB/s]\r 31%|███       | 821M/2.64G [00:54\u003c02:00, 15.1MB/s]\n"}
,{"stream_name":"stderr","time":142.219036819,"data":"\r 31%|███       | 821M/2.64G [00:54\u003c02:00, 15.1MB/s]\r 31%|███       | 824M/2.64G [00:54\u003c01:56, 15.6MB/s]\n"}
,{"stream_name":"stderr","time":142.355685201,"data":"\r 31%|███       | 824M/2.64G [00:54\u003c01:56, 15.6MB/s]\r 31%|███▏      | 826M/2.64G [00:54\u003c01:53, 16.0MB/s]\n"}
,{"stream_name":"stderr","time":142.493059257,"data":"\r 31%|███▏      | 826M/2.64G [00:54\u003c01:53, 16.0MB/s]\r 31%|███▏      | 828M/2.64G [00:54\u003c01:50, 16.4MB/s]\n"}
,{"stream_name":"stderr","time":142.629551674,"data":"\r 31%|███▏      | 828M/2.64G [00:54\u003c01:50, 16.4MB/s]\r 31%|███▏      | 831M/2.64G [00:55\u003c01:47, 16.8MB/s]\n"}
,{"stream_name":"stderr","time":142.765869804,"data":"\r 31%|███▏      | 831M/2.64G [00:55\u003c01:47, 16.8MB/s]\r 32%|███▏      | 833M/2.64G [00:55\u003c01:44, 17.3MB/s]\n"}
,{"stream_name":"stderr","time":142.902925718,"data":"\r 32%|███▏      | 833M/2.64G [00:55\u003c01:44, 17.3MB/s]\r 32%|███▏      | 836M/2.64G [00:55\u003c01:41, 17.8MB/s]\n"}
,{"stream_name":"stderr","time":143.039066088,"data":"\r 32%|███▏      | 836M/2.64G [00:55\u003c01:41, 17.8MB/s]\r 32%|███▏      | 839M/2.64G [00:55\u003c01:38, 18.2MB/s]\n"}
,{"stream_name":"stderr","time":143.17578021,"data":"\r 32%|███▏      | 839M/2.64G [00:55\u003c01:38, 18.2MB/s]\r 32%|███▏      | 841M/2.64G [00:55\u003c01:36, 18.7MB/s]\n"}
,{"stream_name":"stderr","time":143.312822043,"data":"\r 32%|███▏      | 841M/2.64G [00:55\u003c01:36, 18.7MB/s]\r 32%|███▏      | 844M/2.64G [00:55\u003c01:33, 19.2MB/s]\n"}
,{"stream_name":"stderr","time":143.449051179,"data":"\r 32%|███▏      | 844M/2.64G [00:55\u003c01:33, 19.2MB/s]\r 32%|███▏      | 847M/2.64G [00:55\u003c01:30, 19.8MB/s]\n"}
,{"stream_name":"stderr","time":143.586572422,"data":"\r 32%|███▏      | 847M/2.64G [00:55\u003c01:30, 19.8MB/s]\r 32%|███▏      | 850M/2.64G [00:56\u003c01:28, 20.3MB/s]\n"}
,{"stream_name":"stderr","time":143.726875451,"data":"\r 32%|███▏      | 850M/2.64G [00:56\u003c01:28, 20.3MB/s]\r 32%|███▏      | 852M/2.64G [00:56\u003c01:31, 19.4MB/s]\n"}
,{"stream_name":"stderr","time":143.860966286,"data":"\r 32%|███▏      | 852M/2.64G [00:56\u003c01:31, 19.4MB/s]\r 32%|███▏      | 855M/2.64G [00:56\u003c01:31, 19.6MB/s]\n"}
,{"stream_name":"stderr","time":143.998599894,"data":"\r 32%|███▏      | 855M/2.64G [00:56\u003c01:31, 19.6MB/s]\r 32%|███▏      | 857M/2.64G [00:56\u003c01:36, 18.5MB/s]\n"}
,{"stream_name":"stderr","time":144.13462917,"data":"\r 32%|███▏      | 857M/2.64G [00:56\u003c01:36, 18.5MB/s]\r 33%|███▎      | 859M/2.64G [00:56\u003c01:40, 17.8MB/s]\n"}
,{"stream_name":"stderr","time":144.271331986,"data":"\r 33%|███▎      | 859M/2.64G [00:56\u003c01:40, 17.8MB/s]\r 33%|███▎      | 862M/2.64G [00:56\u003c01:42, 17.3MB/s]\n"}
,{"stream_name":"stderr","time":144.408185777,"data":"\r 33%|███▎      | 862M/2.64G [00:56\u003c01:42, 17.3MB/s]\r 33%|███▎      | 864M/2.64G [00:56\u003c01:43, 17.2MB/s]\n"}
,{"stream_name":"stderr","time":144.544282865,"data":"\r 33%|███▎      | 864M/2.64G [00:56\u003c01:43, 17.2MB/s]\r 33%|███▎      | 866M/2.64G [00:56\u003c01:43, 17.1MB/s]\n"}
,{"stream_name":"stderr","time":144.681001728,"data":"\r 33%|███▎      | 866M/2.64G [00:56\u003c01:43, 17.1MB/s]\r 33%|███▎      | 869M/2.64G [00:57\u003c01:43, 17.2MB/s]\n"}
,{"stream_name":"stderr","time":144.817342431,"data":"\r 33%|███▎      | 869M/2.64G [00:57\u003c01:43, 17.2MB/s]\r 33%|███▎      | 871M/2.64G [00:57\u003c01:42, 17.3MB/s]\n"}
,{"stream_name":"stderr","time":144.95441103,"data":"\r 33%|███▎      | 871M/2.64G [00:57\u003c01:42, 17.3MB/s]\r 33%|███▎      | 873M/2.64G [00:57\u003c01:41, 17.5MB/s]\n"}
,{"stream_name":"stderr","time":145.09063308,"data":"\r 33%|███▎      | 873M/2.64G [00:57\u003c01:41, 17.5MB/s]\r 33%|███▎      | 876M/2.64G [00:57\u003c01:40, 17.6MB/s]\n"}
,{"stream_name":"stderr","time":145.22909888,"data":"\r 33%|███▎      | 876M/2.64G [00:57\u003c01:40, 17.6MB/s]\r 33%|███▎      | 878M/2.64G [00:57\u003c01:38, 17.8MB/s]\n"}
,{"stream_name":"stderr","time":145.36478525,"data":"\r 33%|███▎      | 878M/2.64G [00:57\u003c01:38, 17.8MB/s]\r 33%|███▎      | 881M/2.64G [00:57\u003c01:37, 18.0MB/s]\n"}
,{"stream_name":"stderr","time":145.501167716,"data":"\r 33%|███▎      | 881M/2.64G [00:57\u003c01:37, 18.0MB/s]\r 33%|███▎      | 884M/2.64G [00:57\u003c01:36, 18.2MB/s]\n"}
,{"stream_name":"stderr","time":145.63801466,"data":"\r 33%|███▎      | 884M/2.64G [00:57\u003c01:36, 18.2MB/s]\r 34%|███▎      | 886M/2.64G [00:58\u003c01:35, 18.5MB/s]\n"}
,{"stream_name":"stderr","time":145.774440499,"data":"\r 34%|███▎      | 886M/2.64G [00:58\u003c01:35, 18.5MB/s]\r 34%|███▎      | 889M/2.64G [00:58\u003c01:33, 18.7MB/s]\n"}
,{"stream_name":"stderr","time":145.911755895,"data":"\r 34%|███▎      | 889M/2.64G [00:58\u003c01:33, 18.7MB/s]\r 34%|███▍      | 891M/2.64G [00:58\u003c01:32, 18.9MB/s]\n"}
,{"stream_name":"stderr","time":146.048879882,"data":"\r 34%|███▍      | 891M/2.64G [00:58\u003c01:32, 18.9MB/s]\r 34%|███▍      | 894M/2.64G [00:58\u003c01:31, 19.0MB/s]\n"}
,{"stream_name":"stderr","time":146.185143773,"data":"\r 34%|███▍      | 894M/2.64G [00:58\u003c01:31, 19.0MB/s]\r 34%|███▍      | 897M/2.64G [00:58\u003c01:31, 19.1MB/s]\n"}
,{"stream_name":"stderr","time":146.322289227,"data":"\r 34%|███▍      | 897M/2.64G [00:58\u003c01:31, 19.1MB/s]\r 34%|███▍      | 899M/2.64G [00:58\u003c01:39, 17.6MB/s]\n"}
,{"stream_name":"stderr","time":146.509748355,"data":"\r 34%|███▍      | 899M/2.64G [00:58\u003c01:39, 17.6MB/s]\r 34%|███▍      | 900M/2.64G [00:58\u003c01:59, 14.6MB/s]\n"}
,{"stream_name":"stderr","time":146.643406937,"data":"\r 34%|███▍      | 900M/2.64G [00:58\u003c01:59, 14.6MB/s]\r 34%|███▍      | 902M/2.64G [00:59\u003c02:06, 13.7MB/s]\n"}
,{"stream_name":"stderr","time":146.828750904,"data":"\r 34%|███▍      | 902M/2.64G [00:59\u003c02:06, 13.7MB/s]\r 34%|███▍      | 903M/2.64G [00:59\u003c02:30, 11.6MB/s]\n"}
,{"stream_name":"stderr","time":147.008720188,"data":"\r 34%|███▍      | 903M/2.64G [00:59\u003c02:30, 11.6MB/s]\r 34%|███▍      | 905M/2.64G [00:59\u003c02:53, 10.0MB/s]\n"}
,{"stream_name":"stderr","time":147.146881511,"data":"\r 34%|███▍      | 905M/2.64G [00:59\u003c02:53, 10.0MB/s]\r 34%|███▍      | 906M/2.64G [00:59\u003c03:04, 9.42MB/s]\n"}
,{"stream_name":"stderr","time":147.283661233,"data":"\r 34%|███▍      | 906M/2.64G [00:59\u003c03:04, 9.42MB/s]\r 34%|███▍      | 907M/2.64G [00:59\u003c03:16, 8.81MB/s]\n"}
,{"stream_name":"stderr","time":147.418442853,"data":"\r 34%|███▍      | 907M/2.64G [00:59\u003c03:16, 8.81MB/s]\r 34%|███▍      | 908M/2.64G [00:59\u003c03:24, 8.45MB/s]\n"}
,{"stream_name":"stderr","time":147.57970405,"data":"\r 34%|███▍      | 908M/2.64G [00:59\u003c03:24, 8.45MB/s]\r 34%|███▍      | 909M/2.64G [00:59\u003c03:30, 8.23MB/s]\n"}
,{"stream_name":"stderr","time":147.693837726,"data":"\r 34%|███▍      | 909M/2.64G [00:59\u003c03:30, 8.23MB/s]\r 34%|███▍      | 910M/2.64G [01:00\u003c03:33, 8.11MB/s]\n"}
,{"stream_name":"stderr","time":147.829605802,"data":"\r 34%|███▍      | 910M/2.64G [01:00\u003c03:33, 8.11MB/s]\r 34%|███▍      | 911M/2.64G [01:00\u003c03:36, 8.00MB/s]\n"}
,{"stream_name":"stderr","time":147.967005844,"data":"\r 34%|███▍      | 911M/2.64G [01:00\u003c03:36, 8.00MB/s]\r 35%|███▍      | 912M/2.64G [01:00\u003c03:35, 8.03MB/s]\n"}
,{"stream_name":"stderr","time":148.103428243,"data":"\r 35%|███▍      | 912M/2.64G [01:00\u003c03:35, 8.03MB/s]\r 35%|███▍      | 913M/2.64G [01:00\u003c03:35, 8.00MB/s]\n"}
,{"stream_name":"stderr","time":148.239545804,"data":"\r 35%|███▍      | 913M/2.64G [01:00\u003c03:35, 8.00MB/s]\r 35%|███▍      | 914M/2.64G [01:00\u003c03:36, 7.98MB/s]\n"}
,{"stream_name":"stderr","time":148.376406182,"data":"\r 35%|███▍      | 914M/2.64G [01:00\u003c03:36, 7.98MB/s]\r 35%|███▍      | 915M/2.64G [01:00\u003c03:34, 8.03MB/s]\n"}
,{"stream_name":"stderr","time":148.51339226,"data":"\r 35%|███▍      | 915M/2.64G [01:00\u003c03:34, 8.03MB/s]\r 35%|███▍      | 916M/2.64G [01:00\u003c03:33, 8.06MB/s]\n"}
,{"stream_name":"stderr","time":148.650234207,"data":"\r 35%|███▍      | 916M/2.64G [01:00\u003c03:33, 8.06MB/s]\r 35%|███▍      | 917M/2.64G [01:01\u003c03:33, 8.09MB/s]\n"}
,{"stream_name":"stderr","time":148.786852039,"data":"\r 35%|███▍      | 917M/2.64G [01:01\u003c03:33, 8.09MB/s]\r 35%|███▍      | 919M/2.64G [01:01\u003c03:30, 8.18MB/s]\n"}
,{"stream_name":"stderr","time":148.92365511,"data":"\r 35%|███▍      | 919M/2.64G [01:01\u003c03:30, 8.18MB/s]\r 35%|███▍      | 920M/2.64G [01:01\u003c03:30, 8.17MB/s]\n"}
,{"stream_name":"stderr","time":149.061304078,"data":"\r 35%|███▍      | 920M/2.64G [01:01\u003c03:30, 8.17MB/s]\r 35%|███▍      | 921M/2.64G [01:01\u003c03:29, 8.22MB/s]\n"}
,{"stream_name":"stderr","time":149.195960635,"data":"\r 35%|███▍      | 921M/2.64G [01:01\u003c03:29, 8.22MB/s]\r 35%|███▍      | 922M/2.64G [01:01\u003c03:28, 8.22MB/s]\n"}
,{"stream_name":"stderr","time":149.332706831,"data":"\r 35%|███▍      | 922M/2.64G [01:01\u003c03:28, 8.22MB/s]\r 35%|███▍      | 923M/2.64G [01:01\u003c03:27, 8.28MB/s]\n"}
,{"stream_name":"stderr","time":149.470773666,"data":"\r 35%|███▍      | 923M/2.64G [01:01\u003c03:27, 8.28MB/s]\r 35%|███▌      | 924M/2.64G [01:01\u003c03:25, 8.36MB/s]\n"}
,{"stream_name":"stderr","time":149.607487186,"data":"\r 35%|███▌      | 924M/2.64G [01:01\u003c03:25, 8.36MB/s]\r 35%|███▌      | 925M/2.64G [01:02\u003c03:24, 8.37MB/s]\n"}
,{"stream_name":"stderr","time":149.743972546,"data":"\r 35%|███▌      | 925M/2.64G [01:02\u003c03:24, 8.37MB/s]\r 35%|███▌      | 927M/2.64G [01:02\u003c03:24, 8.38MB/s]\n"}
,{"stream_name":"stderr","time":149.880067938,"data":"\r 35%|███▌      | 927M/2.64G [01:02\u003c03:24, 8.38MB/s]\r 35%|███▌      | 928M/2.64G [01:02\u003c03:24, 8.39MB/s]\n"}
,{"stream_name":"stderr","time":150.016862078,"data":"\r 35%|███▌      | 928M/2.64G [01:02\u003c03:24, 8.39MB/s]\r 35%|███▌      | 929M/2.64G [01:02\u003c03:23, 8.39MB/s]\n"}
,{"stream_name":"stderr","time":150.15313608,"data":"\r 35%|███▌      | 929M/2.64G [01:02\u003c03:23, 8.39MB/s]\r 35%|███▌      | 930M/2.64G [01:02\u003c03:23, 8.39MB/s]\n"}
,{"stream_name":"stderr","time":150.290012034,"data":"\r 35%|███▌      | 930M/2.64G [01:02\u003c03:23, 8.39MB/s]\r 35%|███▌      | 931M/2.64G [01:02\u003c03:23, 8.39MB/s]\n"}
,{"stream_name":"stderr","time":150.427139238,"data":"\r 35%|███▌      | 931M/2.64G [01:02\u003c03:23, 8.39MB/s]\r 35%|███▌      | 932M/2.64G [01:02\u003c03:23, 8.39MB/s]\n"}
,{"stream_name":"stderr","time":150.566697686,"data":"\r 35%|███▌      | 932M/2.64G [01:02\u003c03:23, 8.39MB/s]\r 35%|███▌      | 933M/2.64G [01:02\u003c03:22, 8.41MB/s]\n"}
,{"stream_name":"stderr","time":150.702372268,"data":"\r 35%|███▌      | 933M/2.64G [01:02\u003c03:22, 8.41MB/s]\r 35%|███▌      | 935M/2.64G [01:03\u003c03:22, 8.41MB/s]\n"}
,{"stream_name":"stderr","time":150.843080864,"data":"\r 35%|███▌      | 935M/2.64G [01:03\u003c03:22, 8.41MB/s]\r 35%|███▌      | 936M/2.64G [01:03\u003c03:35, 7.91MB/s]\n"}
,{"stream_name":"stderr","time":150.979587376,"data":"\r 35%|███▌      | 936M/2.64G [01:03\u003c03:35, 7.91MB/s]\r 35%|███▌      | 936M/2.64G [01:03\u003c03:52, 7.34MB/s]\n"}
,{"stream_name":"stderr","time":151.113206691,"data":"\r 35%|███▌      | 936M/2.64G [01:03\u003c03:52, 7.34MB/s]\r 35%|███▌      | 937M/2.64G [01:03\u003c04:06, 6.91MB/s]\n"}
,{"stream_name":"stderr","time":151.249832835,"data":"\r 35%|███▌      | 937M/2.64G [01:03\u003c04:06, 6.91MB/s]\r 36%|███▌      | 938M/2.64G [01:03\u003c04:13, 6.71MB/s]\n"}
,{"stream_name":"stderr","time":151.38645137,"data":"\r 36%|███▌      | 938M/2.64G [01:03\u003c04:13, 6.71MB/s]\r 36%|███▌      | 939M/2.64G [01:03\u003c04:16, 6.64MB/s]\n"}
,{"stream_name":"stderr","time":151.523067408,"data":"\r 36%|███▌      | 939M/2.64G [01:03\u003c04:16, 6.64MB/s]\r 36%|███▌      | 940M/2.64G [01:03\u003c04:15, 6.66MB/s]\n"}
,{"stream_name":"stderr","time":151.659667936,"data":"\r 36%|███▌      | 940M/2.64G [01:03\u003c04:15, 6.66MB/s]\r 36%|███▌      | 941M/2.64G [01:04\u003c04:14, 6.68MB/s]\n"}
,{"stream_name":"stderr","time":151.796542403,"data":"\r 36%|███▌      | 941M/2.64G [01:04\u003c04:14, 6.68MB/s]\r 36%|███▌      | 942M/2.64G [01:04\u003c04:11, 6.76MB/s]\n"}
,{"stream_name":"stderr","time":151.933845942,"data":"\r 36%|███▌      | 942M/2.64G [01:04\u003c04:11, 6.76MB/s]\r 36%|███▌      | 943M/2.64G [01:04\u003c04:09, 6.81MB/s]\n"}
,{"stream_name":"stderr","time":152.070454512,"data":"\r 36%|███▌      | 943M/2.64G [01:04\u003c04:09, 6.81MB/s]\r 36%|███▌      | 944M/2.64G [01:04\u003c04:07, 6.85MB/s]\n"}
,{"stream_name":"stderr","time":152.207545527,"data":"\r 36%|███▌      | 944M/2.64G [01:04\u003c04:07, 6.85MB/s]\r 36%|███▌      | 945M/2.64G [01:04\u003c04:01, 7.02MB/s]\n"}
,{"stream_name":"stderr","time":152.344334528,"data":"\r 36%|███▌      | 945M/2.64G [01:04\u003c04:01, 7.02MB/s]\r 36%|███▌      | 946M/2.64G [01:04\u003c03:59, 7.07MB/s]\n"}
,{"stream_name":"stderr","time":152.482421018,"data":"\r 36%|███▌      | 946M/2.64G [01:04\u003c03:59, 7.07MB/s]\r 36%|███▌      | 947M/2.64G [01:04\u003c03:54, 7.23MB/s]\n"}
,{"stream_name":"stderr","time":152.619094527,"data":"\r 36%|███▌      | 947M/2.64G [01:04\u003c03:54, 7.23MB/s]\r 36%|███▌      | 948M/2.64G [01:05\u003c03:52, 7.29MB/s]\n"}
,{"stream_name":"stderr","time":152.75583375,"data":"\r 36%|███▌      | 948M/2.64G [01:05\u003c03:52, 7.29MB/s]\r 36%|███▌      | 949M/2.64G [01:05\u003c03:48, 7.41MB/s]\n"}
,{"stream_name":"stderr","time":152.892352425,"data":"\r 36%|███▌      | 949M/2.64G [01:05\u003c03:48, 7.41MB/s]\r 36%|███▌      | 950M/2.64G [01:05\u003c03:45, 7.49MB/s]\n"}
,{"stream_name":"stderr","time":153.029197163,"data":"\r 36%|███▌      | 950M/2.64G [01:05\u003c03:45, 7.49MB/s]\r 36%|███▌      | 951M/2.64G [01:05\u003c03:44, 7.54MB/s]\n"}
,{"stream_name":"stderr","time":153.165066899,"data":"\r 36%|███▌      | 951M/2.64G [01:05\u003c03:44, 7.54MB/s]\r 36%|███▌      | 952M/2.64G [01:05\u003c03:40, 7.65MB/s]\n"}
,{"stream_name":"stderr","time":153.303533747,"data":"\r 36%|███▌      | 952M/2.64G [01:05\u003c03:40, 7.65MB/s]\r 36%|███▌      | 953M/2.64G [01:05\u003c03:36, 7.78MB/s]\n"}
,{"stream_name":"stderr","time":153.43967834,"data":"\r 36%|███▌      | 953M/2.64G [01:05\u003c03:36, 7.78MB/s]\r 36%|███▌      | 954M/2.64G [01:05\u003c03:35, 7.83MB/s]\n"}
,{"stream_name":"stderr","time":153.576420039,"data":"\r 36%|███▌      | 954M/2.64G [01:05\u003c03:35, 7.83MB/s]\r 36%|███▌      | 955M/2.64G [01:05\u003c03:32, 7.93MB/s]\n"}
,{"stream_name":"stderr","time":153.712409422,"data":"\r 36%|███▌      | 955M/2.64G [01:05\u003c03:32, 7.93MB/s]\r 36%|███▌      | 956M/2.64G [01:06\u003c03:32, 7.93MB/s]\n"}
,{"stream_name":"stderr","time":153.849167045,"data":"\r 36%|███▌      | 956M/2.64G [01:06\u003c03:32, 7.93MB/s]\r 36%|███▋      | 957M/2.64G [01:06\u003c03:30, 7.99MB/s]\n"}
,{"stream_name":"stderr","time":153.986054224,"data":"\r 36%|███▋      | 957M/2.64G [01:06\u003c03:30, 7.99MB/s]\r 36%|███▋      | 959M/2.64G [01:06\u003c03:27, 8.11MB/s]\n"}
,{"stream_name":"stderr","time":154.122865026,"data":"\r 36%|███▋      | 959M/2.64G [01:06\u003c03:27, 8.11MB/s]\r 36%|███▋      | 960M/2.64G [01:06\u003c03:26, 8.12MB/s]\n"}
,{"stream_name":"stderr","time":154.259307453,"data":"\r 36%|███▋      | 960M/2.64G [01:06\u003c03:26, 8.12MB/s]\r 36%|███▋      | 961M/2.64G [01:06\u003c03:24, 8.20MB/s]\n"}
,{"stream_name":"stderr","time":154.396349018,"data":"\r 36%|███▋      | 961M/2.64G [01:06\u003c03:24, 8.20MB/s]\r 36%|███▋      | 962M/2.64G [01:06\u003c03:25, 8.19MB/s]\n"}
,{"stream_name":"stderr","time":154.532688063,"data":"\r 36%|███▋      | 962M/2.64G [01:06\u003c03:25, 8.19MB/s]\r 36%|███▋      | 963M/2.64G [01:06\u003c03:23, 8.25MB/s]\n"}
,{"stream_name":"stderr","time":154.669594604,"data":"\r 36%|███▋      | 963M/2.64G [01:06\u003c03:23, 8.25MB/s]\r 37%|███▋      | 964M/2.64G [01:07\u003c03:22, 8.29MB/s]\n"}
,{"stream_name":"stderr","time":154.806238787,"data":"\r 37%|███▋      | 964M/2.64G [01:07\u003c03:22, 8.29MB/s]\r 37%|███▋      | 965M/2.64G [01:07\u003c03:21, 8.32MB/s]\n"}
,{"stream_name":"stderr","time":154.943199333,"data":"\r 37%|███▋      | 965M/2.64G [01:07\u003c03:21, 8.32MB/s]\r 37%|███▋      | 967M/2.64G [01:07\u003c03:20, 8.34MB/s]\n"}
,{"stream_name":"stderr","time":155.080041399,"data":"\r 37%|███▋      | 967M/2.64G [01:07\u003c03:20, 8.34MB/s]\r 37%|███▋      | 968M/2.64G [01:07\u003c03:18, 8.42MB/s]\n"}
,{"stream_name":"stderr","time":155.216531081,"data":"\r 37%|███▋      | 968M/2.64G [01:07\u003c03:18, 8.42MB/s]\r 37%|███▋      | 969M/2.64G [01:07\u003c03:18, 8.41MB/s]\n"}
,{"stream_name":"stderr","time":155.353300167,"data":"\r 37%|███▋      | 969M/2.64G [01:07\u003c03:18, 8.41MB/s]\r 37%|███▋      | 970M/2.64G [01:07\u003c03:18, 8.40MB/s]\n"}
,{"stream_name":"stderr","time":155.48987182,"data":"\r 37%|███▋      | 970M/2.64G [01:07\u003c03:18, 8.40MB/s]\r 37%|███▋      | 971M/2.64G [01:07\u003c03:18, 8.40MB/s]\n"}
,{"stream_name":"stderr","time":155.626837064,"data":"\r 37%|███▋      | 971M/2.64G [01:07\u003c03:18, 8.40MB/s]\r 37%|███▋      | 972M/2.64G [01:08\u003c03:18, 8.40MB/s]\n"}
,{"stream_name":"stderr","time":155.763305937,"data":"\r 37%|███▋      | 972M/2.64G [01:08\u003c03:18, 8.40MB/s]\r 37%|███▋      | 973M/2.64G [01:08\u003c03:18, 8.39MB/s]\n"}
,{"stream_name":"stderr","time":155.900315196,"data":"\r 37%|███▋      | 973M/2.64G [01:08\u003c03:18, 8.39MB/s]\r 37%|███▋      | 974M/2.64G [01:08\u003c03:23, 8.17MB/s]\n"}
,{"stream_name":"stderr","time":156.037346177,"data":"\r 37%|███▋      | 974M/2.64G [01:08\u003c03:23, 8.17MB/s]\r 37%|███▋      | 975M/2.64G [01:08\u003c03:41, 7.52MB/s]\n"}
,{"stream_name":"stderr","time":156.173958909,"data":"\r 37%|███▋      | 975M/2.64G [01:08\u003c03:41, 7.52MB/s]\r 37%|███▋      | 976M/2.64G [01:08\u003c03:55, 7.06MB/s]\n"}
,{"stream_name":"stderr","time":156.310907878,"data":"\r 37%|███▋      | 976M/2.64G [01:08\u003c03:55, 7.06MB/s]\r 37%|███▋      | 977M/2.64G [01:08\u003c04:01, 6.88MB/s]\n"}
,{"stream_name":"stderr","time":156.447193542,"data":"\r 37%|███▋      | 977M/2.64G [01:08\u003c04:01, 6.88MB/s]\r 37%|███▋      | 978M/2.64G [01:08\u003c04:05, 6.76MB/s]\n"}
,{"stream_name":"stderr","time":156.584033094,"data":"\r 37%|███▋      | 978M/2.64G [01:08\u003c04:05, 6.76MB/s]\r 37%|███▋      | 979M/2.64G [01:09\u003c04:06, 6.75MB/s]\n"}
,{"stream_name":"stderr","time":156.720630711,"data":"\r 37%|███▋      | 979M/2.64G [01:09\u003c04:06, 6.75MB/s]\r 37%|███▋      | 980M/2.64G [01:09\u003c04:06, 6.73MB/s]\n"}
,{"stream_name":"stderr","time":156.857415335,"data":"\r 37%|███▋      | 980M/2.64G [01:09\u003c04:06, 6.73MB/s]\r 37%|███▋      | 981M/2.64G [01:09\u003c04:04, 6.80MB/s]\n"}
,{"stream_name":"stderr","time":156.994181353,"data":"\r 37%|███▋      | 981M/2.64G [01:09\u003c04:04, 6.80MB/s]\r 37%|███▋      | 982M/2.64G [01:09\u003c04:02, 6.85MB/s]\n"}
,{"stream_name":"stderr","time":157.13051933,"data":"\r 37%|███▋      | 982M/2.64G [01:09\u003c04:02, 6.85MB/s]\r 37%|███▋      | 983M/2.64G [01:09\u003c03:58, 6.95MB/s]\n"}
,{"stream_name":"stderr","time":157.267092044,"data":"\r 37%|███▋      | 983M/2.64G [01:09\u003c03:58, 6.95MB/s]\r 37%|███▋      | 984M/2.64G [01:09\u003c03:55, 7.03MB/s]\n"}
,{"stream_name":"stderr","time":157.403619991,"data":"\r 37%|███▋      | 984M/2.64G [01:09\u003c03:55, 7.03MB/s]\r 37%|███▋      | 985M/2.64G [01:09\u003c03:51, 7.15MB/s]\n"}
,{"stream_name":"stderr","time":157.540347058,"data":"\r 37%|███▋      | 985M/2.64G [01:09\u003c03:51, 7.15MB/s]\r 37%|███▋      | 986M/2.64G [01:09\u003c03:48, 7.23MB/s]\n"}
,{"stream_name":"stderr","time":157.676990087,"data":"\r 37%|███▋      | 986M/2.64G [01:09\u003c03:48, 7.23MB/s]\r 37%|███▋      | 987M/2.64G [01:10\u003c03:44, 7.37MB/s]\n"}
,{"stream_name":"stderr","time":157.813845806,"data":"\r 37%|███▋      | 987M/2.64G [01:10\u003c03:44, 7.37MB/s]\r 37%|███▋      | 988M/2.64G [01:10\u003c03:41, 7.46MB/s]\n"}
,{"stream_name":"stderr","time":157.95040543,"data":"\r 37%|███▋      | 988M/2.64G [01:10\u003c03:41, 7.46MB/s]\r 37%|███▋      | 989M/2.64G [01:10\u003c03:39, 7.52MB/s]\n"}
,{"stream_name":"stderr","time":158.086987403,"data":"\r 37%|███▋      | 989M/2.64G [01:10\u003c03:39, 7.52MB/s]\r 37%|███▋      | 990M/2.64G [01:10\u003c03:36, 7.64MB/s]\n"}
,{"stream_name":"stderr","time":158.223634973,"data":"\r 37%|███▋      | 990M/2.64G [01:10\u003c03:36, 7.64MB/s]\r 38%|███▊      | 991M/2.64G [01:10\u003c03:33, 7.72MB/s]\n"}
,{"stream_name":"stderr","time":158.360294906,"data":"\r 38%|███▊      | 991M/2.64G [01:10\u003c03:33, 7.72MB/s]\r 38%|███▊      | 992M/2.64G [01:10\u003c03:31, 7.78MB/s]\n"}
,{"stream_name":"stderr","time":158.49742446,"data":"\r 38%|███▊      | 992M/2.64G [01:10\u003c03:31, 7.78MB/s]\r 38%|███▊      | 993M/2.64G [01:10\u003c03:28, 7.89MB/s]\n"}
,{"stream_name":"stderr","time":158.633768541,"data":"\r 38%|███▊      | 993M/2.64G [01:10\u003c03:28, 7.89MB/s]\r 38%|███▊      | 994M/2.64G [01:11\u003c03:26, 7.97MB/s]\n"}
,{"stream_name":"stderr","time":158.770220562,"data":"\r 38%|███▊      | 994M/2.64G [01:11\u003c03:26, 7.97MB/s]\r 38%|███▊      | 995M/2.64G [01:11\u003c03:26, 7.95MB/s]\n"}
,{"stream_name":"stderr","time":158.907540304,"data":"\r 38%|███▊      | 995M/2.64G [01:11\u003c03:26, 7.95MB/s]\r 38%|███▊      | 996M/2.64G [01:11\u003c03:25, 8.01MB/s]\n"}
,{"stream_name":"stderr","time":159.045028541,"data":"\r 38%|███▊      | 996M/2.64G [01:11\u003c03:25, 8.01MB/s]\r 38%|███▊      | 998M/2.64G [01:11\u003c03:22, 8.11MB/s]\n"}
,{"stream_name":"stderr","time":159.179769582,"data":"\r 38%|███▊      | 998M/2.64G [01:11\u003c03:22, 8.11MB/s]\r 38%|███▊      | 999M/2.64G [01:11\u003c03:21, 8.15MB/s]\n"}
,{"stream_name":"stderr","time":159.318115467,"data":"\r 38%|███▊      | 999M/2.64G [01:11\u003c03:21, 8.15MB/s]\r 38%|███▊      | 1.00G/2.64G [01:11\u003c03:20, 8.20MB/s]\n"}
,{"stream_name":"stderr","time":159.45387138,"data":"\r 38%|███▊      | 1.00G/2.64G [01:11\u003c03:20, 8.20MB/s]\r 38%|███▊      | 1.00G/2.64G [01:11\u003c03:19, 8.20MB/s]\n"}
,{"stream_name":"stderr","time":159.590871541,"data":"\r 38%|███▊      | 1.00G/2.64G [01:11\u003c03:19, 8.20MB/s]\r 38%|███▊      | 1.00G/2.64G [01:12\u003c03:18, 8.25MB/s]\n"}
,{"stream_name":"stderr","time":159.727338491,"data":"\r 38%|███▊      | 1.00G/2.64G [01:12\u003c03:18, 8.25MB/s]\r 38%|███▊      | 1.00G/2.64G [01:12\u003c03:17, 8.30MB/s]\n"}
,{"stream_name":"stderr","time":159.865082164,"data":"\r 38%|███▊      | 1.00G/2.64G [01:12\u003c03:17, 8.30MB/s]\r 38%|███▊      | 1.00G/2.64G [01:12\u003c03:15, 8.38MB/s]\n"}
,{"stream_name":"stderr","time":160.000880707,"data":"\r 38%|███▊      | 1.00G/2.64G [01:12\u003c03:15, 8.38MB/s]\r 38%|███▊      | 1.01G/2.64G [01:12\u003c03:14, 8.39MB/s]\n"}
,{"stream_name":"stderr","time":160.137450943,"data":"\r 38%|███▊      | 1.01G/2.64G [01:12\u003c03:14, 8.39MB/s]\r 38%|███▊      | 1.01G/2.64G [01:12\u003c03:14, 8.40MB/s]\n"}
,{"stream_name":"stderr","time":160.274252623,"data":"\r 38%|███▊      | 1.01G/2.64G [01:12\u003c03:14, 8.40MB/s]\r 38%|███▊      | 1.01G/2.64G [01:12\u003c03:14, 8.39MB/s]\n"}
,{"stream_name":"stderr","time":160.411227393,"data":"\r 38%|███▊      | 1.01G/2.64G [01:12\u003c03:14, 8.39MB/s]\r 38%|███▊      | 1.01G/2.64G [01:12\u003c03:14, 8.39MB/s]\n"}
,{"stream_name":"stderr","time":160.54819182,"data":"\r 38%|███▊      | 1.01G/2.64G [01:12\u003c03:14, 8.39MB/s]\r 38%|███▊      | 1.01G/2.64G [01:12\u003c03:14, 8.38MB/s]\n"}
,{"stream_name":"stderr","time":160.68509764,"data":"\r 38%|███▊      | 1.01G/2.64G [01:12\u003c03:14, 8.38MB/s]\r 38%|███▊      | 1.01G/2.64G [01:13\u003c03:14, 8.38MB/s]\n"}
,{"stream_name":"stderr","time":160.823055152,"data":"\r 38%|███▊      | 1.01G/2.64G [01:13\u003c03:14, 8.38MB/s]\r 38%|███▊      | 1.01G/2.64G [01:13\u003c03:12, 8.44MB/s]\n"}
,{"stream_name":"stderr","time":160.95865563,"data":"\r 38%|███▊      | 1.01G/2.64G [01:13\u003c03:12, 8.44MB/s]\r 38%|███▊      | 1.01G/2.64G [01:13\u003c03:12, 8.44MB/s]\n"}
,{"stream_name":"stderr","time":161.094622097,"data":"\r 38%|███▊      | 1.01G/2.64G [01:13\u003c03:12, 8.44MB/s]\r 38%|███▊      | 1.01G/2.64G [01:13\u003c03:12, 8.43MB/s]\n"}
,{"stream_name":"stderr","time":161.231603327,"data":"\r 38%|███▊      | 1.01G/2.64G [01:13\u003c03:12, 8.43MB/s]\r 38%|███▊      | 1.02G/2.64G [01:13\u003c03:13, 8.41MB/s]\n"}
,{"stream_name":"stderr","time":161.368413754,"data":"\r 38%|███▊      | 1.02G/2.64G [01:13\u003c03:13, 8.41MB/s]\r 39%|███▊      | 1.02G/2.64G [01:13\u003c03:13, 8.41MB/s]\n"}
,{"stream_name":"stderr","time":161.505575246,"data":"\r 39%|███▊      | 1.02G/2.64G [01:13\u003c03:13, 8.41MB/s]\r 39%|███▊      | 1.02G/2.64G [01:13\u003c03:13, 8.40MB/s]\n"}
,{"stream_name":"stderr","time":161.642243889,"data":"\r 39%|███▊      | 1.02G/2.64G [01:13\u003c03:13, 8.40MB/s]\r 39%|███▊      | 1.02G/2.64G [01:14\u003c03:13, 8.39MB/s]\n"}
,{"stream_name":"stderr","time":161.778987038,"data":"\r 39%|███▊      | 1.02G/2.64G [01:14\u003c03:13, 8.39MB/s]\r 39%|███▊      | 1.02G/2.64G [01:14\u003c03:13, 8.39MB/s]\n"}
,{"stream_name":"stderr","time":161.916929648,"data":"\r 39%|███▊      | 1.02G/2.64G [01:14\u003c03:13, 8.39MB/s]\r 39%|███▊      | 1.02G/2.64G [01:14\u003c03:11, 8.44MB/s]\n"}
,{"stream_name":"stderr","time":162.053569446,"data":"\r 39%|███▊      | 1.02G/2.64G [01:14\u003c03:11, 8.44MB/s]\r 39%|███▊      | 1.02G/2.64G [01:14\u003c03:12, 8.42MB/s]\n"}
,{"stream_name":"stderr","time":162.192304283,"data":"\r 39%|███▊      | 1.02G/2.64G [01:14\u003c03:12, 8.42MB/s]\r 39%|███▉      | 1.02G/2.64G [01:14\u003c03:12, 8.38MB/s]\n"}
,{"stream_name":"stderr","time":162.329066306,"data":"\r 39%|███▉      | 1.02G/2.64G [01:14\u003c03:12, 8.38MB/s]\r 39%|███▉      | 1.03G/2.64G [01:14\u003c03:12, 8.38MB/s]\n"}
,{"stream_name":"stderr","time":162.466000708,"data":"\r 39%|███▉      | 1.03G/2.64G [01:14\u003c03:12, 8.38MB/s]\r 39%|███▉      | 1.03G/2.64G [01:14\u003c03:12, 8.38MB/s]\n"}
,{"stream_name":"stderr","time":162.602997325,"data":"\r 39%|███▉      | 1.03G/2.64G [01:14\u003c03:12, 8.38MB/s]\r 39%|███▉      | 1.03G/2.64G [01:15\u003c03:12, 8.38MB/s]\n"}
,{"stream_name":"stderr","time":162.739585676,"data":"\r 39%|███▉      | 1.03G/2.64G [01:15\u003c03:12, 8.38MB/s]\r 39%|███▉      | 1.03G/2.64G [01:15\u003c03:12, 8.38MB/s]\n"}
,{"stream_name":"stderr","time":162.876449841,"data":"\r 39%|███▉      | 1.03G/2.64G [01:15\u003c03:12, 8.38MB/s]\r 39%|███▉      | 1.03G/2.64G [01:15\u003c03:12, 8.38MB/s]\n"}
,{"stream_name":"stderr","time":163.014088531,"data":"\r 39%|███▉      | 1.03G/2.64G [01:15\u003c03:12, 8.38MB/s]\r 39%|███▉      | 1.03G/2.64G [01:15\u003c03:10, 8.44MB/s]\n"}
,{"stream_name":"stderr","time":163.150882186,"data":"\r 39%|███▉      | 1.03G/2.64G [01:15\u003c03:10, 8.44MB/s]\r 39%|███▉      | 1.03G/2.64G [01:15\u003c03:10, 8.43MB/s]\n"}
,{"stream_name":"stderr","time":163.289312756,"data":"\r 39%|███▉      | 1.03G/2.64G [01:15\u003c03:10, 8.43MB/s]\r 39%|███▉      | 1.03G/2.64G [01:15\u003c03:10, 8.45MB/s]\n"}
,{"stream_name":"stderr","time":163.427170165,"data":"\r 39%|███▉      | 1.03G/2.64G [01:15\u003c03:10, 8.45MB/s]\r 39%|███▉      | 1.03G/2.64G [01:15\u003c03:09, 8.48MB/s]\n"}
,{"stream_name":"stderr","time":163.560590477,"data":"\r 39%|███▉      | 1.03G/2.64G [01:15\u003c03:09, 8.48MB/s]\r 39%|███▉      | 1.04G/2.64G [01:15\u003c03:08, 8.52MB/s]\n"}
,{"stream_name":"stderr","time":163.698452161,"data":"\r 39%|███▉      | 1.04G/2.64G [01:15\u003c03:08, 8.52MB/s]\r 39%|███▉      | 1.04G/2.64G [01:16\u003c03:08, 8.53MB/s]\n"}
,{"stream_name":"stderr","time":163.83478592,"data":"\r 39%|███▉      | 1.04G/2.64G [01:16\u003c03:08, 8.53MB/s]\r 39%|███▉      | 1.04G/2.64G [01:16\u003c03:07, 8.57MB/s]\n"}
,{"stream_name":"stderr","time":163.973659409,"data":"\r 39%|███▉      | 1.04G/2.64G [01:16\u003c03:07, 8.57MB/s]\r 39%|███▉      | 1.04G/2.64G [01:16\u003c03:07, 8.55MB/s]\n"}
,{"stream_name":"stderr","time":164.111724907,"data":"\r 39%|███▉      | 1.04G/2.64G [01:16\u003c03:07, 8.55MB/s]\r 39%|███▉      | 1.04G/2.64G [01:16\u003c03:07, 8.55MB/s]\n"}
,{"stream_name":"stderr","time":164.244772177,"data":"\r 39%|███▉      | 1.04G/2.64G [01:16\u003c03:07, 8.55MB/s]\r 39%|███▉      | 1.04G/2.64G [01:16\u003c03:06, 8.56MB/s]\n"}
,{"stream_name":"stderr","time":164.382056276,"data":"\r 39%|███▉      | 1.04G/2.64G [01:16\u003c03:06, 8.56MB/s]\r 39%|███▉      | 1.04G/2.64G [01:16\u003c03:04, 8.65MB/s]\n"}
,{"stream_name":"stderr","time":164.519028441,"data":"\r 39%|███▉      | 1.04G/2.64G [01:16\u003c03:04, 8.65MB/s]\r 40%|███▉      | 1.04G/2.64G [01:16\u003c03:04, 8.64MB/s]\n"}
,{"stream_name":"stderr","time":164.655518493,"data":"\r 40%|███▉      | 1.04G/2.64G [01:16\u003c03:04, 8.64MB/s]\r 40%|███▉      | 1.05G/2.64G [01:17\u003c03:03, 8.71MB/s]\n"}
,{"stream_name":"stderr","time":164.792336435,"data":"\r 40%|███▉      | 1.05G/2.64G [01:17\u003c03:03, 8.71MB/s]\r 40%|███▉      | 1.05G/2.64G [01:17\u003c03:03, 8.68MB/s]\n"}
,{"stream_name":"stderr","time":164.930557586,"data":"\r 40%|███▉      | 1.05G/2.64G [01:17\u003c03:03, 8.68MB/s]\r 40%|███▉      | 1.05G/2.64G [01:17\u003c03:02, 8.71MB/s]\n"}
,{"stream_name":"stderr","time":165.067840331,"data":"\r 40%|███▉      | 1.05G/2.64G [01:17\u003c03:02, 8.71MB/s]\r 40%|███▉      | 1.05G/2.64G [01:17\u003c03:18, 8.04MB/s]\n"}
,{"stream_name":"stderr","time":165.204585738,"data":"\r 40%|███▉      | 1.05G/2.64G [01:17\u003c03:18, 8.04MB/s]\r 40%|███▉      | 1.05G/2.64G [01:17\u003c03:30, 7.57MB/s]\n"}
,{"stream_name":"stderr","time":165.341726078,"data":"\r 40%|███▉      | 1.05G/2.64G [01:17\u003c03:30, 7.57MB/s]\r 40%|███▉      | 1.05G/2.64G [01:17\u003c03:39, 7.23MB/s]\n"}
,{"stream_name":"stderr","time":165.478343455,"data":"\r 40%|███▉      | 1.05G/2.64G [01:17\u003c03:39, 7.23MB/s]\r 40%|███▉      | 1.05G/2.64G [01:17\u003c03:44, 7.07MB/s]\n"}
,{"stream_name":"stderr","time":165.616021071,"data":"\r 40%|███▉      | 1.05G/2.64G [01:17\u003c03:44, 7.07MB/s]\r 40%|███▉      | 1.05G/2.64G [01:18\u003c03:46, 7.02MB/s]\n"}
,{"stream_name":"stderr","time":165.751980738,"data":"\r 40%|███▉      | 1.05G/2.64G [01:18\u003c03:46, 7.02MB/s]\r 40%|███▉      | 1.05G/2.64G [01:18\u003c03:46, 7.01MB/s]\n"}
,{"stream_name":"stderr","time":165.889089493,"data":"\r 40%|███▉      | 1.05G/2.64G [01:18\u003c03:46, 7.01MB/s]\r 40%|███▉      | 1.05G/2.64G [01:18\u003c03:44, 7.06MB/s]\n"}
,{"stream_name":"stderr","time":166.026045747,"data":"\r 40%|███▉      | 1.05G/2.64G [01:18\u003c03:44, 7.06MB/s]\r 40%|███▉      | 1.05G/2.64G [01:18\u003c03:43, 7.09MB/s]\n"}
,{"stream_name":"stderr","time":166.163000517,"data":"\r 40%|███▉      | 1.05G/2.64G [01:18\u003c03:43, 7.09MB/s]\r 40%|███▉      | 1.06G/2.64G [01:18\u003c03:40, 7.19MB/s]\n"}
,{"stream_name":"stderr","time":166.300551051,"data":"\r 40%|███▉      | 1.06G/2.64G [01:18\u003c03:40, 7.19MB/s]\r 40%|████      | 1.06G/2.64G [01:18\u003c03:36, 7.32MB/s]\n"}
,{"stream_name":"stderr","time":166.436585779,"data":"\r 40%|████      | 1.06G/2.64G [01:18\u003c03:36, 7.32MB/s]\r 40%|████      | 1.06G/2.64G [01:18\u003c03:34, 7.36MB/s]\n"}
,{"stream_name":"stderr","time":166.574333721,"data":"\r 40%|████      | 1.06G/2.64G [01:18\u003c03:34, 7.36MB/s]\r 40%|████      | 1.06G/2.64G [01:18\u003c03:30, 7.51MB/s]\n"}
,{"stream_name":"stderr","time":166.710715252,"data":"\r 40%|████      | 1.06G/2.64G [01:18\u003c03:30, 7.51MB/s]\r 40%|████      | 1.06G/2.64G [01:19\u003c03:27, 7.63MB/s]\n"}
,{"stream_name":"stderr","time":166.847190311,"data":"\r 40%|████      | 1.06G/2.64G [01:19\u003c03:27, 7.63MB/s]\r 40%|████      | 1.06G/2.64G [01:19\u003c03:24, 7.72MB/s]\n"}
,{"stream_name":"stderr","time":166.985176437,"data":"\r 40%|████      | 1.06G/2.64G [01:19\u003c03:24, 7.72MB/s]\r 40%|████      | 1.06G/2.64G [01:19\u003c03:21, 7.84MB/s]\n"}
,{"stream_name":"stderr","time":167.121690264,"data":"\r 40%|████      | 1.06G/2.64G [01:19\u003c03:21, 7.84MB/s]\r 40%|████      | 1.06G/2.64G [01:19\u003c03:20, 7.86MB/s]\n"}
,{"stream_name":"stderr","time":167.258583243,"data":"\r 40%|████      | 1.06G/2.64G [01:19\u003c03:20, 7.86MB/s]\r 40%|████      | 1.06G/2.64G [01:19\u003c03:16, 8.02MB/s]\n"}
,{"stream_name":"stderr","time":167.395072252,"data":"\r 40%|████      | 1.06G/2.64G [01:19\u003c03:16, 8.02MB/s]\r 40%|████      | 1.07G/2.64G [01:19\u003c03:15, 8.06MB/s]\n"}
,{"stream_name":"stderr","time":167.532229779,"data":"\r 40%|████      | 1.07G/2.64G [01:19\u003c03:15, 8.06MB/s]\r 40%|████      | 1.07G/2.64G [01:19\u003c03:13, 8.15MB/s]\n"}
,{"stream_name":"stderr","time":167.669188499,"data":"\r 40%|████      | 1.07G/2.64G [01:19\u003c03:13, 8.15MB/s]\r 40%|████      | 1.07G/2.64G [01:20\u003c03:11, 8.22MB/s]\n"}
,{"stream_name":"stderr","time":167.805597412,"data":"\r 40%|████      | 1.07G/2.64G [01:20\u003c03:11, 8.22MB/s]\r 40%|████      | 1.07G/2.64G [01:20\u003c03:09, 8.28MB/s]\n"}
,{"stream_name":"stderr","time":167.942704069,"data":"\r 40%|████      | 1.07G/2.64G [01:20\u003c03:09, 8.28MB/s]\r 41%|████      | 1.07G/2.64G [01:20\u003c03:07, 8.38MB/s]\n"}
,{"stream_name":"stderr","time":168.080209621,"data":"\r 41%|████      | 1.07G/2.64G [01:20\u003c03:07, 8.38MB/s]\r 41%|████      | 1.07G/2.64G [01:20\u003c03:06, 8.43MB/s]\n"}
,{"stream_name":"stderr","time":168.217982064,"data":"\r 41%|████      | 1.07G/2.64G [01:20\u003c03:06, 8.43MB/s]\r 41%|████      | 1.07G/2.64G [01:20\u003c03:05, 8.47MB/s]\n"}
,{"stream_name":"stderr","time":168.35271084,"data":"\r 41%|████      | 1.07G/2.64G [01:20\u003c03:05, 8.47MB/s]\r 41%|████      | 1.07G/2.64G [01:20\u003c03:03, 8.55MB/s]\n"}
,{"stream_name":"stderr","time":168.491153458,"data":"\r 41%|████      | 1.07G/2.64G [01:20\u003c03:03, 8.55MB/s]\r 41%|████      | 1.08G/2.64G [01:20\u003c03:01, 8.62MB/s]\n"}
,{"stream_name":"stderr","time":168.626533605,"data":"\r 41%|████      | 1.08G/2.64G [01:20\u003c03:01, 8.62MB/s]\r 41%|████      | 1.08G/2.64G [01:21\u003c03:00, 8.65MB/s]\n"}
,{"stream_name":"stderr","time":168.763633208,"data":"\r 41%|████      | 1.08G/2.64G [01:21\u003c03:00, 8.65MB/s]\r 41%|████      | 1.08G/2.64G [01:21\u003c03:00, 8.64MB/s]\n"}
,{"stream_name":"stderr","time":168.900260906,"data":"\r 41%|████      | 1.08G/2.64G [01:21\u003c03:00, 8.64MB/s]\r 41%|████      | 1.08G/2.64G [01:21\u003c02:59, 8.71MB/s]\n"}
,{"stream_name":"stderr","time":169.037612806,"data":"\r 41%|████      | 1.08G/2.64G [01:21\u003c02:59, 8.71MB/s]\r 41%|████      | 1.08G/2.64G [01:21\u003c02:58, 8.74MB/s]\n"}
,{"stream_name":"stderr","time":169.173354561,"data":"\r 41%|████      | 1.08G/2.64G [01:21\u003c02:58, 8.74MB/s]\r 41%|████      | 1.08G/2.64G [01:21\u003c02:58, 8.72MB/s]\n"}
,{"stream_name":"stderr","time":169.310440743,"data":"\r 41%|████      | 1.08G/2.64G [01:21\u003c02:58, 8.72MB/s]\r 41%|████      | 1.08G/2.64G [01:21\u003c02:57, 8.76MB/s]\n"}
,{"stream_name":"stderr","time":169.447263379,"data":"\r 41%|████      | 1.08G/2.64G [01:21\u003c02:57, 8.76MB/s]\r 41%|████      | 1.08G/2.64G [01:21\u003c02:58, 8.72MB/s]\n"}
,{"stream_name":"stderr","time":169.584228496,"data":"\r 41%|████      | 1.08G/2.64G [01:21\u003c02:58, 8.72MB/s]\r 41%|████      | 1.08G/2.64G [01:22\u003c02:57, 8.76MB/s]\n"}
,{"stream_name":"stderr","time":169.721519773,"data":"\r 41%|████      | 1.08G/2.64G [01:22\u003c02:57, 8.76MB/s]\r 41%|████      | 1.09G/2.64G [01:22\u003c02:56, 8.78MB/s]\n"}
,{"stream_name":"stderr","time":169.857995955,"data":"\r 41%|████      | 1.09G/2.64G [01:22\u003c02:56, 8.78MB/s]\r 41%|████      | 1.09G/2.64G [01:22\u003c02:56, 8.81MB/s]\n"}
,{"stream_name":"stderr","time":169.994744143,"data":"\r 41%|████      | 1.09G/2.64G [01:22\u003c02:56, 8.81MB/s]\r 41%|████      | 1.09G/2.64G [01:22\u003c02:54, 8.90MB/s]\n"}
,{"stream_name":"stderr","time":170.131672162,"data":"\r 41%|████      | 1.09G/2.64G [01:22\u003c02:54, 8.90MB/s]\r 41%|████▏     | 1.09G/2.64G [01:22\u003c02:54, 8.89MB/s]\n"}
,{"stream_name":"stderr","time":170.268498614,"data":"\r 41%|████▏     | 1.09G/2.64G [01:22\u003c02:54, 8.89MB/s]\r 41%|████▏     | 1.09G/2.64G [01:22\u003c02:53, 8.95MB/s]\n"}
,{"stream_name":"stderr","time":170.405155053,"data":"\r 41%|████▏     | 1.09G/2.64G [01:22\u003c02:53, 8.95MB/s]\r 41%|████▏     | 1.09G/2.64G [01:22\u003c02:53, 8.93MB/s]\n"}
,{"stream_name":"stderr","time":170.542146594,"data":"\r 41%|████▏     | 1.09G/2.64G [01:22\u003c02:53, 8.93MB/s]\r 41%|████▏     | 1.09G/2.64G [01:22\u003c02:53, 8.91MB/s]\n"}
,{"stream_name":"stderr","time":170.678955001,"data":"\r 41%|████▏     | 1.09G/2.64G [01:22\u003c02:53, 8.91MB/s]\r 41%|████▏     | 1.09G/2.64G [01:23\u003c02:52, 8.96MB/s]\n"}
,{"stream_name":"stderr","time":170.815398989,"data":"\r 41%|████▏     | 1.09G/2.64G [01:23\u003c02:52, 8.96MB/s]\r 41%|████▏     | 1.10G/2.64G [01:23\u003c02:52, 8.94MB/s]\n"}
,{"stream_name":"stderr","time":170.952801942,"data":"\r 41%|████▏     | 1.10G/2.64G [01:23\u003c02:52, 8.94MB/s]\r 42%|████▏     | 1.10G/2.64G [01:23\u003c02:51, 8.98MB/s]\n"}
,{"stream_name":"stderr","time":171.088404901,"data":"\r 42%|████▏     | 1.10G/2.64G [01:23\u003c02:51, 8.98MB/s]\r 42%|████▏     | 1.10G/2.64G [01:23\u003c02:52, 8.96MB/s]\n"}
,{"stream_name":"stderr","time":171.225530329,"data":"\r 42%|████▏     | 1.10G/2.64G [01:23\u003c02:52, 8.96MB/s]\r 42%|████▏     | 1.10G/2.64G [01:23\u003c02:52, 8.93MB/s]\n"}
,{"stream_name":"stderr","time":171.36330951,"data":"\r 42%|████▏     | 1.10G/2.64G [01:23\u003c02:52, 8.93MB/s]\r 42%|████▏     | 1.10G/2.64G [01:23\u003c02:51, 8.96MB/s]\n"}
,{"stream_name":"stderr","time":171.499608335,"data":"\r 42%|████▏     | 1.10G/2.64G [01:23\u003c02:51, 8.96MB/s]\r 42%|████▏     | 1.10G/2.64G [01:23\u003c02:51, 8.95MB/s]\n"}
,{"stream_name":"stderr","time":171.636655139,"data":"\r 42%|████▏     | 1.10G/2.64G [01:23\u003c02:51, 8.95MB/s]\r 42%|████▏     | 1.10G/2.64G [01:24\u003c02:52, 8.92MB/s]\n"}
,{"stream_name":"stderr","time":171.773430654,"data":"\r 42%|████▏     | 1.10G/2.64G [01:24\u003c02:52, 8.92MB/s]\r 42%|████▏     | 1.10G/2.64G [01:24\u003c02:51, 8.97MB/s]\n"}
,{"stream_name":"stderr","time":171.910263481,"data":"\r 42%|████▏     | 1.10G/2.64G [01:24\u003c02:51, 8.97MB/s]\r 42%|████▏     | 1.11G/2.64G [01:24\u003c02:51, 8.94MB/s]\n"}
,{"stream_name":"stderr","time":172.047853398,"data":"\r 42%|████▏     | 1.11G/2.64G [01:24\u003c02:51, 8.94MB/s]\r 42%|████▏     | 1.11G/2.64G [01:24\u003c02:51, 8.97MB/s]\n"}
,{"stream_name":"stderr","time":172.184189693,"data":"\r 42%|████▏     | 1.11G/2.64G [01:24\u003c02:51, 8.97MB/s]\r 42%|████▏     | 1.11G/2.64G [01:24\u003c02:51, 8.95MB/s]\n"}
,{"stream_name":"stderr","time":172.320923506,"data":"\r 42%|████▏     | 1.11G/2.64G [01:24\u003c02:51, 8.95MB/s]\r 42%|████▏     | 1.11G/2.64G [01:24\u003c02:51, 8.93MB/s]\n"}
,{"stream_name":"stderr","time":172.457610411,"data":"\r 42%|████▏     | 1.11G/2.64G [01:24\u003c02:51, 8.93MB/s]\r 42%|████▏     | 1.11G/2.64G [01:24\u003c02:50, 8.98MB/s]\n"}
,{"stream_name":"stderr","time":172.594417012,"data":"\r 42%|████▏     | 1.11G/2.64G [01:24\u003c02:50, 8.98MB/s]\r 42%|████▏     | 1.11G/2.64G [01:25\u003c02:50, 8.95MB/s]\n"}
,{"stream_name":"stderr","time":172.731792037,"data":"\r 42%|████▏     | 1.11G/2.64G [01:25\u003c02:50, 8.95MB/s]\r 42%|████▏     | 1.11G/2.64G [01:25\u003c02:50, 8.98MB/s]\n"}
,{"stream_name":"stderr","time":172.867975195,"data":"\r 42%|████▏     | 1.11G/2.64G [01:25\u003c02:50, 8.98MB/s]\r 42%|████▏     | 1.11G/2.64G [01:25\u003c02:50, 8.96MB/s]\n"}
,{"stream_name":"stderr","time":173.004560622,"data":"\r 42%|████▏     | 1.11G/2.64G [01:25\u003c02:50, 8.96MB/s]\r 42%|████▏     | 1.12G/2.64G [01:25\u003c02:50, 8.93MB/s]\n"}
,{"stream_name":"stderr","time":173.142109133,"data":"\r 42%|████▏     | 1.12G/2.64G [01:25\u003c02:50, 8.93MB/s]\r 42%|████▏     | 1.12G/2.64G [01:25\u003c02:49, 8.97MB/s]\n"}
,{"stream_name":"stderr","time":173.278459289,"data":"\r 42%|████▏     | 1.12G/2.64G [01:25\u003c02:49, 8.97MB/s]\r 42%|████▏     | 1.12G/2.64G [01:25\u003c02:50, 8.94MB/s]\n"}
,{"stream_name":"stderr","time":173.415553012,"data":"\r 42%|████▏     | 1.12G/2.64G [01:25\u003c02:50, 8.94MB/s]\r 42%|████▏     | 1.12G/2.64G [01:25\u003c02:50, 8.92MB/s]\n"}
,{"stream_name":"stderr","time":173.552212215,"data":"\r 42%|████▏     | 1.12G/2.64G [01:25\u003c02:50, 8.92MB/s]\r 42%|████▏     | 1.12G/2.64G [01:25\u003c02:49, 8.97MB/s]\n"}
,{"stream_name":"stderr","time":173.689085025,"data":"\r 42%|████▏     | 1.12G/2.64G [01:25\u003c02:49, 8.97MB/s]\r 42%|████▏     | 1.12G/2.64G [01:26\u003c02:47, 9.08MB/s]\n"}
,{"stream_name":"stderr","time":173.82614068,"data":"\r 42%|████▏     | 1.12G/2.64G [01:26\u003c02:47, 9.08MB/s]\r 43%|████▎     | 1.12G/2.64G [01:26\u003c02:46, 9.09MB/s]\n"}
,{"stream_name":"stderr","time":173.962569,"data":"\r 43%|████▎     | 1.12G/2.64G [01:26\u003c02:46, 9.09MB/s]\r 43%|████▎     | 1.12G/2.64G [01:26\u003c02:46, 9.10MB/s]\n"}
,{"stream_name":"stderr","time":174.099453938,"data":"\r 43%|████▎     | 1.12G/2.64G [01:26\u003c02:46, 9.10MB/s]\r 43%|████▎     | 1.13G/2.64G [01:26\u003c02:46, 9.10MB/s]\n"}
,{"stream_name":"stderr","time":174.236395336,"data":"\r 43%|████▎     | 1.13G/2.64G [01:26\u003c02:46, 9.10MB/s]\r 43%|████▎     | 1.13G/2.64G [01:26\u003c02:45, 9.17MB/s]\n"}
,{"stream_name":"stderr","time":174.372718474,"data":"\r 43%|████▎     | 1.13G/2.64G [01:26\u003c02:45, 9.17MB/s]\r 43%|████▎     | 1.13G/2.64G [01:26\u003c02:43, 9.23MB/s]\n"}
,{"stream_name":"stderr","time":174.509890613,"data":"\r 43%|████▎     | 1.13G/2.64G [01:26\u003c02:43, 9.23MB/s]\r 43%|████▎     | 1.13G/2.64G [01:26\u003c02:43, 9.26MB/s]\n"}
,{"stream_name":"stderr","time":174.646684688,"data":"\r 43%|████▎     | 1.13G/2.64G [01:26\u003c02:43, 9.26MB/s]\r 43%|████▎     | 1.13G/2.64G [01:27\u003c02:41, 9.36MB/s]\n"}
,{"stream_name":"stderr","time":174.783693239,"data":"\r 43%|████▎     | 1.13G/2.64G [01:27\u003c02:41, 9.36MB/s]\r 43%|████▎     | 1.13G/2.64G [01:27\u003c02:41, 9.35MB/s]\n"}
,{"stream_name":"stderr","time":174.920106598,"data":"\r 43%|████▎     | 1.13G/2.64G [01:27\u003c02:41, 9.35MB/s]\r 43%|████▎     | 1.13G/2.64G [01:27\u003c02:40, 9.42MB/s]\n"}
,{"stream_name":"stderr","time":175.056805603,"data":"\r 43%|████▎     | 1.13G/2.64G [01:27\u003c02:40, 9.42MB/s]\r 43%|████▎     | 1.13G/2.64G [01:27\u003c02:37, 9.54MB/s]\n"}
,{"stream_name":"stderr","time":175.193636263,"data":"\r 43%|████▎     | 1.13G/2.64G [01:27\u003c02:37, 9.54MB/s]\r 43%|████▎     | 1.14G/2.64G [01:27\u003c02:37, 9.55MB/s]\n"}
,{"stream_name":"stderr","time":175.330602218,"data":"\r 43%|████▎     | 1.14G/2.64G [01:27\u003c02:37, 9.55MB/s]\r 43%|████▎     | 1.14G/2.64G [01:27\u003c02:34, 9.71MB/s]\n"}
,{"stream_name":"stderr","time":175.466934029,"data":"\r 43%|████▎     | 1.14G/2.64G [01:27\u003c02:34, 9.71MB/s]\r 43%|████▎     | 1.14G/2.64G [01:27\u003c02:34, 9.75MB/s]\n"}
,{"stream_name":"stderr","time":175.603772132,"data":"\r 43%|████▎     | 1.14G/2.64G [01:27\u003c02:34, 9.75MB/s]\r 43%|████▎     | 1.14G/2.64G [01:28\u003c02:32, 9.84MB/s]\n"}
,{"stream_name":"stderr","time":175.740888296,"data":"\r 43%|████▎     | 1.14G/2.64G [01:28\u003c02:32, 9.84MB/s]\r 43%|████▎     | 1.14G/2.64G [01:28\u003c02:31, 9.90MB/s]\n"}
,{"stream_name":"stderr","time":175.877557748,"data":"\r 43%|████▎     | 1.14G/2.64G [01:28\u003c02:31, 9.90MB/s]\r 43%|████▎     | 1.14G/2.64G [01:28\u003c02:29, 10.0MB/s]\n"}
,{"stream_name":"stderr","time":176.01426564,"data":"\r 43%|████▎     | 1.14G/2.64G [01:28\u003c02:29, 10.0MB/s]\r 43%|████▎     | 1.14G/2.64G [01:28\u003c02:27, 10.2MB/s]\n"}
,{"stream_name":"stderr","time":176.15121407,"data":"\r 43%|████▎     | 1.14G/2.64G [01:28\u003c02:27, 10.2MB/s]\r 43%|████▎     | 1.15G/2.64G [01:28\u003c02:26, 10.2MB/s]\n"}
,{"stream_name":"stderr","time":176.288054056,"data":"\r 43%|████▎     | 1.15G/2.64G [01:28\u003c02:26, 10.2MB/s]\r 43%|████▎     | 1.15G/2.64G [01:28\u003c02:23, 10.4MB/s]\n"}
,{"stream_name":"stderr","time":176.4244485,"data":"\r 43%|████▎     | 1.15G/2.64G [01:28\u003c02:23, 10.4MB/s]\r 43%|████▎     | 1.15G/2.64G [01:28\u003c02:22, 10.5MB/s]\n"}
,{"stream_name":"stderr","time":176.561737282,"data":"\r 43%|████▎     | 1.15G/2.64G [01:28\u003c02:22, 10.5MB/s]\r 44%|████▎     | 1.15G/2.64G [01:28\u003c02:20, 10.6MB/s]\n"}
,{"stream_name":"stderr","time":176.698890085,"data":"\r 44%|████▎     | 1.15G/2.64G [01:28\u003c02:20, 10.6MB/s]\r 44%|████▎     | 1.15G/2.64G [01:29\u003c02:18, 10.8MB/s]\n"}
,{"stream_name":"stderr","time":176.835459232,"data":"\r 44%|████▎     | 1.15G/2.64G [01:29\u003c02:18, 10.8MB/s]\r 44%|████▎     | 1.15G/2.64G [01:29\u003c02:16, 10.9MB/s]\n"}
,{"stream_name":"stderr","time":176.972138439,"data":"\r 44%|████▎     | 1.15G/2.64G [01:29\u003c02:16, 10.9MB/s]\r 44%|████▎     | 1.15G/2.64G [01:29\u003c02:14, 11.0MB/s]\n"}
,{"stream_name":"stderr","time":177.108773848,"data":"\r 44%|████▎     | 1.15G/2.64G [01:29\u003c02:14, 11.0MB/s]\r 44%|████▍     | 1.16G/2.64G [01:29\u003c02:11, 11.2MB/s]\n"}
,{"stream_name":"stderr","time":177.245353463,"data":"\r 44%|████▍     | 1.16G/2.64G [01:29\u003c02:11, 11.2MB/s]\r 44%|████▍     | 1.16G/2.64G [01:29\u003c02:10, 11.4MB/s]\n"}
,{"stream_name":"stderr","time":177.382291466,"data":"\r 44%|████▍     | 1.16G/2.64G [01:29\u003c02:10, 11.4MB/s]\r 44%|████▍     | 1.16G/2.64G [01:29\u003c02:07, 11.6MB/s]\n"}
,{"stream_name":"stderr","time":177.518951102,"data":"\r 44%|████▍     | 1.16G/2.64G [01:29\u003c02:07, 11.6MB/s]\r 44%|████▍     | 1.16G/2.64G [01:29\u003c02:05, 11.8MB/s]\n"}
,{"stream_name":"stderr","time":177.686221626,"data":"\r 44%|████▍     | 1.16G/2.64G [01:29\u003c02:05, 11.8MB/s]\r 44%|████▍     | 1.16G/2.64G [01:30\u003c02:03, 12.0MB/s]\n"}
,{"stream_name":"stderr","time":177.792372243,"data":"\r 44%|████▍     | 1.16G/2.64G [01:30\u003c02:03, 12.0MB/s]\r 44%|████▍     | 1.16G/2.64G [01:30\u003c02:01, 12.2MB/s]\n"}
,{"stream_name":"stderr","time":177.929323619,"data":"\r 44%|████▍     | 1.16G/2.64G [01:30\u003c02:01, 12.2MB/s]\r 44%|████▍     | 1.17G/2.64G [01:30\u003c01:58, 12.4MB/s]\n"}
,{"stream_name":"stderr","time":178.066057656,"data":"\r 44%|████▍     | 1.17G/2.64G [01:30\u003c01:58, 12.4MB/s]\r 44%|████▍     | 1.17G/2.64G [01:30\u003c01:56, 12.6MB/s]\n"}
,{"stream_name":"stderr","time":178.203025862,"data":"\r 44%|████▍     | 1.17G/2.64G [01:30\u003c01:56, 12.6MB/s]\r 44%|████▍     | 1.17G/2.64G [01:30\u003c01:54, 12.9MB/s]\n"}
,{"stream_name":"stderr","time":178.339608897,"data":"\r 44%|████▍     | 1.17G/2.64G [01:30\u003c01:54, 12.9MB/s]\r 44%|████▍     | 1.17G/2.64G [01:30\u003c01:52, 13.1MB/s]\n"}
,{"stream_name":"stderr","time":178.476612384,"data":"\r 44%|████▍     | 1.17G/2.64G [01:30\u003c01:52, 13.1MB/s]\r 44%|████▍     | 1.17G/2.64G [01:30\u003c01:49, 13.3MB/s]\n"}
,{"stream_name":"stderr","time":178.613226828,"data":"\r 44%|████▍     | 1.17G/2.64G [01:30\u003c01:49, 13.3MB/s]\r 45%|████▍     | 1.18G/2.64G [01:31\u003c01:47, 13.7MB/s]\n"}
,{"stream_name":"stderr","time":178.750035347,"data":"\r 45%|████▍     | 1.18G/2.64G [01:31\u003c01:47, 13.7MB/s]\r 45%|████▍     | 1.18G/2.64G [01:31\u003c01:44, 13.9MB/s]\n"}
,{"stream_name":"stderr","time":178.88760922,"data":"\r 45%|████▍     | 1.18G/2.64G [01:31\u003c01:44, 13.9MB/s]\r 45%|████▍     | 1.18G/2.64G [01:31\u003c01:43, 14.1MB/s]\n"}
,{"stream_name":"stderr","time":179.024849204,"data":"\r 45%|████▍     | 1.18G/2.64G [01:31\u003c01:43, 14.1MB/s]\r 45%|████▍     | 1.18G/2.64G [01:31\u003c01:41, 14.4MB/s]\n"}
,{"stream_name":"stderr","time":179.161800882,"data":"\r 45%|████▍     | 1.18G/2.64G [01:31\u003c01:41, 14.4MB/s]\r 45%|████▍     | 1.18G/2.64G [01:31\u003c01:38, 14.8MB/s]\n"}
,{"stream_name":"stderr","time":179.298666315,"data":"\r 45%|████▍     | 1.18G/2.64G [01:31\u003c01:38, 14.8MB/s]\r 45%|████▍     | 1.19G/2.64G [01:31\u003c01:36, 15.1MB/s]\n"}
,{"stream_name":"stderr","time":179.435804585,"data":"\r 45%|████▍     | 1.19G/2.64G [01:31\u003c01:36, 15.1MB/s]\r 45%|████▍     | 1.19G/2.64G [01:31\u003c01:34, 15.4MB/s]\n"}
,{"stream_name":"stderr","time":179.574444278,"data":"\r 45%|████▍     | 1.19G/2.64G [01:31\u003c01:34, 15.4MB/s]\r 45%|████▌     | 1.19G/2.64G [01:31\u003c01:42, 14.2MB/s]\n"}
,{"stream_name":"stderr","time":179.711380045,"data":"\r 45%|████▌     | 1.19G/2.64G [01:31\u003c01:42, 14.2MB/s]\r 45%|████▌     | 1.19G/2.64G [01:32\u003c01:37, 14.8MB/s]\n"}
,{"stream_name":"stderr","time":179.848012676,"data":"\r 45%|████▌     | 1.19G/2.64G [01:32\u003c01:37, 14.8MB/s]\r 45%|████▌     | 1.19G/2.64G [01:32\u003c01:43, 14.0MB/s]\n"}
,{"stream_name":"stderr","time":179.985675612,"data":"\r 45%|████▌     | 1.19G/2.64G [01:32\u003c01:43, 14.0MB/s]\r 45%|████▌     | 1.20G/2.64G [01:32\u003c01:47, 13.5MB/s]\n"}
,{"stream_name":"stderr","time":180.122292742,"data":"\r 45%|████▌     | 1.20G/2.64G [01:32\u003c01:47, 13.5MB/s]\r 45%|████▌     | 1.20G/2.64G [01:32\u003c01:49, 13.2MB/s]\n"}
,{"stream_name":"stderr","time":180.259070546,"data":"\r 45%|████▌     | 1.20G/2.64G [01:32\u003c01:49, 13.2MB/s]\r 45%|████▌     | 1.20G/2.64G [01:32\u003c01:50, 13.1MB/s]\n"}
,{"stream_name":"stderr","time":180.39612424,"data":"\r 45%|████▌     | 1.20G/2.64G [01:32\u003c01:50, 13.1MB/s]\r 45%|████▌     | 1.20G/2.64G [01:32\u003c01:50, 13.1MB/s]\n"}
,{"stream_name":"stderr","time":180.531478802,"data":"\r 45%|████▌     | 1.20G/2.64G [01:32\u003c01:50, 13.1MB/s]\r 46%|████▌     | 1.20G/2.64G [01:32\u003c01:49, 13.1MB/s]\n"}
,{"stream_name":"stderr","time":180.668458992,"data":"\r 46%|████▌     | 1.20G/2.64G [01:32\u003c01:49, 13.1MB/s]\r 46%|████▌     | 1.20G/2.64G [01:33\u003c01:48, 13.2MB/s]\n"}
,{"stream_name":"stderr","time":180.805115865,"data":"\r 46%|████▌     | 1.20G/2.64G [01:33\u003c01:48, 13.2MB/s]\r 46%|████▌     | 1.21G/2.64G [01:33\u003c01:47, 13.4MB/s]\n"}
,{"stream_name":"stderr","time":180.941263752,"data":"\r 46%|████▌     | 1.21G/2.64G [01:33\u003c01:47, 13.4MB/s]\r 46%|████▌     | 1.21G/2.64G [01:33\u003c01:45, 13.5MB/s]\n"}
,{"stream_name":"stderr","time":181.081352123,"data":"\r 46%|████▌     | 1.21G/2.64G [01:33\u003c01:45, 13.5MB/s]\r 46%|████▌     | 1.21G/2.64G [01:33\u003c01:44, 13.7MB/s]\n"}
,{"stream_name":"stderr","time":181.215810363,"data":"\r 46%|████▌     | 1.21G/2.64G [01:33\u003c01:44, 13.7MB/s]\r 46%|████▌     | 1.21G/2.64G [01:33\u003c01:43, 13.8MB/s]\n"}
,{"stream_name":"stderr","time":181.352261914,"data":"\r 46%|████▌     | 1.21G/2.64G [01:33\u003c01:43, 13.8MB/s]\r 46%|████▌     | 1.21G/2.64G [01:33\u003c01:41, 14.0MB/s]\n"}
,{"stream_name":"stderr","time":181.489280001,"data":"\r 46%|████▌     | 1.21G/2.64G [01:33\u003c01:41, 14.0MB/s]\r 46%|████▌     | 1.22G/2.64G [01:33\u003c01:40, 14.2MB/s]\n"}
,{"stream_name":"stderr","time":181.626794534,"data":"\r 46%|████▌     | 1.22G/2.64G [01:33\u003c01:40, 14.2MB/s]\r 46%|████▌     | 1.22G/2.64G [01:34\u003c01:39, 14.3MB/s]\n"}
,{"stream_name":"stderr","time":181.763610269,"data":"\r 46%|████▌     | 1.22G/2.64G [01:34\u003c01:39, 14.3MB/s]\r 46%|████▌     | 1.22G/2.64G [01:34\u003c01:37, 14.5MB/s]\n"}
,{"stream_name":"stderr","time":181.900459938,"data":"\r 46%|████▌     | 1.22G/2.64G [01:34\u003c01:37, 14.5MB/s]\r 46%|████▋     | 1.22G/2.64G [01:34\u003c01:37, 14.6MB/s]\n"}
,{"stream_name":"stderr","time":182.037380065,"data":"\r 46%|████▋     | 1.22G/2.64G [01:34\u003c01:37, 14.6MB/s]\r 46%|████▋     | 1.22G/2.64G [01:34\u003c01:35, 14.8MB/s]\n"}
,{"stream_name":"stderr","time":182.174144448,"data":"\r 46%|████▋     | 1.22G/2.64G [01:34\u003c01:35, 14.8MB/s]\r 46%|████▋     | 1.23G/2.64G [01:34\u003c01:34, 14.9MB/s]\n"}
,{"stream_name":"stderr","time":182.311033628,"data":"\r 46%|████▋     | 1.23G/2.64G [01:34\u003c01:34, 14.9MB/s]\r 47%|████▋     | 1.23G/2.64G [01:34\u003c01:33, 15.0MB/s]\n"}
,{"stream_name":"stderr","time":182.448188916,"data":"\r 47%|████▋     | 1.23G/2.64G [01:34\u003c01:33, 15.0MB/s]\r 47%|████▋     | 1.23G/2.64G [01:34\u003c01:32, 15.2MB/s]\n"}
,{"stream_name":"stderr","time":182.58453432,"data":"\r 47%|████▋     | 1.23G/2.64G [01:34\u003c01:32, 15.2MB/s]\r 47%|████▋     | 1.23G/2.64G [01:35\u003c01:31, 15.3MB/s]\n"}
,{"stream_name":"stderr","time":182.721248068,"data":"\r 47%|████▋     | 1.23G/2.64G [01:35\u003c01:31, 15.3MB/s]\r 47%|████▋     | 1.23G/2.64G [01:35\u003c01:30, 15.5MB/s]\n"}
,{"stream_name":"stderr","time":182.859160496,"data":"\r 47%|████▋     | 1.23G/2.64G [01:35\u003c01:30, 15.5MB/s]\r 47%|████▋     | 1.24G/2.64G [01:35\u003c01:30, 15.5MB/s]\n"}
,{"stream_name":"stderr","time":182.997155458,"data":"\r 47%|████▋     | 1.24G/2.64G [01:35\u003c01:30, 15.5MB/s]\r 47%|████▋     | 1.24G/2.64G [01:35\u003c01:29, 15.7MB/s]\n"}
,{"stream_name":"stderr","time":183.132526558,"data":"\r 47%|████▋     | 1.24G/2.64G [01:35\u003c01:29, 15.7MB/s]\r 47%|████▋     | 1.24G/2.64G [01:35\u003c01:28, 15.7MB/s]\n"}
,{"stream_name":"stderr","time":183.269455938,"data":"\r 47%|████▋     | 1.24G/2.64G [01:35\u003c01:28, 15.7MB/s]\r 47%|████▋     | 1.24G/2.64G [01:35\u003c01:28, 15.8MB/s]\n"}
,{"stream_name":"stderr","time":183.406153252,"data":"\r 47%|████▋     | 1.24G/2.64G [01:35\u003c01:28, 15.8MB/s]\r 47%|████▋     | 1.25G/2.64G [01:35\u003c01:27, 15.9MB/s]\n"}
,{"stream_name":"stderr","time":183.543230713,"data":"\r 47%|████▋     | 1.25G/2.64G [01:35\u003c01:27, 15.9MB/s]\r 47%|████▋     | 1.25G/2.64G [01:35\u003c01:26, 16.0MB/s]\n"}
,{"stream_name":"stderr","time":183.679716515,"data":"\r 47%|████▋     | 1.25G/2.64G [01:35\u003c01:26, 16.0MB/s]\r 47%|████▋     | 1.25G/2.64G [01:36\u003c01:26, 16.1MB/s]\n"}
,{"stream_name":"stderr","time":183.816363674,"data":"\r 47%|████▋     | 1.25G/2.64G [01:36\u003c01:26, 16.1MB/s]\r 47%|████▋     | 1.25G/2.64G [01:36\u003c01:25, 16.2MB/s]\n"}
,{"stream_name":"stderr","time":183.952600209,"data":"\r 47%|████▋     | 1.25G/2.64G [01:36\u003c01:25, 16.2MB/s]\r 48%|████▊     | 1.25G/2.64G [01:36\u003c01:25, 16.3MB/s]\n"}
,{"stream_name":"stderr","time":184.089163839,"data":"\r 48%|████▊     | 1.25G/2.64G [01:36\u003c01:25, 16.3MB/s]\r 48%|████▊     | 1.26G/2.64G [01:36\u003c01:25, 16.3MB/s]\n"}
,{"stream_name":"stderr","time":184.22771394,"data":"\r 48%|████▊     | 1.26G/2.64G [01:36\u003c01:25, 16.3MB/s]\r 48%|████▊     | 1.26G/2.64G [01:36\u003c01:24, 16.3MB/s]\n"}
,{"stream_name":"stderr","time":184.363667252,"data":"\r 48%|████▊     | 1.26G/2.64G [01:36\u003c01:24, 16.3MB/s]\r 48%|████▊     | 1.26G/2.64G [01:36\u003c01:24, 16.3MB/s]\n"}
,{"stream_name":"stderr","time":184.501467493,"data":"\r 48%|████▊     | 1.26G/2.64G [01:36\u003c01:24, 16.3MB/s]\r 48%|████▊     | 1.26G/2.64G [01:36\u003c01:24, 16.4MB/s]\n"}
,{"stream_name":"stderr","time":184.640667447,"data":"\r 48%|████▊     | 1.26G/2.64G [01:36\u003c01:24, 16.4MB/s]\r 48%|████▊     | 1.27G/2.64G [01:37\u003c01:27, 15.7MB/s]\n"}
,{"stream_name":"stderr","time":184.774610996,"data":"\r 48%|████▊     | 1.27G/2.64G [01:37\u003c01:27, 15.7MB/s]\r 48%|████▊     | 1.27G/2.64G [01:37\u003c01:31, 15.0MB/s]\n"}
,{"stream_name":"stderr","time":184.911445646,"data":"\r 48%|████▊     | 1.27G/2.64G [01:37\u003c01:31, 15.0MB/s]\r 48%|████▊     | 1.27G/2.64G [01:37\u003c01:37, 14.1MB/s]\n"}
,{"stream_name":"stderr","time":185.048379707,"data":"\r 48%|████▊     | 1.27G/2.64G [01:37\u003c01:37, 14.1MB/s]\r 48%|████▊     | 1.27G/2.64G [01:37\u003c01:41, 13.5MB/s]\n"}
,{"stream_name":"stderr","time":185.185060186,"data":"\r 48%|████▊     | 1.27G/2.64G [01:37\u003c01:41, 13.5MB/s]\r 48%|████▊     | 1.27G/2.64G [01:37\u003c01:45, 13.0MB/s]\n"}
,{"stream_name":"stderr","time":185.321478986,"data":"\r 48%|████▊     | 1.27G/2.64G [01:37\u003c01:45, 13.0MB/s]\r 48%|████▊     | 1.27G/2.64G [01:37\u003c01:46, 12.8MB/s]\n"}
,{"stream_name":"stderr","time":185.458238653,"data":"\r 48%|████▊     | 1.27G/2.64G [01:37\u003c01:46, 12.8MB/s]\r 48%|████▊     | 1.28G/2.64G [01:37\u003c01:47, 12.7MB/s]\n"}
,{"stream_name":"stderr","time":185.59496002,"data":"\r 48%|████▊     | 1.28G/2.64G [01:37\u003c01:47, 12.7MB/s]\r 48%|████▊     | 1.28G/2.64G [01:38\u003c01:48, 12.6MB/s]\n"}
,{"stream_name":"stderr","time":185.732138504,"data":"\r 48%|████▊     | 1.28G/2.64G [01:38\u003c01:48, 12.6MB/s]\r 48%|████▊     | 1.28G/2.64G [01:38\u003c01:47, 12.6MB/s]\n"}
,{"stream_name":"stderr","time":185.869135,"data":"\r 48%|████▊     | 1.28G/2.64G [01:38\u003c01:47, 12.6MB/s]\r 48%|████▊     | 1.28G/2.64G [01:38\u003c01:46, 12.7MB/s]\n"}
,{"stream_name":"stderr","time":186.00604902,"data":"\r 48%|████▊     | 1.28G/2.64G [01:38\u003c01:46, 12.7MB/s]\r 49%|████▊     | 1.28G/2.64G [01:38\u003c01:46, 12.8MB/s]\n"}
,{"stream_name":"stderr","time":186.142345492,"data":"\r 49%|████▊     | 1.28G/2.64G [01:38\u003c01:46, 12.8MB/s]\r 49%|████▊     | 1.28G/2.64G [01:38\u003c01:45, 12.8MB/s]\n"}
,{"stream_name":"stderr","time":186.279446728,"data":"\r 49%|████▊     | 1.28G/2.64G [01:38\u003c01:45, 12.8MB/s]\r 49%|████▊     | 1.29G/2.64G [01:38\u003c01:44, 12.9MB/s]\n"}
,{"stream_name":"stderr","time":186.416338856,"data":"\r 49%|████▊     | 1.29G/2.64G [01:38\u003c01:44, 12.9MB/s]\r 49%|████▉     | 1.29G/2.64G [01:38\u003c01:44, 13.0MB/s]\n"}
,{"stream_name":"stderr","time":186.553295171,"data":"\r 49%|████▉     | 1.29G/2.64G [01:38\u003c01:44, 13.0MB/s]\r 49%|████▉     | 1.29G/2.64G [01:38\u003c01:43, 13.1MB/s]\n"}
,{"stream_name":"stderr","time":186.69014106,"data":"\r 49%|████▉     | 1.29G/2.64G [01:38\u003c01:43, 13.1MB/s]\r 49%|████▉     | 1.29G/2.64G [01:39\u003c01:42, 13.2MB/s]\n"}
,{"stream_name":"stderr","time":186.826660864,"data":"\r 49%|████▉     | 1.29G/2.64G [01:39\u003c01:42, 13.2MB/s]\r 49%|████▉     | 1.29G/2.64G [01:39\u003c01:41, 13.2MB/s]\n"}
,{"stream_name":"stderr","time":186.963551458,"data":"\r 49%|████▉     | 1.29G/2.64G [01:39\u003c01:41, 13.2MB/s]\r 49%|████▉     | 1.29G/2.64G [01:39\u003c01:41, 13.3MB/s]\n"}
,{"stream_name":"stderr","time":187.100676543,"data":"\r 49%|████▉     | 1.29G/2.64G [01:39\u003c01:41, 13.3MB/s]\r 49%|████▉     | 1.30G/2.64G [01:39\u003c01:40, 13.4MB/s]\n"}
,{"stream_name":"stderr","time":187.237197269,"data":"\r 49%|████▉     | 1.30G/2.64G [01:39\u003c01:40, 13.4MB/s]\r 49%|████▉     | 1.30G/2.64G [01:39\u003c01:39, 13.5MB/s]\n"}
,{"stream_name":"stderr","time":187.374925431,"data":"\r 49%|████▉     | 1.30G/2.64G [01:39\u003c01:39, 13.5MB/s]\r 49%|████▉     | 1.30G/2.64G [01:39\u003c01:38, 13.6MB/s]\n"}
,{"stream_name":"stderr","time":187.510768266,"data":"\r 49%|████▉     | 1.30G/2.64G [01:39\u003c01:38, 13.6MB/s]\r 49%|████▉     | 1.30G/2.64G [01:39\u003c01:38, 13.6MB/s]\n"}
,{"stream_name":"stderr","time":187.646811363,"data":"\r 49%|████▉     | 1.30G/2.64G [01:39\u003c01:38, 13.6MB/s]\r 49%|████▉     | 1.30G/2.64G [01:40\u003c01:37, 13.6MB/s]\n"}
,{"stream_name":"stderr","time":187.7839329,"data":"\r 49%|████▉     | 1.30G/2.64G [01:40\u003c01:37, 13.6MB/s]\r 49%|████▉     | 1.31G/2.64G [01:40\u003c01:37, 13.6MB/s]\n"}
,{"stream_name":"stderr","time":187.920446523,"data":"\r 49%|████▉     | 1.31G/2.64G [01:40\u003c01:37, 13.6MB/s]\r 50%|████▉     | 1.31G/2.64G [01:40\u003c01:36, 13.8MB/s]\n"}
,{"stream_name":"stderr","time":188.058065614,"data":"\r 50%|████▉     | 1.31G/2.64G [01:40\u003c01:36, 13.8MB/s]\r 50%|████▉     | 1.31G/2.64G [01:40\u003c01:36, 13.8MB/s]\n"}
,{"stream_name":"stderr","time":188.19436582,"data":"\r 50%|████▉     | 1.31G/2.64G [01:40\u003c01:36, 13.8MB/s]\r 50%|████▉     | 1.31G/2.64G [01:40\u003c01:35, 13.9MB/s]\n"}
,{"stream_name":"stderr","time":188.331315494,"data":"\r 50%|████▉     | 1.31G/2.64G [01:40\u003c01:35, 13.9MB/s]\r 50%|████▉     | 1.31G/2.64G [01:40\u003c01:35, 13.9MB/s]\n"}
,{"stream_name":"stderr","time":188.468202451,"data":"\r 50%|████▉     | 1.31G/2.64G [01:40\u003c01:35, 13.9MB/s]\r 50%|████▉     | 1.32G/2.64G [01:40\u003c01:34, 14.0MB/s]\n"}
,{"stream_name":"stderr","time":188.60546503,"data":"\r 50%|████▉     | 1.32G/2.64G [01:40\u003c01:34, 14.0MB/s]\r 50%|████▉     | 1.32G/2.64G [01:41\u003c01:34, 13.9MB/s]\n"}
,{"stream_name":"stderr","time":188.742165577,"data":"\r 50%|████▉     | 1.32G/2.64G [01:41\u003c01:34, 13.9MB/s]\r 50%|████▉     | 1.32G/2.64G [01:41\u003c01:34, 14.0MB/s]\n"}
,{"stream_name":"stderr","time":188.878855417,"data":"\r 50%|████▉     | 1.32G/2.64G [01:41\u003c01:34, 14.0MB/s]\r 50%|█████     | 1.32G/2.64G [01:41\u003c01:34, 14.0MB/s]\n"}
,{"stream_name":"stderr","time":189.015625389,"data":"\r 50%|█████     | 1.32G/2.64G [01:41\u003c01:34, 14.0MB/s]\r 50%|█████     | 1.32G/2.64G [01:41\u003c01:33, 14.0MB/s]\n"}
,{"stream_name":"stderr","time":189.152577345,"data":"\r 50%|█████     | 1.32G/2.64G [01:41\u003c01:33, 14.0MB/s]\r 50%|█████     | 1.33G/2.64G [01:41\u003c01:34, 14.0MB/s]\n"}
,{"stream_name":"stderr","time":189.289461026,"data":"\r 50%|█████     | 1.33G/2.64G [01:41\u003c01:34, 14.0MB/s]\r 50%|█████     | 1.33G/2.64G [01:41\u003c01:33, 14.0MB/s]\n"}
,{"stream_name":"stderr","time":189.426354589,"data":"\r 50%|█████     | 1.33G/2.64G [01:41\u003c01:33, 14.0MB/s]\r 50%|█████     | 1.33G/2.64G [01:41\u003c01:33, 14.0MB/s]\n"}
,{"stream_name":"stderr","time":189.563440709,"data":"\r 50%|█████     | 1.33G/2.64G [01:41\u003c01:33, 14.0MB/s]\r 50%|█████     | 1.33G/2.64G [01:41\u003c01:33, 14.0MB/s]\n"}
,{"stream_name":"stderr","time":189.70023762,"data":"\r 50%|█████     | 1.33G/2.64G [01:41\u003c01:33, 14.0MB/s]\r 50%|█████     | 1.33G/2.64G [01:42\u003c01:33, 14.0MB/s]\n"}
,{"stream_name":"stderr","time":189.837179646,"data":"\r 50%|█████     | 1.33G/2.64G [01:42\u003c01:33, 14.0MB/s]\r 51%|█████     | 1.33G/2.64G [01:42\u003c01:33, 13.9MB/s]\n"}
,{"stream_name":"stderr","time":189.974880804,"data":"\r 51%|█████     | 1.33G/2.64G [01:42\u003c01:33, 13.9MB/s]\r 51%|█████     | 1.34G/2.64G [01:42\u003c01:33, 14.0MB/s]\n"}
,{"stream_name":"stderr","time":190.111129792,"data":"\r 51%|█████     | 1.34G/2.64G [01:42\u003c01:33, 14.0MB/s]\r 51%|█████     | 1.34G/2.64G [01:42\u003c01:33, 14.0MB/s]\n"}
,{"stream_name":"stderr","time":190.248096817,"data":"\r 51%|█████     | 1.34G/2.64G [01:42\u003c01:33, 14.0MB/s]\r 51%|█████     | 1.34G/2.64G [01:42\u003c01:32, 14.0MB/s]\n"}
,{"stream_name":"stderr","time":190.384643599,"data":"\r 51%|█████     | 1.34G/2.64G [01:42\u003c01:32, 14.0MB/s]\r 51%|█████     | 1.34G/2.64G [01:42\u003c01:32, 14.0MB/s]\n"}
,{"stream_name":"stderr","time":190.521231528,"data":"\r 51%|█████     | 1.34G/2.64G [01:42\u003c01:32, 14.0MB/s]\r 51%|█████     | 1.34G/2.64G [01:42\u003c01:32, 14.0MB/s]\n"}
,{"stream_name":"stderr","time":190.658418193,"data":"\r 51%|█████     | 1.34G/2.64G [01:42\u003c01:32, 14.0MB/s]\r 51%|█████     | 1.35G/2.64G [01:43\u003c01:32, 14.0MB/s]\n"}
,{"stream_name":"stderr","time":190.79416393,"data":"\r 51%|█████     | 1.35G/2.64G [01:43\u003c01:32, 14.0MB/s]\r 51%|█████     | 1.35G/2.64G [01:43\u003c01:32, 14.0MB/s]\n"}
,{"stream_name":"stderr","time":190.930929814,"data":"\r 51%|█████     | 1.35G/2.64G [01:43\u003c01:32, 14.0MB/s]\r 51%|█████     | 1.35G/2.64G [01:43\u003c01:32, 14.0MB/s]\n"}
,{"stream_name":"stderr","time":191.068745692,"data":"\r 51%|█████     | 1.35G/2.64G [01:43\u003c01:32, 14.0MB/s]\r 51%|█████     | 1.35G/2.64G [01:43\u003c01:31, 14.0MB/s]\n"}
,{"stream_name":"stderr","time":191.204541967,"data":"\r 51%|█████     | 1.35G/2.64G [01:43\u003c01:31, 14.0MB/s]\r 51%|█████▏    | 1.35G/2.64G [01:43\u003c01:31, 14.0MB/s]\n"}
,{"stream_name":"stderr","time":191.341447766,"data":"\r 51%|█████▏    | 1.35G/2.64G [01:43\u003c01:31, 14.0MB/s]\r 51%|█████▏    | 1.36G/2.64G [01:43\u003c01:31, 14.0MB/s]\n"}
,{"stream_name":"stderr","time":191.479327016,"data":"\r 51%|█████▏    | 1.36G/2.64G [01:43\u003c01:31, 14.0MB/s]\r 51%|█████▏    | 1.36G/2.64G [01:43\u003c01:31, 14.0MB/s]\n"}
,{"stream_name":"stderr","time":191.616087481,"data":"\r 51%|█████▏    | 1.36G/2.64G [01:43\u003c01:31, 14.0MB/s]\r 52%|█████▏    | 1.36G/2.64G [01:44\u003c01:31, 14.0MB/s]\n"}
,{"stream_name":"stderr","time":191.752682875,"data":"\r 52%|█████▏    | 1.36G/2.64G [01:44\u003c01:31, 14.0MB/s]\r 52%|█████▏    | 1.36G/2.64G [01:44\u003c01:31, 14.0MB/s]\n"}
,{"stream_name":"stderr","time":191.889710902,"data":"\r 52%|█████▏    | 1.36G/2.64G [01:44\u003c01:31, 14.0MB/s]\r 52%|█████▏    | 1.36G/2.64G [01:44\u003c01:31, 14.0MB/s]\n"}
,{"stream_name":"stderr","time":192.026993841,"data":"\r 52%|█████▏    | 1.36G/2.64G [01:44\u003c01:31, 14.0MB/s]\r 52%|█████▏    | 1.37G/2.64G [01:44\u003c01:31, 14.0MB/s]\n"}
,{"stream_name":"stderr","time":192.163954044,"data":"\r 52%|█████▏    | 1.37G/2.64G [01:44\u003c01:31, 14.0MB/s]\r 52%|█████▏    | 1.37G/2.64G [01:44\u003c01:31, 14.0MB/s]\n"}
,{"stream_name":"stderr","time":192.301232906,"data":"\r 52%|█████▏    | 1.37G/2.64G [01:44\u003c01:31, 14.0MB/s]\r 52%|█████▏    | 1.37G/2.64G [01:44\u003c01:30, 14.1MB/s]\n"}
,{"stream_name":"stderr","time":192.43821026,"data":"\r 52%|█████▏    | 1.37G/2.64G [01:44\u003c01:30, 14.1MB/s]\r 52%|█████▏    | 1.37G/2.64G [01:44\u003c01:29, 14.1MB/s]\n"}
,{"stream_name":"stderr","time":192.574660888,"data":"\r 52%|█████▏    | 1.37G/2.64G [01:44\u003c01:29, 14.1MB/s]\r 52%|█████▏    | 1.37G/2.64G [01:44\u003c01:29, 14.2MB/s]\n"}
,{"stream_name":"stderr","time":192.712306038,"data":"\r 52%|█████▏    | 1.37G/2.64G [01:44\u003c01:29, 14.2MB/s]\r 52%|█████▏    | 1.38G/2.64G [01:45\u003c01:29, 14.2MB/s]\n"}
,{"stream_name":"stderr","time":192.848361514,"data":"\r 52%|█████▏    | 1.38G/2.64G [01:45\u003c01:29, 14.2MB/s]\r 52%|█████▏    | 1.38G/2.64G [01:45\u003c01:28, 14.2MB/s]\n"}
,{"stream_name":"stderr","time":192.986068625,"data":"\r 52%|█████▏    | 1.38G/2.64G [01:45\u003c01:28, 14.2MB/s]\r 52%|█████▏    | 1.38G/2.64G [01:45\u003c01:28, 14.2MB/s]\n"}
,{"stream_name":"stderr","time":193.123566608,"data":"\r 52%|█████▏    | 1.38G/2.64G [01:45\u003c01:28, 14.2MB/s]\r 52%|█████▏    | 1.38G/2.64G [01:45\u003c01:30, 14.0MB/s]\n"}
,{"stream_name":"stderr","time":193.261238706,"data":"\r 52%|█████▏    | 1.38G/2.64G [01:45\u003c01:30, 14.0MB/s]\r 52%|█████▏    | 1.38G/2.64G [01:45\u003c01:37, 12.8MB/s]\n"}
,{"stream_name":"stderr","time":193.395975168,"data":"\r 52%|█████▏    | 1.38G/2.64G [01:45\u003c01:37, 12.8MB/s]\r 52%|█████▏    | 1.38G/2.64G [01:45\u003c01:43, 12.1MB/s]\n"}
,{"stream_name":"stderr","time":193.533656414,"data":"\r 52%|█████▏    | 1.38G/2.64G [01:45\u003c01:43, 12.1MB/s]\r 52%|█████▏    | 1.39G/2.64G [01:45\u003c01:47, 11.6MB/s]\n"}
,{"stream_name":"stderr","time":193.671345302,"data":"\r 52%|█████▏    | 1.39G/2.64G [01:45\u003c01:47, 11.6MB/s]\r 53%|█████▎    | 1.39G/2.64G [01:46\u003c01:50, 11.4MB/s]\n"}
,{"stream_name":"stderr","time":193.807758342,"data":"\r 53%|█████▎    | 1.39G/2.64G [01:46\u003c01:50, 11.4MB/s]\r 53%|█████▎    | 1.39G/2.64G [01:46\u003c01:51, 11.3MB/s]\n"}
,{"stream_name":"stderr","time":193.94434833,"data":"\r 53%|█████▎    | 1.39G/2.64G [01:46\u003c01:51, 11.3MB/s]\r 53%|█████▎    | 1.39G/2.64G [01:46\u003c01:51, 11.3MB/s]\n"}
,{"stream_name":"stderr","time":194.081267417,"data":"\r 53%|█████▎    | 1.39G/2.64G [01:46\u003c01:51, 11.3MB/s]\r 53%|█████▎    | 1.39G/2.64G [01:46\u003c01:50, 11.3MB/s]\n"}
,{"stream_name":"stderr","time":194.217873579,"data":"\r 53%|█████▎    | 1.39G/2.64G [01:46\u003c01:50, 11.3MB/s]\r 53%|█████▎    | 1.39G/2.64G [01:46\u003c01:48, 11.5MB/s]\n"}
,{"stream_name":"stderr","time":194.354761345,"data":"\r 53%|█████▎    | 1.39G/2.64G [01:46\u003c01:48, 11.5MB/s]\r 53%|█████▎    | 1.39G/2.64G [01:46\u003c01:47, 11.5MB/s]\n"}
,{"stream_name":"stderr","time":194.492400233,"data":"\r 53%|█████▎    | 1.39G/2.64G [01:46\u003c01:47, 11.5MB/s]\r 53%|█████▎    | 1.40G/2.64G [01:46\u003c01:46, 11.6MB/s]\n"}
,{"stream_name":"stderr","time":194.629082699,"data":"\r 53%|█████▎    | 1.40G/2.64G [01:46\u003c01:46, 11.6MB/s]\r 53%|█████▎    | 1.40G/2.64G [01:47\u003c01:45, 11.8MB/s]\n"}
,{"stream_name":"stderr","time":194.765562361,"data":"\r 53%|█████▎    | 1.40G/2.64G [01:47\u003c01:45, 11.8MB/s]\r 53%|█████▎    | 1.40G/2.64G [01:47\u003c01:43, 12.0MB/s]\n"}
,{"stream_name":"stderr","time":194.902372502,"data":"\r 53%|█████▎    | 1.40G/2.64G [01:47\u003c01:43, 12.0MB/s]\r 53%|█████▎    | 1.40G/2.64G [01:47\u003c01:42, 12.1MB/s]\n"}
,{"stream_name":"stderr","time":195.038808992,"data":"\r 53%|█████▎    | 1.40G/2.64G [01:47\u003c01:42, 12.1MB/s]\r 53%|█████▎    | 1.40G/2.64G [01:47\u003c01:40, 12.3MB/s]\n"}
,{"stream_name":"stderr","time":195.175564188,"data":"\r 53%|█████▎    | 1.40G/2.64G [01:47\u003c01:40, 12.3MB/s]\r 53%|█████▎    | 1.40G/2.64G [01:47\u003c01:39, 12.4MB/s]\n"}
,{"stream_name":"stderr","time":195.312105919,"data":"\r 53%|█████▎    | 1.40G/2.64G [01:47\u003c01:39, 12.4MB/s]\r 53%|█████▎    | 1.41G/2.64G [01:47\u003c01:38, 12.6MB/s]\n"}
,{"stream_name":"stderr","time":195.448342107,"data":"\r 53%|█████▎    | 1.41G/2.64G [01:47\u003c01:38, 12.6MB/s]\r 53%|█████▎    | 1.41G/2.64G [01:47\u003c01:37, 12.7MB/s]\n"}
,{"stream_name":"stderr","time":195.5851456,"data":"\r 53%|█████▎    | 1.41G/2.64G [01:47\u003c01:37, 12.7MB/s]\r 53%|█████▎    | 1.41G/2.64G [01:48\u003c01:35, 12.8MB/s]\n"}
,{"stream_name":"stderr","time":195.721612371,"data":"\r 53%|█████▎    | 1.41G/2.64G [01:48\u003c01:35, 12.8MB/s]\r 53%|█████▎    | 1.41G/2.64G [01:48\u003c01:34, 12.9MB/s]\n"}
,{"stream_name":"stderr","time":195.858847851,"data":"\r 53%|█████▎    | 1.41G/2.64G [01:48\u003c01:34, 12.9MB/s]\r 54%|█████▎    | 1.41G/2.64G [01:48\u003c01:34, 13.0MB/s]\n"}
,{"stream_name":"stderr","time":195.996350015,"data":"\r 54%|█████▎    | 1.41G/2.64G [01:48\u003c01:34, 13.0MB/s]\r 54%|█████▎    | 1.42G/2.64G [01:48\u003c01:39, 12.3MB/s]\n"}
,{"stream_name":"stderr","time":196.132900354,"data":"\r 54%|█████▎    | 1.42G/2.64G [01:48\u003c01:39, 12.3MB/s]\r 54%|█████▎    | 1.42G/2.64G [01:48\u003c01:47, 11.4MB/s]\n"}
,{"stream_name":"stderr","time":196.269880984,"data":"\r 54%|█████▎    | 1.42G/2.64G [01:48\u003c01:47, 11.4MB/s]\r 54%|█████▎    | 1.42G/2.64G [01:48\u003c01:51, 10.9MB/s]\n"}
,{"stream_name":"stderr","time":196.406516014,"data":"\r 54%|█████▎    | 1.42G/2.64G [01:48\u003c01:51, 10.9MB/s]\r 54%|█████▎    | 1.42G/2.64G [01:48\u003c01:55, 10.6MB/s]\n"}
,{"stream_name":"stderr","time":196.54334238,"data":"\r 54%|█████▎    | 1.42G/2.64G [01:48\u003c01:55, 10.6MB/s]\r 54%|█████▍    | 1.42G/2.64G [01:48\u003c01:57, 10.4MB/s]\n"}
,{"stream_name":"stderr","time":196.68016095,"data":"\r 54%|█████▍    | 1.42G/2.64G [01:48\u003c01:57, 10.4MB/s]\r 54%|█████▍    | 1.42G/2.64G [01:49\u003c01:58, 10.3MB/s]\n"}
,{"stream_name":"stderr","time":196.817972637,"data":"\r 54%|█████▍    | 1.42G/2.64G [01:49\u003c01:58, 10.3MB/s]\r 54%|█████▍    | 1.42G/2.64G [01:49\u003c02:08, 9.47MB/s]\n"}
,{"stream_name":"stderr","time":196.954537217,"data":"\r 54%|█████▍    | 1.42G/2.64G [01:49\u003c02:08, 9.47MB/s]\r 54%|█████▍    | 1.42G/2.64G [01:49\u003c02:07, 9.52MB/s]\n"}
,{"stream_name":"stderr","time":197.090254999,"data":"\r 54%|█████▍    | 1.42G/2.64G [01:49\u003c02:07, 9.52MB/s]\r 54%|█████▍    | 1.43G/2.64G [01:49\u003c02:17, 8.84MB/s]\n"}
,{"stream_name":"stderr","time":197.227761349,"data":"\r 54%|█████▍    | 1.43G/2.64G [01:49\u003c02:17, 8.84MB/s]\r 54%|█████▍    | 1.43G/2.64G [01:49\u003c02:23, 8.47MB/s]\n"}
,{"stream_name":"stderr","time":197.364122744,"data":"\r 54%|█████▍    | 1.43G/2.64G [01:49\u003c02:23, 8.47MB/s]\r 54%|█████▍    | 1.43G/2.64G [01:49\u003c02:28, 8.17MB/s]\n"}
,{"stream_name":"stderr","time":197.500932869,"data":"\r 54%|█████▍    | 1.43G/2.64G [01:49\u003c02:28, 8.17MB/s]\r 54%|█████▍    | 1.43G/2.64G [01:49\u003c02:31, 8.01MB/s]\n"}
,{"stream_name":"stderr","time":197.637462074,"data":"\r 54%|█████▍    | 1.43G/2.64G [01:49\u003c02:31, 8.01MB/s]\r 54%|█████▍    | 1.43G/2.64G [01:50\u003c02:33, 7.91MB/s]\n"}
,{"stream_name":"stderr","time":197.774383437,"data":"\r 54%|█████▍    | 1.43G/2.64G [01:50\u003c02:33, 7.91MB/s]\r 54%|█████▍    | 1.43G/2.64G [01:50\u003c02:32, 7.91MB/s]\n"}
,{"stream_name":"stderr","time":197.910924524,"data":"\r 54%|█████▍    | 1.43G/2.64G [01:50\u003c02:32, 7.91MB/s]\r 54%|█████▍    | 1.43G/2.64G [01:50\u003c02:32, 7.91MB/s]\n"}
,{"stream_name":"stderr","time":198.047628565,"data":"\r 54%|█████▍    | 1.43G/2.64G [01:50\u003c02:32, 7.91MB/s]\r 54%|█████▍    | 1.43G/2.64G [01:50\u003c02:32, 7.91MB/s]\n"}
,{"stream_name":"stderr","time":198.184421034,"data":"\r 54%|█████▍    | 1.43G/2.64G [01:50\u003c02:32, 7.91MB/s]\r 54%|█████▍    | 1.43G/2.64G [01:50\u003c02:31, 7.98MB/s]\n"}
,{"stream_name":"stderr","time":198.321135047,"data":"\r 54%|█████▍    | 1.43G/2.64G [01:50\u003c02:31, 7.98MB/s]\r 54%|█████▍    | 1.43G/2.64G [01:50\u003c02:30, 8.03MB/s]\n"}
,{"stream_name":"stderr","time":198.457894326,"data":"\r 54%|█████▍    | 1.43G/2.64G [01:50\u003c02:30, 8.03MB/s]\r 54%|█████▍    | 1.44G/2.64G [01:50\u003c02:29, 8.07MB/s]\n"}
,{"stream_name":"stderr","time":198.594631866,"data":"\r 54%|█████▍    | 1.44G/2.64G [01:50\u003c02:29, 8.07MB/s]\r 54%|█████▍    | 1.44G/2.64G [01:51\u003c02:28, 8.09MB/s]\n"}
,{"stream_name":"stderr","time":198.731624315,"data":"\r 54%|█████▍    | 1.44G/2.64G [01:51\u003c02:28, 8.09MB/s]\r 54%|█████▍    | 1.44G/2.64G [01:51\u003c02:27, 8.17MB/s]\n"}
,{"stream_name":"stderr","time":198.868141833,"data":"\r 54%|█████▍    | 1.44G/2.64G [01:51\u003c02:27, 8.17MB/s]\r 55%|█████▍    | 1.44G/2.64G [01:51\u003c02:25, 8.24MB/s]\n"}
,{"stream_name":"stderr","time":199.005139601,"data":"\r 55%|█████▍    | 1.44G/2.64G [01:51\u003c02:25, 8.24MB/s]\r 55%|█████▍    | 1.44G/2.64G [01:51\u003c02:24, 8.28MB/s]\n"}
,{"stream_name":"stderr","time":199.141579485,"data":"\r 55%|█████▍    | 1.44G/2.64G [01:51\u003c02:24, 8.28MB/s]\r 55%|█████▍    | 1.44G/2.64G [01:51\u003c02:24, 8.32MB/s]\n"}
,{"stream_name":"stderr","time":199.278336664,"data":"\r 55%|█████▍    | 1.44G/2.64G [01:51\u003c02:24, 8.32MB/s]\r 55%|█████▍    | 1.44G/2.64G [01:51\u003c02:23, 8.34MB/s]\n"}
,{"stream_name":"stderr","time":199.415045605,"data":"\r 55%|█████▍    | 1.44G/2.64G [01:51\u003c02:23, 8.34MB/s]\r 55%|█████▍    | 1.44G/2.64G [01:51\u003c02:21, 8.43MB/s]\n"}
,{"stream_name":"stderr","time":199.55245498,"data":"\r 55%|█████▍    | 1.44G/2.64G [01:51\u003c02:21, 8.43MB/s]\r 55%|█████▍    | 1.45G/2.64G [01:51\u003c02:21, 8.47MB/s]\n"}
,{"stream_name":"stderr","time":199.689108258,"data":"\r 55%|█████▍    | 1.45G/2.64G [01:51\u003c02:21, 8.47MB/s]\r 55%|█████▍    | 1.45G/2.64G [01:52\u003c02:20, 8.53MB/s]\n"}
,{"stream_name":"stderr","time":199.825459614,"data":"\r 55%|█████▍    | 1.45G/2.64G [01:52\u003c02:20, 8.53MB/s]\r 55%|█████▍    | 1.45G/2.64G [01:52\u003c02:20, 8.49MB/s]\n"}
,{"stream_name":"stderr","time":199.962351756,"data":"\r 55%|█████▍    | 1.45G/2.64G [01:52\u003c02:20, 8.49MB/s]\r 55%|█████▍    | 1.45G/2.64G [01:52\u003c02:19, 8.53MB/s]\n"}
,{"stream_name":"stderr","time":200.098965059,"data":"\r 55%|█████▍    | 1.45G/2.64G [01:52\u003c02:19, 8.53MB/s]\r 55%|█████▍    | 1.45G/2.64G [01:52\u003c02:19, 8.56MB/s]\n"}
,{"stream_name":"stderr","time":200.235973852,"data":"\r 55%|█████▍    | 1.45G/2.64G [01:52\u003c02:19, 8.56MB/s]\r 55%|█████▍    | 1.45G/2.64G [01:52\u003c02:18, 8.57MB/s]\n"}
,{"stream_name":"stderr","time":200.374070239,"data":"\r 55%|█████▍    | 1.45G/2.64G [01:52\u003c02:18, 8.57MB/s]\r 55%|█████▍    | 1.45G/2.64G [01:52\u003c02:18, 8.56MB/s]\n"}
,{"stream_name":"stderr","time":200.509406397,"data":"\r 55%|█████▍    | 1.45G/2.64G [01:52\u003c02:18, 8.56MB/s]\r 55%|█████▌    | 1.45G/2.64G [01:52\u003c02:17, 8.61MB/s]\n"}
,{"stream_name":"stderr","time":200.646525943,"data":"\r 55%|█████▌    | 1.45G/2.64G [01:52\u003c02:17, 8.61MB/s]\r 55%|█████▌    | 1.45G/2.64G [01:53\u003c02:17, 8.61MB/s]\n"}
,{"stream_name":"stderr","time":200.78306395,"data":"\r 55%|█████▌    | 1.45G/2.64G [01:53\u003c02:17, 8.61MB/s]\r 55%|█████▌    | 1.46G/2.64G [01:53\u003c02:16, 8.69MB/s]\n"}
,{"stream_name":"stderr","time":200.919783141,"data":"\r 55%|█████▌    | 1.46G/2.64G [01:53\u003c02:16, 8.69MB/s]\r 55%|█████▌    | 1.46G/2.64G [01:53\u003c02:16, 8.67MB/s]\n"}
,{"stream_name":"stderr","time":201.056257978,"data":"\r 55%|█████▌    | 1.46G/2.64G [01:53\u003c02:16, 8.67MB/s]\r 55%|█████▌    | 1.46G/2.64G [01:53\u003c02:15, 8.73MB/s]\n"}
,{"stream_name":"stderr","time":201.192658331,"data":"\r 55%|█████▌    | 1.46G/2.64G [01:53\u003c02:15, 8.73MB/s]\r 55%|█████▌    | 1.46G/2.64G [01:53\u003c02:15, 8.70MB/s]\n"}
,{"stream_name":"stderr","time":201.330674287,"data":"\r 55%|█████▌    | 1.46G/2.64G [01:53\u003c02:15, 8.70MB/s]\r 55%|█████▌    | 1.46G/2.64G [01:53\u003c02:15, 8.73MB/s]\n"}
,{"stream_name":"stderr","time":201.466890068,"data":"\r 55%|█████▌    | 1.46G/2.64G [01:53\u003c02:15, 8.73MB/s]\r 55%|█████▌    | 1.46G/2.64G [01:53\u003c02:15, 8.70MB/s]\n"}
,{"stream_name":"stderr","time":201.60297036,"data":"\r 55%|█████▌    | 1.46G/2.64G [01:53\u003c02:15, 8.70MB/s]\r 55%|█████▌    | 1.46G/2.64G [01:54\u003c02:15, 8.70MB/s]\n"}
,{"stream_name":"stderr","time":201.74040336,"data":"\r 55%|█████▌    | 1.46G/2.64G [01:54\u003c02:15, 8.70MB/s]\r 55%|█████▌    | 1.46G/2.64G [01:54\u003c02:14, 8.73MB/s]\n"}
,{"stream_name":"stderr","time":201.876224894,"data":"\r 55%|█████▌    | 1.46G/2.64G [01:54\u003c02:14, 8.73MB/s]\r 55%|█████▌    | 1.47G/2.64G [01:54\u003c02:14, 8.72MB/s]\n"}
,{"stream_name":"stderr","time":202.013951148,"data":"\r 55%|█████▌    | 1.47G/2.64G [01:54\u003c02:14, 8.72MB/s]\r 56%|█████▌    | 1.47G/2.64G [01:54\u003c02:14, 8.74MB/s]\n"}
,{"stream_name":"stderr","time":202.149374077,"data":"\r 56%|█████▌    | 1.47G/2.64G [01:54\u003c02:14, 8.74MB/s]\r 56%|█████▌    | 1.47G/2.64G [01:54\u003c02:14, 8.73MB/s]\n"}
,{"stream_name":"stderr","time":202.288415303,"data":"\r 56%|█████▌    | 1.47G/2.64G [01:54\u003c02:14, 8.73MB/s]\r 56%|█████▌    | 1.47G/2.64G [01:54\u003c02:14, 8.73MB/s]\n"}
,{"stream_name":"stderr","time":202.423068289,"data":"\r 56%|█████▌    | 1.47G/2.64G [01:54\u003c02:14, 8.73MB/s]\r 56%|█████▌    | 1.47G/2.64G [01:54\u003c02:13, 8.74MB/s]\n"}
,{"stream_name":"stderr","time":202.561480828,"data":"\r 56%|█████▌    | 1.47G/2.64G [01:54\u003c02:13, 8.74MB/s]\r 56%|█████▌    | 1.47G/2.64G [01:54\u003c02:13, 8.75MB/s]\n"}
,{"stream_name":"stderr","time":202.696734405,"data":"\r 56%|█████▌    | 1.47G/2.64G [01:54\u003c02:13, 8.75MB/s]\r 56%|█████▌    | 1.47G/2.64G [01:55\u003c02:13, 8.74MB/s]\n"}
,{"stream_name":"stderr","time":202.834398974,"data":"\r 56%|█████▌    | 1.47G/2.64G [01:55\u003c02:13, 8.74MB/s]\r 56%|█████▌    | 1.47G/2.64G [01:55\u003c02:13, 8.76MB/s]\n"}
,{"stream_name":"stderr","time":202.970320992,"data":"\r 56%|█████▌    | 1.47G/2.64G [01:55\u003c02:13, 8.76MB/s]\r 56%|█████▌    | 1.47G/2.64G [01:55\u003c02:13, 8.73MB/s]\n"}
,{"stream_name":"stderr","time":203.108769129,"data":"\r 56%|█████▌    | 1.47G/2.64G [01:55\u003c02:13, 8.73MB/s]\r 56%|█████▌    | 1.48G/2.64G [01:55\u003c02:13, 8.75MB/s]\n"}
,{"stream_name":"stderr","time":203.244057724,"data":"\r 56%|█████▌    | 1.48G/2.64G [01:55\u003c02:13, 8.75MB/s]\r 56%|█████▌    | 1.48G/2.64G [01:55\u003c02:13, 8.73MB/s]\n"}
,{"stream_name":"stderr","time":203.381266375,"data":"\r 56%|█████▌    | 1.48G/2.64G [01:55\u003c02:13, 8.73MB/s]\r 56%|█████▌    | 1.48G/2.64G [01:55\u003c02:13, 8.69MB/s]\n"}
,{"stream_name":"stderr","time":203.51798646,"data":"\r 56%|█████▌    | 1.48G/2.64G [01:55\u003c02:13, 8.69MB/s]\r 56%|█████▌    | 1.48G/2.64G [01:55\u003c02:12, 8.74MB/s]\n"}
,{"stream_name":"stderr","time":203.654718594,"data":"\r 56%|█████▌    | 1.48G/2.64G [01:55\u003c02:12, 8.74MB/s]\r 56%|█████▌    | 1.48G/2.64G [01:56\u003c02:13, 8.71MB/s]\n"}
,{"stream_name":"stderr","time":203.79103686,"data":"\r 56%|█████▌    | 1.48G/2.64G [01:56\u003c02:13, 8.71MB/s]\r 56%|█████▌    | 1.48G/2.64G [01:56\u003c02:12, 8.76MB/s]\n"}
,{"stream_name":"stderr","time":203.928409495,"data":"\r 56%|█████▌    | 1.48G/2.64G [01:56\u003c02:12, 8.76MB/s]\r 56%|█████▌    | 1.48G/2.64G [01:56\u003c02:11, 8.79MB/s]\n"}
,{"stream_name":"stderr","time":204.065475445,"data":"\r 56%|█████▌    | 1.48G/2.64G [01:56\u003c02:11, 8.79MB/s]\r 56%|█████▌    | 1.48G/2.64G [01:56\u003c02:12, 8.74MB/s]\n"}
,{"stream_name":"stderr","time":204.202396758,"data":"\r 56%|█████▌    | 1.48G/2.64G [01:56\u003c02:12, 8.74MB/s]\r 56%|█████▋    | 1.49G/2.64G [01:56\u003c02:11, 8.78MB/s]\n"}
,{"stream_name":"stderr","time":204.339339544,"data":"\r 56%|█████▋    | 1.49G/2.64G [01:56\u003c02:11, 8.78MB/s]\r 56%|█████▋    | 1.49G/2.64G [01:56\u003c02:12, 8.73MB/s]\n"}
,{"stream_name":"stderr","time":204.476308584,"data":"\r 56%|█████▋    | 1.49G/2.64G [01:56\u003c02:12, 8.73MB/s]\r 56%|█████▋    | 1.49G/2.64G [01:56\u003c02:11, 8.76MB/s]\n"}
,{"stream_name":"stderr","time":204.61310489,"data":"\r 56%|█████▋    | 1.49G/2.64G [01:56\u003c02:11, 8.76MB/s]\r 56%|█████▋    | 1.49G/2.64G [01:57\u003c02:09, 8.86MB/s]\n"}
,{"stream_name":"stderr","time":204.749592316,"data":"\r 56%|█████▋    | 1.49G/2.64G [01:57\u003c02:09, 8.86MB/s]\r 56%|█████▋    | 1.49G/2.64G [01:57\u003c02:09, 8.87MB/s]\n"}
,{"stream_name":"stderr","time":204.88644932,"data":"\r 56%|█████▋    | 1.49G/2.64G [01:57\u003c02:09, 8.87MB/s]\r 56%|█████▋    | 1.49G/2.64G [01:57\u003c02:08, 8.94MB/s]\n"}
,{"stream_name":"stderr","time":205.023365964,"data":"\r 56%|█████▋    | 1.49G/2.64G [01:57\u003c02:08, 8.94MB/s]\r 57%|█████▋    | 1.49G/2.64G [01:57\u003c02:08, 8.92MB/s]\n"}
,{"stream_name":"stderr","time":205.160186881,"data":"\r 57%|█████▋    | 1.49G/2.64G [01:57\u003c02:08, 8.92MB/s]\r 57%|█████▋    | 1.49G/2.64G [01:57\u003c02:07, 8.97MB/s]\n"}
,{"stream_name":"stderr","time":205.297767757,"data":"\r 57%|█████▋    | 1.49G/2.64G [01:57\u003c02:07, 8.97MB/s]\r 57%|█████▋    | 1.50G/2.64G [01:57\u003c02:06, 9.06MB/s]\n"}
,{"stream_name":"stderr","time":205.434105518,"data":"\r 57%|█████▋    | 1.50G/2.64G [01:57\u003c02:06, 9.06MB/s]\r 57%|█████▋    | 1.50G/2.64G [01:57\u003c02:05, 9.09MB/s]\n"}
,{"stream_name":"stderr","time":205.571157692,"data":"\r 57%|█████▋    | 1.50G/2.64G [01:57\u003c02:05, 9.09MB/s]\r 57%|█████▋    | 1.50G/2.64G [01:57\u003c02:04, 9.17MB/s]\n"}
,{"stream_name":"stderr","time":205.707969885,"data":"\r 57%|█████▋    | 1.50G/2.64G [01:57\u003c02:04, 9.17MB/s]\r 57%|█████▋    | 1.50G/2.64G [01:58\u003c02:03, 9.22MB/s]\n"}
,{"stream_name":"stderr","time":205.844437254,"data":"\r 57%|█████▋    | 1.50G/2.64G [01:58\u003c02:03, 9.22MB/s]\r 57%|█████▋    | 1.50G/2.64G [01:58\u003c02:03, 9.25MB/s]\n"}
,{"stream_name":"stderr","time":205.981327769,"data":"\r 57%|█████▋    | 1.50G/2.64G [01:58\u003c02:03, 9.25MB/s]\r 57%|█████▋    | 1.50G/2.64G [01:58\u003c02:01, 9.35MB/s]\n"}
,{"stream_name":"stderr","time":206.119012021,"data":"\r 57%|█████▋    | 1.50G/2.64G [01:58\u003c02:01, 9.35MB/s]\r 57%|█████▋    | 1.50G/2.64G [01:58\u003c02:00, 9.47MB/s]\n"}
,{"stream_name":"stderr","time":206.255188308,"data":"\r 57%|█████▋    | 1.50G/2.64G [01:58\u003c02:00, 9.47MB/s]\r 57%|█████▋    | 1.50G/2.64G [01:58\u003c01:59, 9.52MB/s]\n"}
,{"stream_name":"stderr","time":206.392049304,"data":"\r 57%|█████▋    | 1.50G/2.64G [01:58\u003c01:59, 9.52MB/s]\r 57%|█████▋    | 1.51G/2.64G [01:58\u003c01:57, 9.61MB/s]\n"}
,{"stream_name":"stderr","time":206.529360123,"data":"\r 57%|█████▋    | 1.51G/2.64G [01:58\u003c01:57, 9.61MB/s]\r 57%|█████▋    | 1.51G/2.64G [01:58\u003c01:56, 9.73MB/s]\n"}
,{"stream_name":"stderr","time":206.664972036,"data":"\r 57%|█████▋    | 1.51G/2.64G [01:58\u003c01:56, 9.73MB/s]\r 57%|█████▋    | 1.51G/2.64G [01:59\u003c01:54, 9.86MB/s]\n"}
,{"stream_name":"stderr","time":206.801465708,"data":"\r 57%|█████▋    | 1.51G/2.64G [01:59\u003c01:54, 9.86MB/s]\r 57%|█████▋    | 1.51G/2.64G [01:59\u003c01:53, 9.93MB/s]\n"}
,{"stream_name":"stderr","time":206.938212512,"data":"\r 57%|█████▋    | 1.51G/2.64G [01:59\u003c01:53, 9.93MB/s]\r 57%|█████▋    | 1.51G/2.64G [01:59\u003c01:52, 10.0MB/s]\n"}
,{"stream_name":"stderr","time":207.07486386,"data":"\r 57%|█████▋    | 1.51G/2.64G [01:59\u003c01:52, 10.0MB/s]\r 57%|█████▋    | 1.51G/2.64G [01:59\u003c01:50, 10.2MB/s]\n"}
,{"stream_name":"stderr","time":207.211582986,"data":"\r 57%|█████▋    | 1.51G/2.64G [01:59\u003c01:50, 10.2MB/s]\r 57%|█████▋    | 1.51G/2.64G [01:59\u003c01:49, 10.3MB/s]\n"}
,{"stream_name":"stderr","time":207.3481049,"data":"\r 57%|█████▋    | 1.51G/2.64G [01:59\u003c01:49, 10.3MB/s]\r 57%|█████▋    | 1.52G/2.64G [01:59\u003c01:48, 10.4MB/s]\n"}
,{"stream_name":"stderr","time":207.48519639,"data":"\r 57%|█████▋    | 1.52G/2.64G [01:59\u003c01:48, 10.4MB/s]\r 57%|█████▋    | 1.52G/2.64G [01:59\u003c01:46, 10.6MB/s]\n"}
,{"stream_name":"stderr","time":207.621303625,"data":"\r 57%|█████▋    | 1.52G/2.64G [01:59\u003c01:46, 10.6MB/s]\r 58%|█████▊    | 1.52G/2.64G [02:00\u003c01:44, 10.7MB/s]\n"}
,{"stream_name":"stderr","time":207.797378665,"data":"\r 58%|█████▊    | 1.52G/2.64G [02:00\u003c01:44, 10.7MB/s]\r 58%|█████▊    | 1.52G/2.64G [02:00\u003c01:42, 10.9MB/s]\n"}
,{"stream_name":"stderr","time":207.894792265,"data":"\r 58%|█████▊    | 1.52G/2.64G [02:00\u003c01:42, 10.9MB/s]\r 58%|█████▊    | 1.52G/2.64G [02:00\u003c01:41, 11.0MB/s]\n"}
,{"stream_name":"stderr","time":208.033134948,"data":"\r 58%|█████▊    | 1.52G/2.64G [02:00\u003c01:41, 11.0MB/s]\r 58%|█████▊    | 1.52G/2.64G [02:00\u003c01:39, 11.2MB/s]\n"}
,{"stream_name":"stderr","time":208.16761548,"data":"\r 58%|█████▊    | 1.52G/2.64G [02:00\u003c01:39, 11.2MB/s]\r 58%|█████▊    | 1.53G/2.64G [02:00\u003c01:37, 11.4MB/s]\n"}
,{"stream_name":"stderr","time":208.30453378,"data":"\r 58%|█████▊    | 1.53G/2.64G [02:00\u003c01:37, 11.4MB/s]\r 58%|█████▊    | 1.53G/2.64G [02:00\u003c01:36, 11.6MB/s]\n"}
,{"stream_name":"stderr","time":208.441069391,"data":"\r 58%|█████▊    | 1.53G/2.64G [02:00\u003c01:36, 11.6MB/s]\r 58%|█████▊    | 1.53G/2.64G [02:00\u003c01:34, 11.8MB/s]\n"}
,{"stream_name":"stderr","time":208.57820514,"data":"\r 58%|█████▊    | 1.53G/2.64G [02:00\u003c01:34, 11.8MB/s]\r 58%|█████▊    | 1.53G/2.64G [02:00\u003c01:32, 12.0MB/s]\n"}
,{"stream_name":"stderr","time":208.715135944,"data":"\r 58%|█████▊    | 1.53G/2.64G [02:00\u003c01:32, 12.0MB/s]\r 58%|█████▊    | 1.53G/2.64G [02:01\u003c01:31, 12.2MB/s]\n"}
,{"stream_name":"stderr","time":208.852055472,"data":"\r 58%|█████▊    | 1.53G/2.64G [02:01\u003c01:31, 12.2MB/s]\r 58%|█████▊    | 1.53G/2.64G [02:01\u003c01:29, 12.4MB/s]\n"}
,{"stream_name":"stderr","time":208.99005644,"data":"\r 58%|█████▊    | 1.53G/2.64G [02:01\u003c01:29, 12.4MB/s]\r 58%|█████▊    | 1.54G/2.64G [02:01\u003c01:27, 12.7MB/s]\n"}
,{"stream_name":"stderr","time":209.126222359,"data":"\r 58%|█████▊    | 1.54G/2.64G [02:01\u003c01:27, 12.7MB/s]\r 58%|█████▊    | 1.54G/2.64G [02:01\u003c01:25, 12.9MB/s]\n"}
,{"stream_name":"stderr","time":209.263316484,"data":"\r 58%|█████▊    | 1.54G/2.64G [02:01\u003c01:25, 12.9MB/s]\r 58%|█████▊    | 1.54G/2.64G [02:01\u003c01:23, 13.1MB/s]\n"}
,{"stream_name":"stderr","time":209.400086445,"data":"\r 58%|█████▊    | 1.54G/2.64G [02:01\u003c01:23, 13.1MB/s]\r 58%|█████▊    | 1.54G/2.64G [02:01\u003c01:21, 13.4MB/s]\n"}
,{"stream_name":"stderr","time":209.537060895,"data":"\r 58%|█████▊    | 1.54G/2.64G [02:01\u003c01:21, 13.4MB/s]\r 58%|█████▊    | 1.54G/2.64G [02:01\u003c01:20, 13.7MB/s]\n"}
,{"stream_name":"stderr","time":209.674274783,"data":"\r 58%|█████▊    | 1.54G/2.64G [02:01\u003c01:20, 13.7MB/s]\r 59%|█████▊    | 1.55G/2.64G [02:02\u003c01:18, 14.0MB/s]\n"}
,{"stream_name":"stderr","time":209.81073018,"data":"\r 59%|█████▊    | 1.55G/2.64G [02:02\u003c01:18, 14.0MB/s]\r 59%|█████▊    | 1.55G/2.64G [02:02\u003c01:16, 14.2MB/s]\n"}
,{"stream_name":"stderr","time":209.947463818,"data":"\r 59%|█████▊    | 1.55G/2.64G [02:02\u003c01:16, 14.2MB/s]\r 59%|█████▊    | 1.55G/2.64G [02:02\u003c01:14, 14.6MB/s]\n"}
,{"stream_name":"stderr","time":210.085291169,"data":"\r 59%|█████▊    | 1.55G/2.64G [02:02\u003c01:14, 14.6MB/s]\r 59%|█████▉    | 1.55G/2.64G [02:02\u003c01:13, 14.9MB/s]\n"}
,{"stream_name":"stderr","time":210.220236137,"data":"\r 59%|█████▉    | 1.55G/2.64G [02:02\u003c01:13, 14.9MB/s]\r 59%|█████▉    | 1.55G/2.64G [02:02\u003c01:11, 15.2MB/s]\n"}
,{"stream_name":"stderr","time":210.358680472,"data":"\r 59%|█████▉    | 1.55G/2.64G [02:02\u003c01:11, 15.2MB/s]\r 59%|█████▉    | 1.56G/2.64G [02:02\u003c01:09, 15.6MB/s]\n"}
,{"stream_name":"stderr","time":210.495529998,"data":"\r 59%|█████▉    | 1.56G/2.64G [02:02\u003c01:09, 15.6MB/s]\r 59%|█████▉    | 1.56G/2.64G [02:02\u003c01:07, 15.9MB/s]\n"}
,{"stream_name":"stderr","time":210.632217414,"data":"\r 59%|█████▉    | 1.56G/2.64G [02:02\u003c01:07, 15.9MB/s]\r 59%|█████▉    | 1.56G/2.64G [02:03\u003c01:06, 16.3MB/s]\n"}
,{"stream_name":"stderr","time":210.768641112,"data":"\r 59%|█████▉    | 1.56G/2.64G [02:03\u003c01:06, 16.3MB/s]\r 59%|█████▉    | 1.56G/2.64G [02:03\u003c01:04, 16.6MB/s]\n"}
,{"stream_name":"stderr","time":210.905706008,"data":"\r 59%|█████▉    | 1.56G/2.64G [02:03\u003c01:04, 16.6MB/s]\r 59%|█████▉    | 1.57G/2.64G [02:03\u003c01:03, 17.0MB/s]\n"}
,{"stream_name":"stderr","time":211.043059851,"data":"\r 59%|█████▉    | 1.57G/2.64G [02:03\u003c01:03, 17.0MB/s]\r 59%|█████▉    | 1.57G/2.64G [02:03\u003c01:01, 17.5MB/s]\n"}
,{"stream_name":"stderr","time":211.178823,"data":"\r 59%|█████▉    | 1.57G/2.64G [02:03\u003c01:01, 17.5MB/s]\r 59%|█████▉    | 1.57G/2.64G [02:03\u003c01:00, 17.8MB/s]\n"}
,{"stream_name":"stderr","time":211.315454774,"data":"\r 59%|█████▉    | 1.57G/2.64G [02:03\u003c01:00, 17.8MB/s]\r 60%|█████▉    | 1.57G/2.64G [02:03\u003c00:58, 18.2MB/s]\n"}
,{"stream_name":"stderr","time":211.453267634,"data":"\r 60%|█████▉    | 1.57G/2.64G [02:03\u003c00:58, 18.2MB/s]\r 60%|█████▉    | 1.58G/2.64G [02:03\u003c00:56, 18.7MB/s]\n"}
,{"stream_name":"stderr","time":211.589804057,"data":"\r 60%|█████▉    | 1.58G/2.64G [02:03\u003c00:56, 18.7MB/s]\r 60%|█████▉    | 1.58G/2.64G [02:04\u003c00:55, 19.2MB/s]\n"}
,{"stream_name":"stderr","time":211.72610936,"data":"\r 60%|█████▉    | 1.58G/2.64G [02:04\u003c00:55, 19.2MB/s]\r 60%|█████▉    | 1.58G/2.64G [02:04\u003c00:54, 19.6MB/s]\n"}
,{"stream_name":"stderr","time":211.864151601,"data":"\r 60%|█████▉    | 1.58G/2.64G [02:04\u003c00:54, 19.6MB/s]\r 60%|█████▉    | 1.58G/2.64G [02:04\u003c00:52, 20.1MB/s]\n"}
,{"stream_name":"stderr","time":212.000548704,"data":"\r 60%|█████▉    | 1.58G/2.64G [02:04\u003c00:52, 20.1MB/s]\r 60%|██████    | 1.59G/2.64G [02:04\u003c00:51, 20.6MB/s]\n"}
,{"stream_name":"stderr","time":212.136252078,"data":"\r 60%|██████    | 1.59G/2.64G [02:04\u003c00:51, 20.6MB/s]\r 60%|██████    | 1.59G/2.64G [02:04\u003c00:49, 21.1MB/s]\n"}
,{"stream_name":"stderr","time":212.273783268,"data":"\r 60%|██████    | 1.59G/2.64G [02:04\u003c00:49, 21.1MB/s]\r 60%|██████    | 1.59G/2.64G [02:04\u003c00:52, 20.1MB/s]\n"}
,{"stream_name":"stderr","time":212.410238939,"data":"\r 60%|██████    | 1.59G/2.64G [02:04\u003c00:52, 20.1MB/s]\r 60%|██████    | 1.59G/2.64G [02:04\u003c00:55, 18.9MB/s]\n"}
,{"stream_name":"stderr","time":212.596269664,"data":"\r 60%|██████    | 1.59G/2.64G [02:04\u003c00:55, 18.9MB/s]\r 60%|██████    | 1.60G/2.64G [02:05\u003c01:06, 15.7MB/s]\n"}
,{"stream_name":"stderr","time":212.779538075,"data":"\r 60%|██████    | 1.60G/2.64G [02:05\u003c01:06, 15.7MB/s]\r 61%|██████    | 1.60G/2.64G [02:05\u003c01:17, 13.4MB/s]\n"}
,{"stream_name":"stderr","time":212.960516644,"data":"\r 61%|██████    | 1.60G/2.64G [02:05\u003c01:17, 13.4MB/s]\r 61%|██████    | 1.60G/2.64G [02:05\u003c01:29, 11.6MB/s]\n"}
,{"stream_name":"stderr","time":213.099576746,"data":"\r 61%|██████    | 1.60G/2.64G [02:05\u003c01:29, 11.6MB/s]\r 61%|██████    | 1.60G/2.64G [02:05\u003c01:35, 10.9MB/s]\n"}
,{"stream_name":"stderr","time":213.235607717,"data":"\r 61%|██████    | 1.60G/2.64G [02:05\u003c01:35, 10.9MB/s]\r 61%|██████    | 1.60G/2.64G [02:05\u003c01:41, 10.2MB/s]\n"}
,{"stream_name":"stderr","time":213.37219853,"data":"\r 61%|██████    | 1.60G/2.64G [02:05\u003c01:41, 10.2MB/s]\r 61%|██████    | 1.60G/2.64G [02:05\u003c01:48, 9.54MB/s]\n"}
,{"stream_name":"stderr","time":213.507692666,"data":"\r 61%|██████    | 1.60G/2.64G [02:05\u003c01:48, 9.54MB/s]\r 61%|██████    | 1.60G/2.64G [02:05\u003c01:56, 8.90MB/s]\n"}
,{"stream_name":"stderr","time":213.64457004,"data":"\r 61%|██████    | 1.60G/2.64G [02:05\u003c01:56, 8.90MB/s]\r 61%|██████    | 1.61G/2.64G [02:06\u003c02:00, 8.61MB/s]\n"}
,{"stream_name":"stderr","time":213.781179313,"data":"\r 61%|██████    | 1.61G/2.64G [02:06\u003c02:00, 8.61MB/s]\r 61%|██████    | 1.61G/2.64G [02:06\u003c02:00, 8.62MB/s]\n"}
,{"stream_name":"stderr","time":213.917902916,"data":"\r 61%|██████    | 1.61G/2.64G [02:06\u003c02:00, 8.62MB/s]\r 61%|██████    | 1.61G/2.64G [02:06\u003c02:00, 8.55MB/s]\n"}
,{"stream_name":"stderr","time":214.054665622,"data":"\r 61%|██████    | 1.61G/2.64G [02:06\u003c02:00, 8.55MB/s]\r 61%|██████    | 1.61G/2.64G [02:06\u003c01:59, 8.64MB/s]\n"}
,{"stream_name":"stderr","time":214.191040968,"data":"\r 61%|██████    | 1.61G/2.64G [02:06\u003c01:59, 8.64MB/s]\r 61%|██████    | 1.61G/2.64G [02:06\u003c01:59, 8.64MB/s]\n"}
,{"stream_name":"stderr","time":214.328322944,"data":"\r 61%|██████    | 1.61G/2.64G [02:06\u003c01:59, 8.64MB/s]\r 61%|██████    | 1.61G/2.64G [02:06\u003c01:58, 8.70MB/s]\n"}
,{"stream_name":"stderr","time":214.464147242,"data":"\r 61%|██████    | 1.61G/2.64G [02:06\u003c01:58, 8.70MB/s]\r 61%|██████    | 1.61G/2.64G [02:06\u003c01:58, 8.69MB/s]\n"}
,{"stream_name":"stderr","time":214.60092201,"data":"\r 61%|██████    | 1.61G/2.64G [02:06\u003c01:58, 8.69MB/s]\r 61%|██████    | 1.61G/2.64G [02:07\u003c01:57, 8.75MB/s]\n"}
,{"stream_name":"stderr","time":214.73767304,"data":"\r 61%|██████    | 1.61G/2.64G [02:07\u003c01:57, 8.75MB/s]\r 61%|██████    | 1.61G/2.64G [02:07\u003c01:55, 8.85MB/s]\n"}
,{"stream_name":"stderr","time":214.874463659,"data":"\r 61%|██████    | 1.61G/2.64G [02:07\u003c01:55, 8.85MB/s]\r 61%|██████    | 1.62G/2.64G [02:07\u003c01:55, 8.86MB/s]\n"}
,{"stream_name":"stderr","time":215.011007224,"data":"\r 61%|██████    | 1.62G/2.64G [02:07\u003c01:55, 8.86MB/s]\r 61%|██████▏   | 1.62G/2.64G [02:07\u003c01:54, 8.93MB/s]\n"}
,{"stream_name":"stderr","time":215.147788213,"data":"\r 61%|██████▏   | 1.62G/2.64G [02:07\u003c01:54, 8.93MB/s]\r 61%|██████▏   | 1.62G/2.64G [02:07\u003c01:53, 8.98MB/s]\n"}
,{"stream_name":"stderr","time":215.284591476,"data":"\r 61%|██████▏   | 1.62G/2.64G [02:07\u003c01:53, 8.98MB/s]\r 61%|██████▏   | 1.62G/2.64G [02:07\u003c01:53, 9.02MB/s]\n"}
,{"stream_name":"stderr","time":215.42154162,"data":"\r 61%|██████▏   | 1.62G/2.64G [02:07\u003c01:53, 9.02MB/s]\r 61%|██████▏   | 1.62G/2.64G [02:07\u003c01:52, 9.04MB/s]\n"}
,{"stream_name":"stderr","time":215.558249522,"data":"\r 61%|██████▏   | 1.62G/2.64G [02:07\u003c01:52, 9.04MB/s]\r 61%|██████▏   | 1.62G/2.64G [02:07\u003c01:52, 9.07MB/s]\n"}
,{"stream_name":"stderr","time":215.694688588,"data":"\r 61%|██████▏   | 1.62G/2.64G [02:07\u003c01:52, 9.07MB/s]\r 61%|██████▏   | 1.62G/2.64G [02:08\u003c01:51, 9.08MB/s]\n"}
,{"stream_name":"stderr","time":215.831057673,"data":"\r 61%|██████▏   | 1.62G/2.64G [02:08\u003c01:51, 9.08MB/s]\r 62%|██████▏   | 1.62G/2.64G [02:08\u003c01:51, 9.09MB/s]\n"}
,{"stream_name":"stderr","time":215.968689762,"data":"\r 62%|██████▏   | 1.62G/2.64G [02:08\u003c01:51, 9.09MB/s]\r 62%|██████▏   | 1.63G/2.64G [02:08\u003c01:50, 9.15MB/s]\n"}
,{"stream_name":"stderr","time":216.105294161,"data":"\r 62%|██████▏   | 1.63G/2.64G [02:08\u003c01:50, 9.15MB/s]\r 62%|██████▏   | 1.63G/2.64G [02:08\u003c01:50, 9.14MB/s]\n"}
,{"stream_name":"stderr","time":216.243081056,"data":"\r 62%|██████▏   | 1.63G/2.64G [02:08\u003c01:50, 9.14MB/s]\r 62%|██████▏   | 1.63G/2.64G [02:08\u003c01:51, 9.11MB/s]\n"}
,{"stream_name":"stderr","time":216.380838047,"data":"\r 62%|██████▏   | 1.63G/2.64G [02:08\u003c01:51, 9.11MB/s]\r 62%|██████▏   | 1.63G/2.64G [02:08\u003c01:50, 9.16MB/s]\n"}
,{"stream_name":"stderr","time":216.519035862,"data":"\r 62%|██████▏   | 1.63G/2.64G [02:08\u003c01:50, 9.16MB/s]\r 62%|██████▏   | 1.63G/2.64G [02:08\u003c01:49, 9.19MB/s]\n"}
,{"stream_name":"stderr","time":216.656475751,"data":"\r 62%|██████▏   | 1.63G/2.64G [02:08\u003c01:49, 9.19MB/s]\r 62%|██████▏   | 1.63G/2.64G [02:09\u003c01:49, 9.22MB/s]\n"}
,{"stream_name":"stderr","time":216.794307915,"data":"\r 62%|██████▏   | 1.63G/2.64G [02:09\u003c01:49, 9.22MB/s]\r 62%|██████▏   | 1.63G/2.64G [02:09\u003c01:49, 9.23MB/s]\n"}
,{"stream_name":"stderr","time":216.932164186,"data":"\r 62%|██████▏   | 1.63G/2.64G [02:09\u003c01:49, 9.23MB/s]\r 62%|██████▏   | 1.63G/2.64G [02:09\u003c01:48, 9.25MB/s]\n"}
,{"stream_name":"stderr","time":217.070866933,"data":"\r 62%|██████▏   | 1.63G/2.64G [02:09\u003c01:48, 9.25MB/s]\r 62%|██████▏   | 1.64G/2.64G [02:09\u003c01:48, 9.24MB/s]\n"}
,{"stream_name":"stderr","time":217.208262265,"data":"\r 62%|██████▏   | 1.64G/2.64G [02:09\u003c01:48, 9.24MB/s]\r 62%|██████▏   | 1.64G/2.64G [02:09\u003c01:48, 9.25MB/s]\n"}
,{"stream_name":"stderr","time":217.345596733,"data":"\r 62%|██████▏   | 1.64G/2.64G [02:09\u003c01:48, 9.25MB/s]\r 62%|██████▏   | 1.64G/2.64G [02:09\u003c01:48, 9.27MB/s]\n"}
,{"stream_name":"stderr","time":217.483381031,"data":"\r 62%|██████▏   | 1.64G/2.64G [02:09\u003c01:48, 9.27MB/s]\r 62%|██████▏   | 1.64G/2.64G [02:09\u003c01:48, 9.20MB/s]\n"}
,{"stream_name":"stderr","time":217.623591707,"data":"\r 62%|██████▏   | 1.64G/2.64G [02:09\u003c01:48, 9.20MB/s]\r 62%|██████▏   | 1.64G/2.64G [02:10\u003c01:58, 8.45MB/s]\n"}
,{"stream_name":"stderr","time":217.854449428,"data":"\r 62%|██████▏   | 1.64G/2.64G [02:10\u003c01:58, 8.45MB/s]\r 62%|██████▏   | 1.64G/2.64G [02:10\u003c02:34, 6.47MB/s]\n"}
,{"stream_name":"stderr","time":218.129944291,"data":"\r 62%|██████▏   | 1.64G/2.64G [02:10\u003c02:34, 6.47MB/s]\r 62%|██████▏   | 1.64G/2.64G [02:10\u003c03:24, 4.87MB/s]\n"}
,{"stream_name":"stderr","time":218.405260364,"data":"\r 62%|██████▏   | 1.64G/2.64G [02:10\u003c03:24, 4.87MB/s]\r 62%|██████▏   | 1.64G/2.64G [02:10\u003c04:18, 3.86MB/s]\n"}
,{"stream_name":"stderr","time":218.589383637,"data":"\r 62%|██████▏   | 1.64G/2.64G [02:10\u003c04:18, 3.86MB/s]\r 62%|██████▏   | 1.64G/2.64G [02:11\u003c04:41, 3.54MB/s]\n"}
,{"stream_name":"stderr","time":218.772892638,"data":"\r 62%|██████▏   | 1.64G/2.64G [02:11\u003c04:41, 3.54MB/s]\r 62%|██████▏   | 1.64G/2.64G [02:11\u003c05:10, 3.21MB/s]\n"}
,{"stream_name":"stderr","time":218.91147304,"data":"\r 62%|██████▏   | 1.64G/2.64G [02:11\u003c05:10, 3.21MB/s]\r 62%|██████▏   | 1.64G/2.64G [02:11\u003c05:24, 3.07MB/s]\n"}
,{"stream_name":"stderr","time":219.049435619,"data":"\r 62%|██████▏   | 1.64G/2.64G [02:11\u003c05:24, 3.07MB/s]\r 62%|██████▏   | 1.64G/2.64G [02:11\u003c05:43, 2.90MB/s]\n"}
,{"stream_name":"stderr","time":219.187149292,"data":"\r 62%|██████▏   | 1.64G/2.64G [02:11\u003c05:43, 2.90MB/s]\r 62%|██████▏   | 1.65G/2.64G [02:11\u003c05:59, 2.77MB/s]\n"}
,{"stream_name":"stderr","time":219.324802051,"data":"\r 62%|██████▏   | 1.65G/2.64G [02:11\u003c05:59, 2.77MB/s]\r 62%|██████▏   | 1.65G/2.64G [02:11\u003c06:22, 2.60MB/s]\n"}
,{"stream_name":"stderr","time":219.462946878,"data":"\r 62%|██████▏   | 1.65G/2.64G [02:11\u003c06:22, 2.60MB/s]\r 62%|██████▏   | 1.65G/2.64G [02:11\u003c06:22, 2.60MB/s]\n"}
,{"stream_name":"stderr","time":219.600463108,"data":"\r 62%|██████▏   | 1.65G/2.64G [02:11\u003c06:22, 2.60MB/s]\r 62%|██████▏   | 1.65G/2.64G [02:12\u003c06:21, 2.61MB/s]\n"}
,{"stream_name":"stderr","time":219.739108623,"data":"\r 62%|██████▏   | 1.65G/2.64G [02:12\u003c06:21, 2.61MB/s]\r 62%|██████▏   | 1.65G/2.64G [02:12\u003c06:21, 2.61MB/s]\n"}
,{"stream_name":"stderr","time":219.877683811,"data":"\r 62%|██████▏   | 1.65G/2.64G [02:12\u003c06:21, 2.61MB/s]\r 62%|██████▏   | 1.65G/2.64G [02:12\u003c06:21, 2.60MB/s]\n"}
,{"stream_name":"stderr","time":220.060991934,"data":"\r 62%|██████▏   | 1.65G/2.64G [02:12\u003c06:21, 2.60MB/s]\r 62%|██████▏   | 1.65G/2.64G [02:12\u003c07:09, 2.31MB/s]\n"}
,{"stream_name":"stderr","time":220.198389891,"data":"\r 62%|██████▏   | 1.65G/2.64G [02:12\u003c07:09, 2.31MB/s]\r 62%|██████▏   | 1.65G/2.64G [02:12\u003c07:05, 2.33MB/s]\n"}
,{"stream_name":"stderr","time":220.336302698,"data":"\r 62%|██████▏   | 1.65G/2.64G [02:12\u003c07:05, 2.33MB/s]\r 62%|██████▏   | 1.65G/2.64G [02:12\u003c07:29, 2.21MB/s]\n"}
,{"stream_name":"stderr","time":220.474580886,"data":"\r 62%|██████▏   | 1.65G/2.64G [02:12\u003c07:29, 2.21MB/s]\r 62%|██████▏   | 1.65G/2.64G [02:12\u003c07:33, 2.19MB/s]\n"}
,{"stream_name":"stderr","time":220.612550423,"data":"\r 62%|██████▏   | 1.65G/2.64G [02:12\u003c07:33, 2.19MB/s]\r 62%|██████▏   | 1.65G/2.64G [02:13\u003c07:36, 2.17MB/s]\n"}
,{"stream_name":"stderr","time":220.750681306,"data":"\r 62%|██████▏   | 1.65G/2.64G [02:13\u003c07:36, 2.17MB/s]\r 62%|██████▏   | 1.65G/2.64G [02:13\u003c07:38, 2.16MB/s]\n"}
,{"stream_name":"stderr","time":220.888088471,"data":"\r 62%|██████▏   | 1.65G/2.64G [02:13\u003c07:38, 2.16MB/s]\r 62%|██████▏   | 1.65G/2.64G [02:13\u003c07:39, 2.16MB/s]\n"}
,{"stream_name":"stderr","time":221.026184615,"data":"\r 62%|██████▏   | 1.65G/2.64G [02:13\u003c07:39, 2.16MB/s]\r 62%|██████▏   | 1.65G/2.64G [02:13\u003c07:26, 2.22MB/s]\n"}
,{"stream_name":"stderr","time":221.163692815,"data":"\r 62%|██████▏   | 1.65G/2.64G [02:13\u003c07:26, 2.22MB/s]\r 62%|██████▏   | 1.65G/2.64G [02:13\u003c07:30, 2.20MB/s]\n"}
,{"stream_name":"stderr","time":221.30136686,"data":"\r 62%|██████▏   | 1.65G/2.64G [02:13\u003c07:30, 2.20MB/s]\r 62%|██████▏   | 1.65G/2.64G [02:13\u003c07:19, 2.25MB/s]\n"}
,{"stream_name":"stderr","time":221.439404787,"data":"\r 62%|██████▏   | 1.65G/2.64G [02:13\u003c07:19, 2.25MB/s]\r 62%|██████▏   | 1.65G/2.64G [02:13\u003c07:12, 2.29MB/s]\n"}
,{"stream_name":"stderr","time":221.577276513,"data":"\r 62%|██████▏   | 1.65G/2.64G [02:13\u003c07:12, 2.29MB/s]\r 63%|██████▎   | 1.65G/2.64G [02:13\u003c07:07, 2.32MB/s]\n"}
,{"stream_name":"stderr","time":221.715846637,"data":"\r 63%|██████▎   | 1.65G/2.64G [02:13\u003c07:07, 2.32MB/s]\r 63%|██████▎   | 1.65G/2.64G [02:14\u003c06:52, 2.40MB/s]\n"}
,{"stream_name":"stderr","time":221.852781777,"data":"\r 63%|██████▎   | 1.65G/2.64G [02:14\u003c06:52, 2.40MB/s]\r 63%|██████▎   | 1.65G/2.64G [02:14\u003c06:52, 2.40MB/s]\n"}
,{"stream_name":"stderr","time":221.991964826,"data":"\r 63%|██████▎   | 1.65G/2.64G [02:14\u003c06:52, 2.40MB/s]\r 63%|██████▎   | 1.65G/2.64G [02:14\u003c06:42, 2.46MB/s]\n"}
,{"stream_name":"stderr","time":222.12800312,"data":"\r 63%|██████▎   | 1.65G/2.64G [02:14\u003c06:42, 2.46MB/s]\r 63%|██████▎   | 1.65G/2.64G [02:14\u003c06:45, 2.44MB/s]\n"}
,{"stream_name":"stderr","time":222.266010192,"data":"\r 63%|██████▎   | 1.65G/2.64G [02:14\u003c06:45, 2.44MB/s]\r 63%|██████▎   | 1.65G/2.64G [02:14\u003c06:36, 2.49MB/s]\n"}
,{"stream_name":"stderr","time":222.404783154,"data":"\r 63%|██████▎   | 1.65G/2.64G [02:14\u003c06:36, 2.49MB/s]\r 63%|██████▎   | 1.65G/2.64G [02:14\u003c06:31, 2.53MB/s]\n"}
,{"stream_name":"stderr","time":222.541277348,"data":"\r 63%|██████▎   | 1.65G/2.64G [02:14\u003c06:31, 2.53MB/s]\r 63%|██████▎   | 1.65G/2.64G [02:14\u003c06:36, 2.49MB/s]\n"}
,{"stream_name":"stderr","time":222.679111232,"data":"\r 63%|██████▎   | 1.65G/2.64G [02:14\u003c06:36, 2.49MB/s]\r 63%|██████▎   | 1.65G/2.64G [02:15\u003c06:30, 2.53MB/s]\n"}
,{"stream_name":"stderr","time":222.817614341,"data":"\r 63%|██████▎   | 1.65G/2.64G [02:15\u003c06:30, 2.53MB/s]\r 63%|██████▎   | 1.65G/2.64G [02:15\u003c06:27, 2.55MB/s]\n"}
,{"stream_name":"stderr","time":222.954788623,"data":"\r 63%|██████▎   | 1.65G/2.64G [02:15\u003c06:27, 2.55MB/s]\r 63%|██████▎   | 1.65G/2.64G [02:15\u003c06:23, 2.57MB/s]\n"}
,{"stream_name":"stderr","time":223.093763081,"data":"\r 63%|██████▎   | 1.65G/2.64G [02:15\u003c06:23, 2.57MB/s]\r 63%|██████▎   | 1.65G/2.64G [02:15\u003c06:22, 2.58MB/s]\n"}
,{"stream_name":"stderr","time":223.231165122,"data":"\r 63%|██████▎   | 1.65G/2.64G [02:15\u003c06:22, 2.58MB/s]\r 63%|██████▎   | 1.65G/2.64G [02:15\u003c06:20, 2.59MB/s]\n"}
,{"stream_name":"stderr","time":223.36942035,"data":"\r 63%|██████▎   | 1.65G/2.64G [02:15\u003c06:20, 2.59MB/s]\r 63%|██████▎   | 1.66G/2.64G [02:15\u003c06:19, 2.60MB/s]\n"}
,{"stream_name":"stderr","time":223.508775956,"data":"\r 63%|██████▎   | 1.66G/2.64G [02:15\u003c06:19, 2.60MB/s]\r 63%|██████▎   | 1.66G/2.64G [02:15\u003c06:19, 2.59MB/s]\n"}
,{"stream_name":"stderr","time":223.643086221,"data":"\r 63%|██████▎   | 1.66G/2.64G [02:15\u003c06:19, 2.59MB/s]\r 63%|██████▎   | 1.66G/2.64G [02:16\u003c06:26, 2.55MB/s]\n"}
,{"stream_name":"stderr","time":223.780048586,"data":"\r 63%|██████▎   | 1.66G/2.64G [02:16\u003c06:26, 2.55MB/s]\r 63%|██████▎   | 1.66G/2.64G [02:16\u003c06:22, 2.57MB/s]\n"}
,{"stream_name":"stderr","time":223.917732015,"data":"\r 63%|██████▎   | 1.66G/2.64G [02:16\u003c06:22, 2.57MB/s]\r 63%|██████▎   | 1.66G/2.64G [02:16\u003c06:20, 2.59MB/s]\n"}
,{"stream_name":"stderr","time":224.056387153,"data":"\r 63%|██████▎   | 1.66G/2.64G [02:16\u003c06:20, 2.59MB/s]\r 63%|██████▎   | 1.66G/2.64G [02:16\u003c06:19, 2.59MB/s]\n"}
,{"stream_name":"stderr","time":224.194702699,"data":"\r 63%|██████▎   | 1.66G/2.64G [02:16\u003c06:19, 2.59MB/s]\r 63%|██████▎   | 1.66G/2.64G [02:16\u003c06:18, 2.59MB/s]\n"}
,{"stream_name":"stderr","time":224.333316769,"data":"\r 63%|██████▎   | 1.66G/2.64G [02:16\u003c06:18, 2.59MB/s]\r 63%|██████▎   | 1.66G/2.64G [02:16\u003c06:18, 2.60MB/s]\n"}
,{"stream_name":"stderr","time":224.471423997,"data":"\r 63%|██████▎   | 1.66G/2.64G [02:16\u003c06:18, 2.60MB/s]\r 63%|██████▎   | 1.66G/2.64G [02:16\u003c06:17, 2.60MB/s]\n"}
,{"stream_name":"stderr","time":224.610391489,"data":"\r 63%|██████▎   | 1.66G/2.64G [02:16\u003c06:17, 2.60MB/s]\r 63%|██████▎   | 1.66G/2.64G [02:17\u003c06:17, 2.60MB/s]\n"}
,{"stream_name":"stderr","time":224.743424629,"data":"\r 63%|██████▎   | 1.66G/2.64G [02:17\u003c06:17, 2.60MB/s]\r 63%|██████▎   | 1.66G/2.64G [02:17\u003c06:23, 2.56MB/s]\n"}
,{"stream_name":"stderr","time":224.881156081,"data":"\r 63%|██████▎   | 1.66G/2.64G [02:17\u003c06:23, 2.56MB/s]\r 63%|██████▎   | 1.66G/2.64G [02:17\u003c06:20, 2.58MB/s]\n"}
,{"stream_name":"stderr","time":225.018589169,"data":"\r 63%|██████▎   | 1.66G/2.64G [02:17\u003c06:20, 2.58MB/s]\r 63%|██████▎   | 1.66G/2.64G [02:17\u003c06:18, 2.59MB/s]\n"}
,{"stream_name":"stderr","time":225.156340292,"data":"\r 63%|██████▎   | 1.66G/2.64G [02:17\u003c06:18, 2.59MB/s]\r 63%|██████▎   | 1.66G/2.64G [02:17\u003c06:17, 2.60MB/s]\n"}
,{"stream_name":"stderr","time":225.294921336,"data":"\r 63%|██████▎   | 1.66G/2.64G [02:17\u003c06:17, 2.60MB/s]\r 63%|██████▎   | 1.66G/2.64G [02:17\u003c06:17, 2.60MB/s]\n"}
,{"stream_name":"stderr","time":225.432359097,"data":"\r 63%|██████▎   | 1.66G/2.64G [02:17\u003c06:17, 2.60MB/s]\r 63%|██████▎   | 1.66G/2.64G [02:17\u003c06:15, 2.61MB/s]\n"}
,{"stream_name":"stderr","time":225.569369381,"data":"\r 63%|██████▎   | 1.66G/2.64G [02:17\u003c06:15, 2.61MB/s]\r 63%|██████▎   | 1.66G/2.64G [02:17\u003c06:14, 2.61MB/s]\n"}
,{"stream_name":"stderr","time":225.706824391,"data":"\r 63%|██████▎   | 1.66G/2.64G [02:17\u003c06:14, 2.61MB/s]\r 63%|██████▎   | 1.66G/2.64G [02:18\u003c06:14, 2.62MB/s]\n"}
,{"stream_name":"stderr","time":225.844454181,"data":"\r 63%|██████▎   | 1.66G/2.64G [02:18\u003c06:14, 2.62MB/s]\r 63%|██████▎   | 1.66G/2.64G [02:18\u003c06:14, 2.62MB/s]\n"}
,{"stream_name":"stderr","time":225.983317677,"data":"\r 63%|██████▎   | 1.66G/2.64G [02:18\u003c06:14, 2.62MB/s]\r 63%|██████▎   | 1.66G/2.64G [02:18\u003c06:04, 2.68MB/s]\n"}
,{"stream_name":"stderr","time":226.120792684,"data":"\r 63%|██████▎   | 1.66G/2.64G [02:18\u003c06:04, 2.68MB/s]\r 63%|██████▎   | 1.66G/2.64G [02:18\u003c06:06, 2.67MB/s]\n"}
,{"stream_name":"stderr","time":226.257975547,"data":"\r 63%|██████▎   | 1.66G/2.64G [02:18\u003c06:06, 2.67MB/s]\r 63%|██████▎   | 1.66G/2.64G [02:18\u003c06:08, 2.65MB/s]\n"}
,{"stream_name":"stderr","time":226.39561046,"data":"\r 63%|██████▎   | 1.66G/2.64G [02:18\u003c06:08, 2.65MB/s]\r 63%|██████▎   | 1.66G/2.64G [02:18\u003c06:00, 2.71MB/s]\n"}
,{"stream_name":"stderr","time":226.533677246,"data":"\r 63%|██████▎   | 1.66G/2.64G [02:18\u003c06:00, 2.71MB/s]\r 63%|██████▎   | 1.66G/2.64G [02:18\u003c05:54, 2.75MB/s]\n"}
,{"stream_name":"stderr","time":226.671416886,"data":"\r 63%|██████▎   | 1.66G/2.64G [02:18\u003c05:54, 2.75MB/s]\r 63%|██████▎   | 1.66G/2.64G [02:19\u003c06:00, 2.71MB/s]\n"}
,{"stream_name":"stderr","time":226.809257944,"data":"\r 63%|██████▎   | 1.66G/2.64G [02:19\u003c06:00, 2.71MB/s]\r 63%|██████▎   | 1.66G/2.64G [02:19\u003c05:54, 2.75MB/s]\n"}
,{"stream_name":"stderr","time":226.947448916,"data":"\r 63%|██████▎   | 1.66G/2.64G [02:19\u003c05:54, 2.75MB/s]\r 63%|██████▎   | 1.66G/2.64G [02:19\u003c05:41, 2.86MB/s]\n"}
,{"stream_name":"stderr","time":227.085030369,"data":"\r 63%|██████▎   | 1.66G/2.64G [02:19\u003c05:41, 2.86MB/s]\r 63%|██████▎   | 1.66G/2.64G [02:19\u003c05:41, 2.85MB/s]\n"}
,{"stream_name":"stderr","time":227.223043837,"data":"\r 63%|██████▎   | 1.66G/2.64G [02:19\u003c05:41, 2.85MB/s]\r 63%|██████▎   | 1.67G/2.64G [02:19\u003c05:41, 2.85MB/s]\n"}
,{"stream_name":"stderr","time":227.360785595,"data":"\r 63%|██████▎   | 1.67G/2.64G [02:19\u003c05:41, 2.85MB/s]\r 63%|██████▎   | 1.67G/2.64G [02:19\u003c05:33, 2.92MB/s]\n"}
,{"stream_name":"stderr","time":227.49908386,"data":"\r 63%|██████▎   | 1.67G/2.64G [02:19\u003c05:33, 2.92MB/s]\r 63%|██████▎   | 1.67G/2.64G [02:19\u003c06:02, 2.69MB/s]\n"}
,{"stream_name":"stderr","time":227.637135081,"data":"\r 63%|██████▎   | 1.67G/2.64G [02:19\u003c06:02, 2.69MB/s]\r 63%|██████▎   | 1.67G/2.64G [02:20\u003c06:15, 2.59MB/s]\n"}
,{"stream_name":"stderr","time":227.774828431,"data":"\r 63%|██████▎   | 1.67G/2.64G [02:20\u003c06:15, 2.59MB/s]\r 63%|██████▎   | 1.67G/2.64G [02:20\u003c06:36, 2.46MB/s]\n"}
,{"stream_name":"stderr","time":227.912494664,"data":"\r 63%|██████▎   | 1.67G/2.64G [02:20\u003c06:36, 2.46MB/s]\r 63%|██████▎   | 1.67G/2.64G [02:20\u003c06:39, 2.43MB/s]\n"}
,{"stream_name":"stderr","time":228.050446922,"data":"\r 63%|██████▎   | 1.67G/2.64G [02:20\u003c06:39, 2.43MB/s]\r 63%|██████▎   | 1.67G/2.64G [02:20\u003c06:31, 2.49MB/s]\n"}
,{"stream_name":"stderr","time":228.188431208,"data":"\r 63%|██████▎   | 1.67G/2.64G [02:20\u003c06:31, 2.49MB/s]\r 63%|██████▎   | 1.67G/2.64G [02:20\u003c06:25, 2.53MB/s]\n"}
,{"stream_name":"stderr","time":228.327110514,"data":"\r 63%|██████▎   | 1.67G/2.64G [02:20\u003c06:25, 2.53MB/s]\r 63%|██████▎   | 1.67G/2.64G [02:20\u003c06:56, 2.33MB/s]\n"}
,{"stream_name":"stderr","time":228.4641535,"data":"\r 63%|██████▎   | 1.67G/2.64G [02:20\u003c06:56, 2.33MB/s]\r 63%|██████▎   | 1.67G/2.64G [02:20\u003c06:53, 2.35MB/s]\n"}
,{"stream_name":"stderr","time":228.6012086,"data":"\r 63%|██████▎   | 1.67G/2.64G [02:20\u003c06:53, 2.35MB/s]\r 63%|██████▎   | 1.67G/2.64G [02:21\u003c07:17, 2.22MB/s]\n"}
,{"stream_name":"stderr","time":228.738792806,"data":"\r 63%|██████▎   | 1.67G/2.64G [02:21\u003c07:17, 2.22MB/s]\r 63%|██████▎   | 1.67G/2.64G [02:21\u003c07:37, 2.13MB/s]\n"}
,{"stream_name":"stderr","time":228.877290339,"data":"\r 63%|██████▎   | 1.67G/2.64G [02:21\u003c07:37, 2.13MB/s]\r 63%|██████▎   | 1.67G/2.64G [02:21\u003c07:36, 2.13MB/s]\n"}
,{"stream_name":"stderr","time":229.014157047,"data":"\r 63%|██████▎   | 1.67G/2.64G [02:21\u003c07:36, 2.13MB/s]\r 63%|██████▎   | 1.67G/2.64G [02:21\u003c07:50, 2.06MB/s]\n"}
,{"stream_name":"stderr","time":229.151742937,"data":"\r 63%|██████▎   | 1.67G/2.64G [02:21\u003c07:50, 2.06MB/s]\r 63%|██████▎   | 1.67G/2.64G [02:21\u003c07:44, 2.09MB/s]\n"}
,{"stream_name":"stderr","time":229.28899154,"data":"\r 63%|██████▎   | 1.67G/2.64G [02:21\u003c07:44, 2.09MB/s]\r 63%|██████▎   | 1.67G/2.64G [02:21\u003c07:41, 2.10MB/s]\n"}
,{"stream_name":"stderr","time":229.426883833,"data":"\r 63%|██████▎   | 1.67G/2.64G [02:21\u003c07:41, 2.10MB/s]\r 63%|██████▎   | 1.67G/2.64G [02:21\u003c07:38, 2.12MB/s]\n"}
,{"stream_name":"stderr","time":229.564461302,"data":"\r 63%|██████▎   | 1.67G/2.64G [02:21\u003c07:38, 2.12MB/s]\r 63%|██████▎   | 1.67G/2.64G [02:21\u003c07:36, 2.12MB/s]\n"}
,{"stream_name":"stderr","time":229.701787245,"data":"\r 63%|██████▎   | 1.67G/2.64G [02:21\u003c07:36, 2.12MB/s]\r 63%|██████▎   | 1.67G/2.64G [02:22\u003c07:35, 2.13MB/s]\n"}
,{"stream_name":"stderr","time":229.839410966,"data":"\r 63%|██████▎   | 1.67G/2.64G [02:22\u003c07:35, 2.13MB/s]\r 63%|██████▎   | 1.67G/2.64G [02:22\u003c07:34, 2.13MB/s]\n"}
,{"stream_name":"stderr","time":229.97745696,"data":"\r 63%|██████▎   | 1.67G/2.64G [02:22\u003c07:34, 2.13MB/s]\r 63%|██████▎   | 1.67G/2.64G [02:22\u003c07:33, 2.14MB/s]\n"}
,{"stream_name":"stderr","time":230.115147947,"data":"\r 63%|██████▎   | 1.67G/2.64G [02:22\u003c07:33, 2.14MB/s]\r 63%|██████▎   | 1.67G/2.64G [02:22\u003c07:18, 2.21MB/s]\n"}
,{"stream_name":"stderr","time":230.252834642,"data":"\r 63%|██████▎   | 1.67G/2.64G [02:22\u003c07:18, 2.21MB/s]\r 63%|██████▎   | 1.67G/2.64G [02:22\u003c07:22, 2.19MB/s]\n"}
,{"stream_name":"stderr","time":230.390252304,"data":"\r 63%|██████▎   | 1.67G/2.64G [02:22\u003c07:22, 2.19MB/s]\r 63%|██████▎   | 1.67G/2.64G [02:22\u003c07:24, 2.18MB/s]\n"}
,{"stream_name":"stderr","time":230.528951435,"data":"\r 63%|██████▎   | 1.67G/2.64G [02:22\u003c07:24, 2.18MB/s]\r 63%|██████▎   | 1.67G/2.64G [02:22\u003c07:13, 2.23MB/s]\n"}
,{"stream_name":"stderr","time":230.665997907,"data":"\r 63%|██████▎   | 1.67G/2.64G [02:22\u003c07:13, 2.23MB/s]\r 63%|██████▎   | 1.67G/2.64G [02:23\u003c07:18, 2.21MB/s]\n"}
,{"stream_name":"stderr","time":230.80272975,"data":"\r 63%|██████▎   | 1.67G/2.64G [02:23\u003c07:18, 2.21MB/s]\r 63%|██████▎   | 1.67G/2.64G [02:23\u003c07:21, 2.19MB/s]\n"}
,{"stream_name":"stderr","time":230.940371634,"data":"\r 63%|██████▎   | 1.67G/2.64G [02:23\u003c07:21, 2.19MB/s]\r 63%|██████▎   | 1.67G/2.64G [02:23\u003c07:23, 2.18MB/s]\n"}
,{"stream_name":"stderr","time":231.079509452,"data":"\r 63%|██████▎   | 1.67G/2.64G [02:23\u003c07:23, 2.18MB/s]\r 63%|██████▎   | 1.67G/2.64G [02:23\u003c07:12, 2.23MB/s]\n"}
,{"stream_name":"stderr","time":231.215676343,"data":"\r 63%|██████▎   | 1.67G/2.64G [02:23\u003c07:12, 2.23MB/s]\r 63%|██████▎   | 1.67G/2.64G [02:23\u003c07:17, 2.21MB/s]\n"}
,{"stream_name":"stderr","time":231.353505182,"data":"\r 63%|██████▎   | 1.67G/2.64G [02:23\u003c07:17, 2.21MB/s]\r 63%|██████▎   | 1.67G/2.64G [02:23\u003c07:20, 2.19MB/s]\n"}
,{"stream_name":"stderr","time":231.493256417,"data":"\r 63%|██████▎   | 1.67G/2.64G [02:23\u003c07:20, 2.19MB/s]\r 63%|██████▎   | 1.67G/2.64G [02:23\u003c07:11, 2.24MB/s]\n"}
,{"stream_name":"stderr","time":231.629154019,"data":"\r 63%|██████▎   | 1.67G/2.64G [02:23\u003c07:11, 2.24MB/s]\r 63%|██████▎   | 1.68G/2.64G [02:24\u003c07:15, 2.22MB/s]\n"}
,{"stream_name":"stderr","time":231.765846053,"data":"\r 63%|██████▎   | 1.68G/2.64G [02:24\u003c07:15, 2.22MB/s]\r 63%|██████▎   | 1.68G/2.64G [02:24\u003c07:18, 2.20MB/s]\n"}
,{"stream_name":"stderr","time":231.903413522,"data":"\r 63%|██████▎   | 1.68G/2.64G [02:24\u003c07:18, 2.20MB/s]\r 63%|██████▎   | 1.68G/2.64G [02:24\u003c07:21, 2.18MB/s]\n"}
,{"stream_name":"stderr","time":232.041837522,"data":"\r 63%|██████▎   | 1.68G/2.64G [02:24\u003c07:21, 2.18MB/s]\r 63%|██████▎   | 1.68G/2.64G [02:24\u003c07:10, 2.24MB/s]\n"}
,{"stream_name":"stderr","time":232.178352495,"data":"\r 63%|██████▎   | 1.68G/2.64G [02:24\u003c07:10, 2.24MB/s]\r 63%|██████▎   | 1.68G/2.64G [02:24\u003c07:15, 2.22MB/s]\n"}
,{"stream_name":"stderr","time":232.315763338,"data":"\r 63%|██████▎   | 1.68G/2.64G [02:24\u003c07:15, 2.22MB/s]\r 63%|██████▎   | 1.68G/2.64G [02:24\u003c07:19, 2.19MB/s]\n"}
,{"stream_name":"stderr","time":232.453841831,"data":"\r 63%|██████▎   | 1.68G/2.64G [02:24\u003c07:19, 2.19MB/s]\r 64%|██████▎   | 1.68G/2.64G [02:24\u003c07:22, 2.18MB/s]\n"}
,{"stream_name":"stderr","time":232.592573575,"data":"\r 64%|██████▎   | 1.68G/2.64G [02:24\u003c07:22, 2.18MB/s]\r 64%|██████▎   | 1.68G/2.64G [02:25\u003c07:11, 2.23MB/s]\n"}
,{"stream_name":"stderr","time":232.729075717,"data":"\r 64%|██████▎   | 1.68G/2.64G [02:25\u003c07:11, 2.23MB/s]\r 64%|██████▎   | 1.68G/2.64G [02:25\u003c07:15, 2.21MB/s]\n"}
,{"stream_name":"stderr","time":232.866888084,"data":"\r 64%|██████▎   | 1.68G/2.64G [02:25\u003c07:15, 2.21MB/s]\r 64%|██████▎   | 1.68G/2.64G [02:25\u003c07:19, 2.19MB/s]\n"}
,{"stream_name":"stderr","time":233.004679203,"data":"\r 64%|██████▎   | 1.68G/2.64G [02:25\u003c07:19, 2.19MB/s]\r 64%|██████▎   | 1.68G/2.64G [02:25\u003c07:08, 2.25MB/s]\n"}
,{"stream_name":"stderr","time":233.142419091,"data":"\r 64%|██████▎   | 1.68G/2.64G [02:25\u003c07:08, 2.25MB/s]\r 64%|██████▎   | 1.68G/2.64G [02:25\u003c07:14, 2.21MB/s]\n"}
,{"stream_name":"stderr","time":233.280176403,"data":"\r 64%|██████▎   | 1.68G/2.64G [02:25\u003c07:14, 2.21MB/s]\r 64%|██████▎   | 1.68G/2.64G [02:25\u003c07:04, 2.26MB/s]\n"}
,{"stream_name":"stderr","time":233.417678177,"data":"\r 64%|██████▎   | 1.68G/2.64G [02:25\u003c07:04, 2.26MB/s]\r 64%|██████▎   | 1.68G/2.64G [02:25\u003c06:58, 2.30MB/s]\n"}
,{"stream_name":"stderr","time":233.555474935,"data":"\r 64%|██████▎   | 1.68G/2.64G [02:25\u003c06:58, 2.30MB/s]\r 64%|██████▎   | 1.68G/2.64G [02:25\u003c07:06, 2.25MB/s]\n"}
,{"stream_name":"stderr","time":233.693451267,"data":"\r 64%|██████▎   | 1.68G/2.64G [02:25\u003c07:06, 2.25MB/s]\r 64%|██████▎   | 1.68G/2.64G [02:26\u003c06:59, 2.29MB/s]\n"}
,{"stream_name":"stderr","time":233.830695073,"data":"\r 64%|██████▎   | 1.68G/2.64G [02:26\u003c06:59, 2.29MB/s]\r 64%|██████▎   | 1.68G/2.64G [02:26\u003c06:54, 2.32MB/s]\n"}
,{"stream_name":"stderr","time":233.968262642,"data":"\r 64%|██████▎   | 1.68G/2.64G [02:26\u003c06:54, 2.32MB/s]\r 64%|██████▎   | 1.68G/2.64G [02:26\u003c06:50, 2.34MB/s]\n"}
,{"stream_name":"stderr","time":234.106044987,"data":"\r 64%|██████▎   | 1.68G/2.64G [02:26\u003c06:50, 2.34MB/s]\r 64%|██████▎   | 1.68G/2.64G [02:26\u003c06:48, 2.35MB/s]\n"}
,{"stream_name":"stderr","time":234.244387983,"data":"\r 64%|██████▎   | 1.68G/2.64G [02:26\u003c06:48, 2.35MB/s]\r 64%|██████▎   | 1.68G/2.64G [02:26\u003c06:35, 2.43MB/s]\n"}
,{"stream_name":"stderr","time":234.3810616,"data":"\r 64%|██████▎   | 1.68G/2.64G [02:26\u003c06:35, 2.43MB/s]\r 64%|██████▎   | 1.68G/2.64G [02:26\u003c06:36, 2.42MB/s]\n"}
,{"stream_name":"stderr","time":234.519259179,"data":"\r 64%|██████▎   | 1.68G/2.64G [02:26\u003c06:36, 2.42MB/s]\r 64%|██████▎   | 1.68G/2.64G [02:26\u003c06:26, 2.48MB/s]\n"}
,{"stream_name":"stderr","time":234.656286645,"data":"\r 64%|██████▎   | 1.68G/2.64G [02:26\u003c06:26, 2.48MB/s]\r 64%|██████▎   | 1.68G/2.64G [02:27\u003c06:20, 2.52MB/s]\n"}
,{"stream_name":"stderr","time":234.79475827,"data":"\r 64%|██████▎   | 1.68G/2.64G [02:27\u003c06:20, 2.52MB/s]\r 64%|██████▎   | 1.68G/2.64G [02:27\u003c06:15, 2.55MB/s]\n"}
,{"stream_name":"stderr","time":234.93198591,"data":"\r 64%|██████▎   | 1.68G/2.64G [02:27\u003c06:15, 2.55MB/s]\r 64%|██████▎   | 1.68G/2.64G [02:27\u003c06:12, 2.57MB/s]\n"}
,{"stream_name":"stderr","time":235.070142023,"data":"\r 64%|██████▎   | 1.68G/2.64G [02:27\u003c06:12, 2.57MB/s]\r 64%|██████▍   | 1.68G/2.64G [02:27\u003c06:00, 2.66MB/s]\n"}
,{"stream_name":"stderr","time":235.207421691,"data":"\r 64%|██████▍   | 1.68G/2.64G [02:27\u003c06:00, 2.66MB/s]\r 64%|██████▍   | 1.68G/2.64G [02:27\u003c05:52, 2.72MB/s]\n"}
,{"stream_name":"stderr","time":235.344861875,"data":"\r 64%|██████▍   | 1.68G/2.64G [02:27\u003c05:52, 2.72MB/s]\r 64%|██████▍   | 1.68G/2.64G [02:27\u003c05:46, 2.76MB/s]\n"}
,{"stream_name":"stderr","time":235.483048886,"data":"\r 64%|██████▍   | 1.68G/2.64G [02:27\u003c05:46, 2.76MB/s]\r 64%|██████▍   | 1.68G/2.64G [02:27\u003c05:34, 2.86MB/s]\n"}
,{"stream_name":"stderr","time":235.620855715,"data":"\r 64%|██████▍   | 1.68G/2.64G [02:27\u003c05:34, 2.86MB/s]\r 64%|██████▍   | 1.68G/2.64G [02:28\u003c05:26, 2.93MB/s]\n"}
,{"stream_name":"stderr","time":235.757279571,"data":"\r 64%|██████▍   | 1.68G/2.64G [02:28\u003c05:26, 2.93MB/s]\r 64%|██████▍   | 1.69G/2.64G [02:28\u003c05:20, 2.98MB/s]\n"}
,{"stream_name":"stderr","time":235.894875727,"data":"\r 64%|██████▍   | 1.69G/2.64G [02:28\u003c05:20, 2.98MB/s]\r 64%|██████▍   | 1.69G/2.64G [02:28\u003c05:08, 3.09MB/s]\n"}
,{"stream_name":"stderr","time":236.032606267,"data":"\r 64%|██████▍   | 1.69G/2.64G [02:28\u003c05:08, 3.09MB/s]\r 64%|██████▍   | 1.69G/2.64G [02:28\u003c05:01, 3.16MB/s]\n"}
,{"stream_name":"stderr","time":236.170269103,"data":"\r 64%|██████▍   | 1.69G/2.64G [02:28\u003c05:01, 3.16MB/s]\r 64%|██████▍   | 1.69G/2.64G [02:28\u003c04:56, 3.21MB/s]\n"}
,{"stream_name":"stderr","time":236.307898373,"data":"\r 64%|██████▍   | 1.69G/2.64G [02:28\u003c04:56, 3.21MB/s]\r 64%|██████▍   | 1.69G/2.64G [02:28\u003c04:46, 3.32MB/s]\n"}
,{"stream_name":"stderr","time":236.446229837,"data":"\r 64%|██████▍   | 1.69G/2.64G [02:28\u003c04:46, 3.32MB/s]\r 64%|██████▍   | 1.69G/2.64G [02:28\u003c04:35, 3.46MB/s]\n"}
,{"stream_name":"stderr","time":236.583310478,"data":"\r 64%|██████▍   | 1.69G/2.64G [02:28\u003c04:35, 3.46MB/s]\r 64%|██████▍   | 1.69G/2.64G [02:29\u003c04:26, 3.57MB/s]\n"}
,{"stream_name":"stderr","time":236.721802279,"data":"\r 64%|██████▍   | 1.69G/2.64G [02:29\u003c04:26, 3.57MB/s]\r 64%|██████▍   | 1.69G/2.64G [02:29\u003c04:16, 3.71MB/s]\n"}
,{"stream_name":"stderr","time":236.857928311,"data":"\r 64%|██████▍   | 1.69G/2.64G [02:29\u003c04:16, 3.71MB/s]\r 64%|██████▍   | 1.69G/2.64G [02:29\u003c04:08, 3.82MB/s]\n"}
,{"stream_name":"stderr","time":236.996155025,"data":"\r 64%|██████▍   | 1.69G/2.64G [02:29\u003c04:08, 3.82MB/s]\r 64%|██████▍   | 1.69G/2.64G [02:29\u003c03:59, 3.96MB/s]\n"}
,{"stream_name":"stderr","time":237.134073841,"data":"\r 64%|██████▍   | 1.69G/2.64G [02:29\u003c03:59, 3.96MB/s]\r 64%|██████▍   | 1.69G/2.64G [02:29\u003c03:54, 4.06MB/s]\n"}
,{"stream_name":"stderr","time":237.271644342,"data":"\r 64%|██████▍   | 1.69G/2.64G [02:29\u003c03:54, 4.06MB/s]\r 64%|██████▍   | 1.69G/2.64G [02:29\u003c03:46, 4.19MB/s]\n"}
,{"stream_name":"stderr","time":237.409032983,"data":"\r 64%|██████▍   | 1.69G/2.64G [02:29\u003c03:46, 4.19MB/s]\r 64%|██████▍   | 1.69G/2.64G [02:29\u003c03:37, 4.37MB/s]\n"}
,{"stream_name":"stderr","time":237.546464135,"data":"\r 64%|██████▍   | 1.69G/2.64G [02:29\u003c03:37, 4.37MB/s]\r 64%|██████▍   | 1.69G/2.64G [02:29\u003c03:28, 4.56MB/s]\n"}
,{"stream_name":"stderr","time":237.684218905,"data":"\r 64%|██████▍   | 1.69G/2.64G [02:29\u003c03:28, 4.56MB/s]\r 64%|██████▍   | 1.69G/2.64G [02:30\u003c03:21, 4.69MB/s]\n"}
,{"stream_name":"stderr","time":237.870289373,"data":"\r 64%|██████▍   | 1.69G/2.64G [02:30\u003c03:21, 4.69MB/s]\r 64%|██████▍   | 1.69G/2.64G [02:30\u003c03:12, 4.92MB/s]\n"}
,{"stream_name":"stderr","time":237.960477497,"data":"\r 64%|██████▍   | 1.69G/2.64G [02:30\u003c03:12, 4.92MB/s]\r 64%|██████▍   | 1.69G/2.64G [02:30\u003c03:05, 5.09MB/s]\n"}
,{"stream_name":"stderr","time":238.097831438,"data":"\r 64%|██████▍   | 1.69G/2.64G [02:30\u003c03:05, 5.09MB/s]\r 64%|██████▍   | 1.70G/2.64G [02:30\u003c02:58, 5.28MB/s]\n"}
,{"stream_name":"stderr","time":238.235123086,"data":"\r 64%|██████▍   | 1.70G/2.64G [02:30\u003c02:58, 5.28MB/s]\r 64%|██████▍   | 1.70G/2.64G [02:30\u003c02:52, 5.48MB/s]\n"}
,{"stream_name":"stderr","time":238.372589354,"data":"\r 64%|██████▍   | 1.70G/2.64G [02:30\u003c02:52, 5.48MB/s]\r 64%|██████▍   | 1.70G/2.64G [02:30\u003c02:45, 5.70MB/s]\n"}
,{"stream_name":"stderr","time":238.510025488,"data":"\r 64%|██████▍   | 1.70G/2.64G [02:30\u003c02:45, 5.70MB/s]\r 64%|██████▍   | 1.70G/2.64G [02:30\u003c02:39, 5.92MB/s]\n"}
,{"stream_name":"stderr","time":238.648125586,"data":"\r 64%|██████▍   | 1.70G/2.64G [02:30\u003c02:39, 5.92MB/s]\r 64%|██████▍   | 1.70G/2.64G [02:31\u003c02:31, 6.20MB/s]\n"}
,{"stream_name":"stderr","time":238.785330186,"data":"\r 64%|██████▍   | 1.70G/2.64G [02:31\u003c02:31, 6.20MB/s]\r 64%|██████▍   | 1.70G/2.64G [02:31\u003c02:26, 6.42MB/s]\n"}
,{"stream_name":"stderr","time":238.922848713,"data":"\r 64%|██████▍   | 1.70G/2.64G [02:31\u003c02:26, 6.42MB/s]\r 64%|██████▍   | 1.70G/2.64G [02:31\u003c02:21, 6.65MB/s]\n"}
,{"stream_name":"stderr","time":239.060594712,"data":"\r 64%|██████▍   | 1.70G/2.64G [02:31\u003c02:21, 6.65MB/s]\r 64%|██████▍   | 1.70G/2.64G [02:31\u003c02:15, 6.94MB/s]\n"}
,{"stream_name":"stderr","time":239.198268762,"data":"\r 64%|██████▍   | 1.70G/2.64G [02:31\u003c02:15, 6.94MB/s]\r 64%|██████▍   | 1.70G/2.64G [02:31\u003c02:09, 7.21MB/s]\n"}
,{"stream_name":"stderr","time":239.335803956,"data":"\r 64%|██████▍   | 1.70G/2.64G [02:31\u003c02:09, 7.21MB/s]\r 65%|██████▍   | 1.70G/2.64G [02:31\u003c02:05, 7.47MB/s]\n"}
,{"stream_name":"stderr","time":239.519018954,"data":"\r 65%|██████▍   | 1.70G/2.64G [02:31\u003c02:05, 7.47MB/s]\r 65%|██████▍   | 1.71G/2.64G [02:31\u003c02:14, 6.97MB/s]\n"}
,{"stream_name":"stderr","time":239.657394864,"data":"\r 65%|██████▍   | 1.71G/2.64G [02:31\u003c02:14, 6.97MB/s]\r 65%|██████▍   | 1.71G/2.64G [02:32\u003c02:03, 7.53MB/s]\n"}
,{"stream_name":"stderr","time":239.794138975,"data":"\r 65%|██████▍   | 1.71G/2.64G [02:32\u003c02:03, 7.53MB/s]\r 65%|██████▍   | 1.71G/2.64G [02:32\u003c02:10, 7.16MB/s]\n"}
,{"stream_name":"stderr","time":239.932310552,"data":"\r 65%|██████▍   | 1.71G/2.64G [02:32\u003c02:10, 7.16MB/s]\r 65%|██████▍   | 1.71G/2.64G [02:32\u003c02:14, 6.95MB/s]\n"}
,{"stream_name":"stderr","time":240.07002267,"data":"\r 65%|██████▍   | 1.71G/2.64G [02:32\u003c02:14, 6.95MB/s]\r 65%|██████▍   | 1.71G/2.64G [02:32\u003c02:15, 6.87MB/s]\n"}
,{"stream_name":"stderr","time":240.207315386,"data":"\r 65%|██████▍   | 1.71G/2.64G [02:32\u003c02:15, 6.87MB/s]\r 65%|██████▍   | 1.71G/2.64G [02:32\u003c02:15, 6.88MB/s]\n"}
,{"stream_name":"stderr","time":240.344905649,"data":"\r 65%|██████▍   | 1.71G/2.64G [02:32\u003c02:15, 6.88MB/s]\r 65%|██████▍   | 1.71G/2.64G [02:32\u003c02:14, 6.89MB/s]\n"}
,{"stream_name":"stderr","time":240.482195342,"data":"\r 65%|██████▍   | 1.71G/2.64G [02:32\u003c02:14, 6.89MB/s]\r 65%|██████▍   | 1.71G/2.64G [02:32\u003c02:14, 6.90MB/s]\n"}
,{"stream_name":"stderr","time":240.62018154,"data":"\r 65%|██████▍   | 1.71G/2.64G [02:32\u003c02:14, 6.90MB/s]\r 65%|██████▍   | 1.71G/2.64G [02:33\u003c02:13, 6.97MB/s]\n"}
,{"stream_name":"stderr","time":240.758550931,"data":"\r 65%|██████▍   | 1.71G/2.64G [02:33\u003c02:13, 6.97MB/s]\r 65%|██████▍   | 1.71G/2.64G [02:33\u003c02:10, 7.09MB/s]\n"}
,{"stream_name":"stderr","time":240.895346814,"data":"\r 65%|██████▍   | 1.71G/2.64G [02:33\u003c02:10, 7.09MB/s]\r 65%|██████▍   | 1.72G/2.64G [02:33\u003c02:08, 7.18MB/s]\n"}
,{"stream_name":"stderr","time":241.034580324,"data":"\r 65%|██████▍   | 1.72G/2.64G [02:33\u003c02:08, 7.18MB/s]\r 65%|██████▍   | 1.72G/2.64G [02:33\u003c02:06, 7.30MB/s]\n"}
,{"stream_name":"stderr","time":241.171081759,"data":"\r 65%|██████▍   | 1.72G/2.64G [02:33\u003c02:06, 7.30MB/s]\r 65%|██████▌   | 1.72G/2.64G [02:33\u003c02:04, 7.40MB/s]\n"}
,{"stream_name":"stderr","time":241.310669917,"data":"\r 65%|██████▌   | 1.72G/2.64G [02:33\u003c02:04, 7.40MB/s]\r 65%|██████▌   | 1.72G/2.64G [02:33\u003c02:02, 7.50MB/s]\n"}
,{"stream_name":"stderr","time":241.448123656,"data":"\r 65%|██████▌   | 1.72G/2.64G [02:33\u003c02:02, 7.50MB/s]\r 65%|██████▌   | 1.72G/2.64G [02:33\u003c02:00, 7.62MB/s]\n"}
,{"stream_name":"stderr","time":241.584810168,"data":"\r 65%|██████▌   | 1.72G/2.64G [02:33\u003c02:00, 7.62MB/s]\r 65%|██████▌   | 1.72G/2.64G [02:34\u003c01:59, 7.70MB/s]\n"}
,{"stream_name":"stderr","time":241.71986814,"data":"\r 65%|██████▌   | 1.72G/2.64G [02:34\u003c01:59, 7.70MB/s]\r 65%|██████▌   | 1.72G/2.64G [02:34\u003c01:58, 7.78MB/s]\n"}
,{"stream_name":"stderr","time":241.857142401,"data":"\r 65%|██████▌   | 1.72G/2.64G [02:34\u003c01:58, 7.78MB/s]\r 65%|██████▌   | 1.72G/2.64G [02:34\u003c01:56, 7.88MB/s]\n"}
,{"stream_name":"stderr","time":241.995178956,"data":"\r 65%|██████▌   | 1.72G/2.64G [02:34\u003c01:56, 7.88MB/s]\r 65%|██████▌   | 1.72G/2.64G [02:34\u003c01:55, 7.94MB/s]\n"}
,{"stream_name":"stderr","time":242.133223722,"data":"\r 65%|██████▌   | 1.72G/2.64G [02:34\u003c01:55, 7.94MB/s]\r 65%|██████▌   | 1.72G/2.64G [02:34\u003c01:53, 8.05MB/s]\n"}
,{"stream_name":"stderr","time":242.270050638,"data":"\r 65%|██████▌   | 1.72G/2.64G [02:34\u003c01:53, 8.05MB/s]\r 65%|██████▌   | 1.73G/2.64G [02:34\u003c01:53, 8.08MB/s]\n"}
,{"stream_name":"stderr","time":242.40814284,"data":"\r 65%|██████▌   | 1.73G/2.64G [02:34\u003c01:53, 8.08MB/s]\r 65%|██████▌   | 1.73G/2.64G [02:34\u003c01:51, 8.16MB/s]\n"}
,{"stream_name":"stderr","time":242.545101274,"data":"\r 65%|██████▌   | 1.73G/2.64G [02:34\u003c01:51, 8.16MB/s]\r 65%|██████▌   | 1.73G/2.64G [02:34\u003c01:51, 8.21MB/s]\n"}
,{"stream_name":"stderr","time":242.68331287,"data":"\r 65%|██████▌   | 1.73G/2.64G [02:34\u003c01:51, 8.21MB/s]\r 65%|██████▌   | 1.73G/2.64G [02:35\u003c01:50, 8.25MB/s]\n"}
,{"stream_name":"stderr","time":242.819637363,"data":"\r 65%|██████▌   | 1.73G/2.64G [02:35\u003c01:50, 8.25MB/s]\r 66%|██████▌   | 1.73G/2.64G [02:35\u003c01:49, 8.28MB/s]\n"}
,{"stream_name":"stderr","time":242.957784898,"data":"\r 66%|██████▌   | 1.73G/2.64G [02:35\u003c01:49, 8.28MB/s]\r 66%|██████▌   | 1.73G/2.64G [02:35\u003c01:48, 8.36MB/s]\n"}
,{"stream_name":"stderr","time":243.095581743,"data":"\r 66%|██████▌   | 1.73G/2.64G [02:35\u003c01:48, 8.36MB/s]\r 66%|██████▌   | 1.73G/2.64G [02:35\u003c01:47, 8.42MB/s]\n"}
,{"stream_name":"stderr","time":243.234707248,"data":"\r 66%|██████▌   | 1.73G/2.64G [02:35\u003c01:47, 8.42MB/s]\r 66%|██████▌   | 1.73G/2.64G [02:35\u003c01:47, 8.45MB/s]\n"}
,{"stream_name":"stderr","time":243.371140446,"data":"\r 66%|██████▌   | 1.73G/2.64G [02:35\u003c01:47, 8.45MB/s]\r 66%|██████▌   | 1.74G/2.64G [02:35\u003c01:47, 8.44MB/s]\n"}
,{"stream_name":"stderr","time":243.509042736,"data":"\r 66%|██████▌   | 1.74G/2.64G [02:35\u003c01:47, 8.44MB/s]\r 66%|██████▌   | 1.74G/2.64G [02:35\u003c01:46, 8.48MB/s]\n"}
,{"stream_name":"stderr","time":243.647065394,"data":"\r 66%|██████▌   | 1.74G/2.64G [02:35\u003c01:46, 8.48MB/s]\r 66%|██████▌   | 1.74G/2.64G [02:36\u003c01:46, 8.50MB/s]\n"}
,{"stream_name":"stderr","time":243.784320538,"data":"\r 66%|██████▌   | 1.74G/2.64G [02:36\u003c01:46, 8.50MB/s]\r 66%|██████▌   | 1.74G/2.64G [02:36\u003c01:45, 8.52MB/s]\n"}
,{"stream_name":"stderr","time":243.922597319,"data":"\r 66%|██████▌   | 1.74G/2.64G [02:36\u003c01:45, 8.52MB/s]\r 66%|██████▌   | 1.74G/2.64G [02:36\u003c01:45, 8.54MB/s]\n"}
,{"stream_name":"stderr","time":244.06058605,"data":"\r 66%|██████▌   | 1.74G/2.64G [02:36\u003c01:45, 8.54MB/s]\r 66%|██████▌   | 1.74G/2.64G [02:36\u003c01:44, 8.60MB/s]\n"}
,{"stream_name":"stderr","time":244.197185038,"data":"\r 66%|██████▌   | 1.74G/2.64G [02:36\u003c01:44, 8.60MB/s]\r 66%|██████▌   | 1.74G/2.64G [02:36\u003c01:44, 8.61MB/s]\n"}
,{"stream_name":"stderr","time":244.335549268,"data":"\r 66%|██████▌   | 1.74G/2.64G [02:36\u003c01:44, 8.61MB/s]\r 66%|██████▌   | 1.74G/2.64G [02:36\u003c01:43, 8.66MB/s]\n"}
,{"stream_name":"stderr","time":244.472947158,"data":"\r 66%|██████▌   | 1.74G/2.64G [02:36\u003c01:43, 8.66MB/s]\r 66%|██████▌   | 1.74G/2.64G [02:36\u003c01:43, 8.64MB/s]\n"}
,{"stream_name":"stderr","time":244.611010266,"data":"\r 66%|██████▌   | 1.74G/2.64G [02:36\u003c01:43, 8.64MB/s]\r 66%|██████▌   | 1.75G/2.64G [02:37\u003c01:43, 8.67MB/s]\n"}
,{"stream_name":"stderr","time":244.747855209,"data":"\r 66%|██████▌   | 1.75G/2.64G [02:37\u003c01:43, 8.67MB/s]\r 66%|██████▌   | 1.75G/2.64G [02:37\u003c01:43, 8.66MB/s]\n"}
,{"stream_name":"stderr","time":244.886018123,"data":"\r 66%|██████▌   | 1.75G/2.64G [02:37\u003c01:43, 8.66MB/s]\r 66%|██████▌   | 1.75G/2.64G [02:37\u003c01:42, 8.69MB/s]\n"}
,{"stream_name":"stderr","time":245.023372724,"data":"\r 66%|██████▌   | 1.75G/2.64G [02:37\u003c01:42, 8.69MB/s]\r 66%|██████▋   | 1.75G/2.64G [02:37\u003c01:42, 8.67MB/s]\n"}
,{"stream_name":"stderr","time":245.161293064,"data":"\r 66%|██████▋   | 1.75G/2.64G [02:37\u003c01:42, 8.67MB/s]\r 66%|██████▋   | 1.75G/2.64G [02:37\u003c01:42, 8.69MB/s]\n"}
,{"stream_name":"stderr","time":245.298918745,"data":"\r 66%|██████▋   | 1.75G/2.64G [02:37\u003c01:42, 8.69MB/s]\r 66%|██████▋   | 1.75G/2.64G [02:37\u003c01:42, 8.66MB/s]\n"}
,{"stream_name":"stderr","time":245.482455066,"data":"\r 66%|██████▋   | 1.75G/2.64G [02:37\u003c01:42, 8.66MB/s]\r 66%|██████▋   | 1.75G/2.64G [02:37\u003c01:53, 7.84MB/s]\n"}
,{"stream_name":"stderr","time":245.665227115,"data":"\r 66%|██████▋   | 1.75G/2.64G [02:37\u003c01:53, 7.84MB/s]\r 66%|██████▋   | 1.75G/2.64G [02:38\u003c01:59, 7.43MB/s]\n"}
,{"stream_name":"stderr","time":245.849982563,"data":"\r 66%|██████▋   | 1.75G/2.64G [02:38\u003c01:59, 7.43MB/s]\r 66%|██████▋   | 1.76G/2.64G [02:38\u003c02:18, 6.38MB/s]\n"}
,{"stream_name":"stderr","time":246.035478582,"data":"\r 66%|██████▋   | 1.76G/2.64G [02:38\u003c02:18, 6.38MB/s]\r 66%|██████▋   | 1.76G/2.64G [02:38\u003c02:40, 5.53MB/s]\n"}
,{"stream_name":"stderr","time":246.218549904,"data":"\r 66%|██████▋   | 1.76G/2.64G [02:38\u003c02:40, 5.53MB/s]\r 67%|██████▋   | 1.76G/2.64G [02:38\u003c03:03, 4.81MB/s]\n"}
,{"stream_name":"stderr","time":246.35739626,"data":"\r 67%|██████▋   | 1.76G/2.64G [02:38\u003c03:03, 4.81MB/s]\r 67%|██████▋   | 1.76G/2.64G [02:38\u003c03:14, 4.55MB/s]\n"}
,{"stream_name":"stderr","time":246.537643657,"data":"\r 67%|██████▋   | 1.76G/2.64G [02:38\u003c03:14, 4.55MB/s]\r 67%|██████▋   | 1.76G/2.64G [02:38\u003c03:42, 3.97MB/s]\n"}
,{"stream_name":"stderr","time":246.675139501,"data":"\r 67%|██████▋   | 1.76G/2.64G [02:38\u003c03:42, 3.97MB/s]\r 67%|██████▋   | 1.76G/2.64G [02:39\u003c03:52, 3.80MB/s]\n"}
,{"stream_name":"stderr","time":246.813330043,"data":"\r 67%|██████▋   | 1.76G/2.64G [02:39\u003c03:52, 3.80MB/s]\r 67%|██████▋   | 1.76G/2.64G [02:39\u003c03:59, 3.68MB/s]\n"}
,{"stream_name":"stderr","time":246.95199189,"data":"\r 67%|██████▋   | 1.76G/2.64G [02:39\u003c03:59, 3.68MB/s]\r 67%|██████▋   | 1.76G/2.64G [02:39\u003c04:16, 3.44MB/s]\n"}
,{"stream_name":"stderr","time":247.09052205,"data":"\r 67%|██████▋   | 1.76G/2.64G [02:39\u003c04:16, 3.44MB/s]\r 67%|██████▋   | 1.76G/2.64G [02:39\u003c04:29, 3.27MB/s]\n"}
,{"stream_name":"stderr","time":247.228546496,"data":"\r 67%|██████▋   | 1.76G/2.64G [02:39\u003c04:29, 3.27MB/s]\r 67%|██████▋   | 1.76G/2.64G [02:39\u003c04:46, 3.08MB/s]\n"}
,{"stream_name":"stderr","time":247.36704532,"data":"\r 67%|██████▋   | 1.76G/2.64G [02:39\u003c04:46, 3.08MB/s]\r 67%|██████▋   | 1.76G/2.64G [02:39\u003c04:59, 2.94MB/s]\n"}
,{"stream_name":"stderr","time":247.504030993,"data":"\r 67%|██████▋   | 1.76G/2.64G [02:39\u003c04:59, 2.94MB/s]\r 67%|██████▋   | 1.76G/2.64G [02:39\u003c05:08, 2.85MB/s]\n"}
,{"stream_name":"stderr","time":247.639319652,"data":"\r 67%|██████▋   | 1.76G/2.64G [02:39\u003c05:08, 2.85MB/s]\r 67%|██████▋   | 1.76G/2.64G [02:40\u003c05:14, 2.79MB/s]\n"}
,{"stream_name":"stderr","time":247.777253374,"data":"\r 67%|██████▋   | 1.76G/2.64G [02:40\u003c05:14, 2.79MB/s]\r 67%|██████▋   | 1.76G/2.64G [02:40\u003c05:20, 2.74MB/s]\n"}
,{"stream_name":"stderr","time":247.915179779,"data":"\r 67%|██████▋   | 1.76G/2.64G [02:40\u003c05:20, 2.74MB/s]\r 67%|██████▋   | 1.76G/2.64G [02:40\u003c05:16, 2.78MB/s]\n"}
,{"stream_name":"stderr","time":248.052563301,"data":"\r 67%|██████▋   | 1.76G/2.64G [02:40\u003c05:16, 2.78MB/s]\r 67%|██████▋   | 1.76G/2.64G [02:40\u003c05:22, 2.73MB/s]\n"}
,{"stream_name":"stderr","time":248.19102535,"data":"\r 67%|██████▋   | 1.76G/2.64G [02:40\u003c05:22, 2.73MB/s]\r 67%|██████▋   | 1.76G/2.64G [02:40\u003c05:17, 2.76MB/s]\n"}
,{"stream_name":"stderr","time":248.328806159,"data":"\r 67%|██████▋   | 1.76G/2.64G [02:40\u003c05:17, 2.76MB/s]\r 67%|██████▋   | 1.76G/2.64G [02:40\u003c05:14, 2.79MB/s]\n"}
,{"stream_name":"stderr","time":248.466571626,"data":"\r 67%|██████▋   | 1.76G/2.64G [02:40\u003c05:14, 2.79MB/s]\r 67%|██████▋   | 1.76G/2.64G [02:40\u003c05:12, 2.81MB/s]\n"}
,{"stream_name":"stderr","time":248.60429879,"data":"\r 67%|██████▋   | 1.76G/2.64G [02:40\u003c05:12, 2.81MB/s]\r 67%|██████▋   | 1.76G/2.64G [02:41\u003c05:10, 2.82MB/s]\n"}
,{"stream_name":"stderr","time":248.741740455,"data":"\r 67%|██████▋   | 1.76G/2.64G [02:41\u003c05:10, 2.82MB/s]\r 67%|██████▋   | 1.76G/2.64G [02:41\u003c05:09, 2.83MB/s]\n"}
,{"stream_name":"stderr","time":248.879081011,"data":"\r 67%|██████▋   | 1.76G/2.64G [02:41\u003c05:09, 2.83MB/s]\r 67%|██████▋   | 1.76G/2.64G [02:41\u003c05:08, 2.84MB/s]\n"}
,{"stream_name":"stderr","time":249.017192427,"data":"\r 67%|██████▋   | 1.76G/2.64G [02:41\u003c05:08, 2.84MB/s]\r 67%|██████▋   | 1.76G/2.64G [02:41\u003c05:07, 2.85MB/s]\n"}
,{"stream_name":"stderr","time":249.155618733,"data":"\r 67%|██████▋   | 1.76G/2.64G [02:41\u003c05:07, 2.85MB/s]\r 67%|██████▋   | 1.76G/2.64G [02:41\u003c05:00, 2.91MB/s]\n"}
,{"stream_name":"stderr","time":249.292729868,"data":"\r 67%|██████▋   | 1.76G/2.64G [02:41\u003c05:00, 2.91MB/s]\r 67%|██████▋   | 1.77G/2.64G [02:41\u003c05:01, 2.90MB/s]\n"}
,{"stream_name":"stderr","time":249.429890162,"data":"\r 67%|██████▋   | 1.77G/2.64G [02:41\u003c05:01, 2.90MB/s]\r 67%|██████▋   | 1.77G/2.64G [02:41\u003c05:02, 2.89MB/s]\n"}
,{"stream_name":"stderr","time":249.567411362,"data":"\r 67%|██████▋   | 1.77G/2.64G [02:41\u003c05:02, 2.89MB/s]\r 67%|██████▋   | 1.77G/2.64G [02:41\u003c05:03, 2.88MB/s]\n"}
,{"stream_name":"stderr","time":249.705176531,"data":"\r 67%|██████▋   | 1.77G/2.64G [02:41\u003c05:03, 2.88MB/s]\r 67%|██████▋   | 1.77G/2.64G [02:42\u003c05:04, 2.87MB/s]\n"}
,{"stream_name":"stderr","time":249.843886286,"data":"\r 67%|██████▋   | 1.77G/2.64G [02:42\u003c05:04, 2.87MB/s]\r 67%|██████▋   | 1.77G/2.64G [02:42\u003c04:57, 2.93MB/s]\n"}
,{"stream_name":"stderr","time":249.981053157,"data":"\r 67%|██████▋   | 1.77G/2.64G [02:42\u003c04:57, 2.93MB/s]\r 67%|██████▋   | 1.77G/2.64G [02:42\u003c04:59, 2.91MB/s]\n"}
,{"stream_name":"stderr","time":250.118966084,"data":"\r 67%|██████▋   | 1.77G/2.64G [02:42\u003c04:59, 2.91MB/s]\r 67%|██████▋   | 1.77G/2.64G [02:42\u003c05:01, 2.90MB/s]\n"}
,{"stream_name":"stderr","time":250.256343246,"data":"\r 67%|██████▋   | 1.77G/2.64G [02:42\u003c05:01, 2.90MB/s]\r 67%|██████▋   | 1.77G/2.64G [02:42\u003c05:02, 2.88MB/s]\n"}
,{"stream_name":"stderr","time":250.394196468,"data":"\r 67%|██████▋   | 1.77G/2.64G [02:42\u003c05:02, 2.88MB/s]\r 67%|██████▋   | 1.77G/2.64G [02:42\u003c05:03, 2.87MB/s]\n"}
,{"stream_name":"stderr","time":250.53258425799999,"data":"\r 67%|██████▋   | 1.77G/2.64G [02:42\u003c05:03, 2.87MB/s]\r 67%|██████▋   | 1.77G/2.64G [02:42\u003c04:56, 2.94MB/s]\n"}
,{"stream_name":"stderr","time":250.669441814,"data":"\r 67%|██████▋   | 1.77G/2.64G [02:42\u003c04:56, 2.94MB/s]\r 67%|██████▋   | 1.77G/2.64G [02:43\u003c04:58, 2.92MB/s]\n"}
,{"stream_name":"stderr","time":250.807287967,"data":"\r 67%|██████▋   | 1.77G/2.64G [02:43\u003c04:58, 2.92MB/s]\r 67%|██████▋   | 1.77G/2.64G [02:43\u003c05:00, 2.90MB/s]\n"}
,{"stream_name":"stderr","time":250.944655394,"data":"\r 67%|██████▋   | 1.77G/2.64G [02:43\u003c05:00, 2.90MB/s]\r 67%|██████▋   | 1.77G/2.64G [02:43\u003c05:01, 2.88MB/s]\n"}
,{"stream_name":"stderr","time":251.08278557,"data":"\r 67%|██████▋   | 1.77G/2.64G [02:43\u003c05:01, 2.88MB/s]\r 67%|██████▋   | 1.77G/2.64G [02:43\u003c05:02, 2.88MB/s]\n"}
,{"stream_name":"stderr","time":251.22116782,"data":"\r 67%|██████▋   | 1.77G/2.64G [02:43\u003c05:02, 2.88MB/s]\r 67%|██████▋   | 1.77G/2.64G [02:43\u003c04:56, 2.94MB/s]\n"}
,{"stream_name":"stderr","time":251.358818112,"data":"\r 67%|██████▋   | 1.77G/2.64G [02:43\u003c04:56, 2.94MB/s]\r 67%|██████▋   | 1.77G/2.64G [02:43\u003c04:58, 2.91MB/s]\n"}
,{"stream_name":"stderr","time":251.495736349,"data":"\r 67%|██████▋   | 1.77G/2.64G [02:43\u003c04:58, 2.91MB/s]\r 67%|██████▋   | 1.77G/2.64G [02:43\u003c04:59, 2.90MB/s]\n"}
,{"stream_name":"stderr","time":251.633782812,"data":"\r 67%|██████▋   | 1.77G/2.64G [02:43\u003c04:59, 2.90MB/s]\r 67%|██████▋   | 1.77G/2.64G [02:44\u003c05:01, 2.88MB/s]\n"}
,{"stream_name":"stderr","time":251.772060807,"data":"\r 67%|██████▋   | 1.77G/2.64G [02:44\u003c05:01, 2.88MB/s]\r 67%|██████▋   | 1.77G/2.64G [02:44\u003c04:54, 2.94MB/s]\n"}
,{"stream_name":"stderr","time":251.909042031,"data":"\r 67%|██████▋   | 1.77G/2.64G [02:44\u003c04:54, 2.94MB/s]\r 67%|██████▋   | 1.77G/2.64G [02:44\u003c04:56, 2.92MB/s]\n"}
,{"stream_name":"stderr","time":252.047196329,"data":"\r 67%|██████▋   | 1.77G/2.64G [02:44\u003c04:56, 2.92MB/s]\r 67%|██████▋   | 1.77G/2.64G [02:44\u003c04:59, 2.90MB/s]\n"}
,{"stream_name":"stderr","time":252.184993928,"data":"\r 67%|██████▋   | 1.77G/2.64G [02:44\u003c04:59, 2.90MB/s]\r 67%|██████▋   | 1.77G/2.64G [02:44\u003c04:53, 2.96MB/s]\n"}
,{"stream_name":"stderr","time":252.322913787,"data":"\r 67%|██████▋   | 1.77G/2.64G [02:44\u003c04:53, 2.96MB/s]\r 67%|██████▋   | 1.77G/2.64G [02:44\u003c04:56, 2.93MB/s]\n"}
,{"stream_name":"stderr","time":252.46131849,"data":"\r 67%|██████▋   | 1.77G/2.64G [02:44\u003c04:56, 2.93MB/s]\r 67%|██████▋   | 1.77G/2.64G [02:44\u003c04:51, 2.97MB/s]\n"}
,{"stream_name":"stderr","time":252.599016546,"data":"\r 67%|██████▋   | 1.77G/2.64G [02:44\u003c04:51, 2.97MB/s]\r 67%|██████▋   | 1.77G/2.64G [02:45\u003c04:47, 3.01MB/s]\n"}
,{"stream_name":"stderr","time":252.736785211,"data":"\r 67%|██████▋   | 1.77G/2.64G [02:45\u003c04:47, 3.01MB/s]\r 67%|██████▋   | 1.78G/2.64G [02:45\u003c04:45, 3.03MB/s]\n"}
,{"stream_name":"stderr","time":252.873708292,"data":"\r 67%|██████▋   | 1.78G/2.64G [02:45\u003c04:45, 3.03MB/s]\r 67%|██████▋   | 1.78G/2.64G [02:45\u003c04:43, 3.05MB/s]\n"}
,{"stream_name":"stderr","time":253.011979175,"data":"\r 67%|██████▋   | 1.78G/2.64G [02:45\u003c04:43, 3.05MB/s]\r 67%|██████▋   | 1.78G/2.64G [02:45\u003c04:41, 3.06MB/s]\n"}
,{"stream_name":"stderr","time":253.149347554,"data":"\r 67%|██████▋   | 1.78G/2.64G [02:45\u003c04:41, 3.06MB/s]\r 67%|██████▋   | 1.78G/2.64G [02:45\u003c04:40, 3.07MB/s]\n"}
,{"stream_name":"stderr","time":253.287748882,"data":"\r 67%|██████▋   | 1.78G/2.64G [02:45\u003c04:40, 3.07MB/s]\r 67%|██████▋   | 1.78G/2.64G [02:45\u003c04:34, 3.15MB/s]\n"}
,{"stream_name":"stderr","time":253.42504101,"data":"\r 67%|██████▋   | 1.78G/2.64G [02:45\u003c04:34, 3.15MB/s]\r 67%|██████▋   | 1.78G/2.64G [02:45\u003c04:35, 3.13MB/s]\n"}
,{"stream_name":"stderr","time":253.56289833,"data":"\r 67%|██████▋   | 1.78G/2.64G [02:45\u003c04:35, 3.13MB/s]\r 67%|██████▋   | 1.78G/2.64G [02:45\u003c04:30, 3.19MB/s]\n"}
,{"stream_name":"stderr","time":253.701473333,"data":"\r 67%|██████▋   | 1.78G/2.64G [02:45\u003c04:30, 3.19MB/s]\r 67%|██████▋   | 1.78G/2.64G [02:46\u003c04:21, 3.30MB/s]\n"}
,{"stream_name":"stderr","time":253.838581103,"data":"\r 67%|██████▋   | 1.78G/2.64G [02:46\u003c04:21, 3.30MB/s]\r 67%|██████▋   | 1.78G/2.64G [02:46\u003c04:20, 3.31MB/s]\n"}
,{"stream_name":"stderr","time":253.977644708,"data":"\r 67%|██████▋   | 1.78G/2.64G [02:46\u003c04:20, 3.31MB/s]\r 67%|██████▋   | 1.78G/2.64G [02:46\u003c04:14, 3.38MB/s]\n"}
,{"stream_name":"stderr","time":254.115003499,"data":"\r 67%|██████▋   | 1.78G/2.64G [02:46\u003c04:14, 3.38MB/s]\r 67%|██████▋   | 1.78G/2.64G [02:46\u003c04:10, 3.44MB/s]\n"}
,{"stream_name":"stderr","time":254.253081161,"data":"\r 67%|██████▋   | 1.78G/2.64G [02:46\u003c04:10, 3.44MB/s]\r 67%|██████▋   | 1.78G/2.64G [02:46\u003c04:07, 3.48MB/s]\n"}
,{"stream_name":"stderr","time":254.39116375,"data":"\r 67%|██████▋   | 1.78G/2.64G [02:46\u003c04:07, 3.48MB/s]\r 67%|██████▋   | 1.78G/2.64G [02:46\u003c04:05, 3.50MB/s]\n"}
,{"stream_name":"stderr","time":254.529050596,"data":"\r 67%|██████▋   | 1.78G/2.64G [02:46\u003c04:05, 3.50MB/s]\r 67%|██████▋   | 1.78G/2.64G [02:46\u003c03:59, 3.59MB/s]\n"}
,{"stream_name":"stderr","time":254.667125082,"data":"\r 67%|██████▋   | 1.78G/2.64G [02:46\u003c03:59, 3.59MB/s]\r 67%|██████▋   | 1.78G/2.64G [02:47\u003c03:50, 3.72MB/s]\n"}
,{"stream_name":"stderr","time":254.804912713,"data":"\r 67%|██████▋   | 1.78G/2.64G [02:47\u003c03:50, 3.72MB/s]\r 68%|██████▊   | 1.78G/2.64G [02:47\u003c03:48, 3.75MB/s]\n"}
,{"stream_name":"stderr","time":254.942328157,"data":"\r 68%|██████▊   | 1.78G/2.64G [02:47\u003c03:48, 3.75MB/s]\r 68%|██████▊   | 1.78G/2.64G [02:47\u003c03:43, 3.84MB/s]\n"}
,{"stream_name":"stderr","time":255.080976955,"data":"\r 68%|██████▊   | 1.78G/2.64G [02:47\u003c03:43, 3.84MB/s]\r 68%|██████▊   | 1.78G/2.64G [02:47\u003c03:35, 3.97MB/s]\n"}
,{"stream_name":"stderr","time":255.265197469,"data":"\r 68%|██████▊   | 1.78G/2.64G [02:47\u003c03:35, 3.97MB/s]\r 68%|██████▊   | 1.78G/2.64G [02:47\u003c03:56, 3.63MB/s]\n"}
,{"stream_name":"stderr","time":255.402729971,"data":"\r 68%|██████▊   | 1.78G/2.64G [02:47\u003c03:56, 3.63MB/s]\r 68%|██████▊   | 1.78G/2.64G [02:47\u003c03:44, 3.81MB/s]\n"}
,{"stream_name":"stderr","time":255.54062578,"data":"\r 68%|██████▊   | 1.78G/2.64G [02:47\u003c03:44, 3.81MB/s]\r 68%|██████▊   | 1.79G/2.64G [02:47\u003c03:53, 3.67MB/s]\n"}
,{"stream_name":"stderr","time":255.678627039,"data":"\r 68%|██████▊   | 1.79G/2.64G [02:47\u003c03:53, 3.67MB/s]\r 68%|██████▊   | 1.79G/2.64G [02:48\u003c03:59, 3.57MB/s]\n"}
,{"stream_name":"stderr","time":255.817036282,"data":"\r 68%|██████▊   | 1.79G/2.64G [02:48\u003c03:59, 3.57MB/s]\r 68%|██████▊   | 1.79G/2.64G [02:48\u003c03:59, 3.56MB/s]\n"}
,{"stream_name":"stderr","time":255.95460114,"data":"\r 68%|██████▊   | 1.79G/2.64G [02:48\u003c03:59, 3.56MB/s]\r 68%|██████▊   | 1.79G/2.64G [02:48\u003c03:59, 3.57MB/s]\n"}
,{"stream_name":"stderr","time":256.092881476,"data":"\r 68%|██████▊   | 1.79G/2.64G [02:48\u003c03:59, 3.57MB/s]\r 68%|██████▊   | 1.79G/2.64G [02:48\u003c03:59, 3.56MB/s]\n"}
,{"stream_name":"stderr","time":256.231757142,"data":"\r 68%|██████▊   | 1.79G/2.64G [02:48\u003c03:59, 3.56MB/s]\r 68%|██████▊   | 1.79G/2.64G [02:48\u003c04:15, 3.34MB/s]\n"}
,{"stream_name":"stderr","time":256.369775328,"data":"\r 68%|██████▊   | 1.79G/2.64G [02:48\u003c04:15, 3.34MB/s]\r 68%|██████▊   | 1.79G/2.64G [02:48\u003c04:32, 3.13MB/s]\n"}
,{"stream_name":"stderr","time":256.554726538,"data":"\r 68%|██████▊   | 1.79G/2.64G [02:48\u003c04:32, 3.13MB/s]\r 68%|██████▊   | 1.79G/2.64G [02:48\u003c05:23, 2.63MB/s]\n"}
,{"stream_name":"stderr","time":256.692733632,"data":"\r 68%|██████▊   | 1.79G/2.64G [02:48\u003c05:23, 2.63MB/s]\r 68%|██████▊   | 1.79G/2.64G [02:49\u003c05:23, 2.63MB/s]\n"}
,{"stream_name":"stderr","time":256.830584487,"data":"\r 68%|██████▊   | 1.79G/2.64G [02:49\u003c05:23, 2.63MB/s]\r 68%|██████▊   | 1.79G/2.64G [02:49\u003c05:41, 2.49MB/s]\n"}
,{"stream_name":"stderr","time":256.968395534,"data":"\r 68%|██████▊   | 1.79G/2.64G [02:49\u003c05:41, 2.49MB/s]\r 68%|██████▊   | 1.79G/2.64G [02:49\u003c06:07, 2.32MB/s]\n"}
,{"stream_name":"stderr","time":257.106409706,"data":"\r 68%|██████▊   | 1.79G/2.64G [02:49\u003c06:07, 2.32MB/s]\r 68%|██████▊   | 1.79G/2.64G [02:49\u003c06:15, 2.27MB/s]\n"}
,{"stream_name":"stderr","time":257.243774461,"data":"\r 68%|██████▊   | 1.79G/2.64G [02:49\u003c06:15, 2.27MB/s]\r 68%|██████▊   | 1.79G/2.64G [02:49\u003c06:21, 2.23MB/s]\n"}
,{"stream_name":"stderr","time":257.38142915,"data":"\r 68%|██████▊   | 1.79G/2.64G [02:49\u003c06:21, 2.23MB/s]\r 68%|██████▊   | 1.79G/2.64G [02:49\u003c06:25, 2.20MB/s]\n"}
,{"stream_name":"stderr","time":257.519421518,"data":"\r 68%|██████▊   | 1.79G/2.64G [02:49\u003c06:25, 2.20MB/s]\r 68%|██████▊   | 1.79G/2.64G [02:49\u003c06:29, 2.18MB/s]\n"}
,{"stream_name":"stderr","time":257.657293188,"data":"\r 68%|██████▊   | 1.79G/2.64G [02:49\u003c06:29, 2.18MB/s]\r 68%|██████▊   | 1.79G/2.64G [02:50\u003c06:31, 2.17MB/s]\n"}
,{"stream_name":"stderr","time":257.794818078,"data":"\r 68%|██████▊   | 1.79G/2.64G [02:50\u003c06:31, 2.17MB/s]\r 68%|██████▊   | 1.79G/2.64G [02:50\u003c06:20, 2.23MB/s]\n"}
,{"stream_name":"stderr","time":257.933000534,"data":"\r 68%|██████▊   | 1.79G/2.64G [02:50\u003c06:20, 2.23MB/s]\r 68%|██████▊   | 1.79G/2.64G [02:50\u003c06:25, 2.20MB/s]\n"}
,{"stream_name":"stderr","time":258.07105092,"data":"\r 68%|██████▊   | 1.79G/2.64G [02:50\u003c06:25, 2.20MB/s]\r 68%|██████▊   | 1.79G/2.64G [02:50\u003c06:16, 2.26MB/s]\n"}
,{"stream_name":"stderr","time":258.208377854,"data":"\r 68%|██████▊   | 1.79G/2.64G [02:50\u003c06:16, 2.26MB/s]\r 68%|██████▊   | 1.79G/2.64G [02:50\u003c06:21, 2.22MB/s]\n"}
,{"stream_name":"stderr","time":258.346435266,"data":"\r 68%|██████▊   | 1.79G/2.64G [02:50\u003c06:21, 2.22MB/s]\r 68%|██████▊   | 1.79G/2.64G [02:50\u003c06:14, 2.27MB/s]\n"}
,{"stream_name":"stderr","time":258.484009189,"data":"\r 68%|██████▊   | 1.79G/2.64G [02:50\u003c06:14, 2.27MB/s]\r 68%|██████▊   | 1.79G/2.64G [02:50\u003c06:08, 2.30MB/s]\n"}
,{"stream_name":"stderr","time":258.621565943,"data":"\r 68%|██████▊   | 1.79G/2.64G [02:50\u003c06:08, 2.30MB/s]\r 68%|██████▊   | 1.79G/2.64G [02:51\u003c06:15, 2.25MB/s]\n"}
,{"stream_name":"stderr","time":258.758973397,"data":"\r 68%|██████▊   | 1.79G/2.64G [02:51\u003c06:15, 2.25MB/s]\r 68%|██████▊   | 1.79G/2.64G [02:51\u003c06:09, 2.29MB/s]\n"}
,{"stream_name":"stderr","time":258.896779341,"data":"\r 68%|██████▊   | 1.79G/2.64G [02:51\u003c06:09, 2.29MB/s]\r 68%|██████▊   | 1.79G/2.64G [02:51\u003c06:05, 2.32MB/s]\n"}
,{"stream_name":"stderr","time":259.034685266,"data":"\r 68%|██████▊   | 1.79G/2.64G [02:51\u003c06:05, 2.32MB/s]\r 68%|██████▊   | 1.79G/2.64G [02:51\u003c06:02, 2.34MB/s]\n"}
,{"stream_name":"stderr","time":259.172323508,"data":"\r 68%|██████▊   | 1.79G/2.64G [02:51\u003c06:02, 2.34MB/s]\r 68%|██████▊   | 1.79G/2.64G [02:51\u003c06:00, 2.35MB/s]\n"}
,{"stream_name":"stderr","time":259.310108629,"data":"\r 68%|██████▊   | 1.79G/2.64G [02:51\u003c06:00, 2.35MB/s]\r 68%|██████▊   | 1.79G/2.64G [02:51\u003c05:58, 2.36MB/s]\n"}
,{"stream_name":"stderr","time":259.447413555,"data":"\r 68%|██████▊   | 1.79G/2.64G [02:51\u003c05:58, 2.36MB/s]\r 68%|██████▊   | 1.79G/2.64G [02:51\u003c06:08, 2.29MB/s]\n"}
,{"stream_name":"stderr","time":259.585013686,"data":"\r 68%|██████▊   | 1.79G/2.64G [02:51\u003c06:08, 2.29MB/s]\r 68%|██████▊   | 1.80G/2.64G [02:52\u003c06:04, 2.32MB/s]\n"}
,{"stream_name":"stderr","time":259.722943373,"data":"\r 68%|██████▊   | 1.80G/2.64G [02:52\u003c06:04, 2.32MB/s]\r 68%|██████▊   | 1.80G/2.64G [02:52\u003c06:01, 2.34MB/s]\n"}
,{"stream_name":"stderr","time":259.861345897,"data":"\r 68%|██████▊   | 1.80G/2.64G [02:52\u003c06:01, 2.34MB/s]\r 68%|██████▊   | 1.80G/2.64G [02:52\u003c05:59, 2.35MB/s]\n"}
,{"stream_name":"stderr","time":259.999319924,"data":"\r 68%|██████▊   | 1.80G/2.64G [02:52\u003c05:59, 2.35MB/s]\r 68%|██████▊   | 1.80G/2.64G [02:52\u003c05:58, 2.35MB/s]\n"}
,{"stream_name":"stderr","time":260.136454842,"data":"\r 68%|██████▊   | 1.80G/2.64G [02:52\u003c05:58, 2.35MB/s]\r 68%|██████▊   | 1.80G/2.64G [02:52\u003c06:07, 2.30MB/s]\n"}
,{"stream_name":"stderr","time":260.274403297,"data":"\r 68%|██████▊   | 1.80G/2.64G [02:52\u003c06:07, 2.30MB/s]\r 68%|██████▊   | 1.80G/2.64G [02:52\u003c06:03, 2.32MB/s]\n"}
,{"stream_name":"stderr","time":260.411912847,"data":"\r 68%|██████▊   | 1.80G/2.64G [02:52\u003c06:03, 2.32MB/s]\r 68%|██████▊   | 1.80G/2.64G [02:52\u003c06:00, 2.34MB/s]\n"}
,{"stream_name":"stderr","time":260.549656696,"data":"\r 68%|██████▊   | 1.80G/2.64G [02:52\u003c06:00, 2.34MB/s]\r 68%|██████▊   | 1.80G/2.64G [02:52\u003c05:58, 2.35MB/s]\n"}
,{"stream_name":"stderr","time":260.687916784,"data":"\r 68%|██████▊   | 1.80G/2.64G [02:52\u003c05:58, 2.35MB/s]\r 68%|██████▊   | 1.80G/2.64G [02:53\u003c05:57, 2.35MB/s]\n"}
,{"stream_name":"stderr","time":260.825469276,"data":"\r 68%|██████▊   | 1.80G/2.64G [02:53\u003c05:57, 2.35MB/s]\r 68%|██████▊   | 1.80G/2.64G [02:53\u003c06:07, 2.29MB/s]\n"}
,{"stream_name":"stderr","time":260.963447788,"data":"\r 68%|██████▊   | 1.80G/2.64G [02:53\u003c06:07, 2.29MB/s]\r 68%|██████▊   | 1.80G/2.64G [02:53\u003c06:03, 2.32MB/s]\n"}
,{"stream_name":"stderr","time":261.10092223,"data":"\r 68%|██████▊   | 1.80G/2.64G [02:53\u003c06:03, 2.32MB/s]\r 68%|██████▊   | 1.80G/2.64G [02:53\u003c06:00, 2.34MB/s]\n"}
,{"stream_name":"stderr","time":261.238511617,"data":"\r 68%|██████▊   | 1.80G/2.64G [02:53\u003c06:00, 2.34MB/s]\r 68%|██████▊   | 1.80G/2.64G [02:53\u003c05:58, 2.35MB/s]\n"}
,{"stream_name":"stderr","time":261.376300085,"data":"\r 68%|██████▊   | 1.80G/2.64G [02:53\u003c05:58, 2.35MB/s]\r 68%|██████▊   | 1.80G/2.64G [02:53\u003c05:56, 2.36MB/s]\n"}
,{"stream_name":"stderr","time":261.514427906,"data":"\r 68%|██████▊   | 1.80G/2.64G [02:53\u003c05:56, 2.36MB/s]\r 68%|██████▊   | 1.80G/2.64G [02:53\u003c05:55, 2.36MB/s]\n"}
,{"stream_name":"stderr","time":261.652028776,"data":"\r 68%|██████▊   | 1.80G/2.64G [02:53\u003c05:55, 2.36MB/s]\r 68%|██████▊   | 1.80G/2.64G [02:54\u003c05:54, 2.37MB/s]\n"}
,{"stream_name":"stderr","time":261.789295555,"data":"\r 68%|██████▊   | 1.80G/2.64G [02:54\u003c05:54, 2.37MB/s]\r 68%|██████▊   | 1.80G/2.64G [02:54\u003c05:53, 2.37MB/s]\n"}
,{"stream_name":"stderr","time":261.92719048,"data":"\r 68%|██████▊   | 1.80G/2.64G [02:54\u003c05:53, 2.37MB/s]\r 68%|██████▊   | 1.80G/2.64G [02:54\u003c05:53, 2.37MB/s]\n"}
,{"stream_name":"stderr","time":262.065426613,"data":"\r 68%|██████▊   | 1.80G/2.64G [02:54\u003c05:53, 2.37MB/s]\r 68%|██████▊   | 1.80G/2.64G [02:54\u003c05:53, 2.37MB/s]\n"}
,{"stream_name":"stderr","time":262.20306822,"data":"\r 68%|██████▊   | 1.80G/2.64G [02:54\u003c05:53, 2.37MB/s]\r 68%|██████▊   | 1.80G/2.64G [02:54\u003c05:42, 2.45MB/s]\n"}
,{"stream_name":"stderr","time":262.34056574,"data":"\r 68%|██████▊   | 1.80G/2.64G [02:54\u003c05:42, 2.45MB/s]\r 68%|██████▊   | 1.80G/2.64G [02:54\u003c05:45, 2.43MB/s]\n"}
,{"stream_name":"stderr","time":262.478784793,"data":"\r 68%|██████▊   | 1.80G/2.64G [02:54\u003c05:45, 2.43MB/s]\r 68%|██████▊   | 1.80G/2.64G [02:54\u003c05:37, 2.48MB/s]\n"}
,{"stream_name":"stderr","time":262.616706667,"data":"\r 68%|██████▊   | 1.80G/2.64G [02:54\u003c05:37, 2.48MB/s]\r 68%|██████▊   | 1.80G/2.64G [02:55\u003c05:32, 2.52MB/s]\n"}
,{"stream_name":"stderr","time":262.7539696,"data":"\r 68%|██████▊   | 1.80G/2.64G [02:55\u003c05:32, 2.52MB/s]\r 68%|██████▊   | 1.80G/2.64G [02:55\u003c05:28, 2.55MB/s]\n"}
,{"stream_name":"stderr","time":262.891834499,"data":"\r 68%|██████▊   | 1.80G/2.64G [02:55\u003c05:28, 2.55MB/s]\r 68%|██████▊   | 1.80G/2.64G [02:55\u003c05:25, 2.57MB/s]\n"}
,{"stream_name":"stderr","time":263.03014459,"data":"\r 68%|██████▊   | 1.80G/2.64G [02:55\u003c05:25, 2.57MB/s]\r 68%|██████▊   | 1.80G/2.64G [02:55\u003c05:15, 2.65MB/s]\n"}
,{"stream_name":"stderr","time":263.16672381,"data":"\r 68%|██████▊   | 1.80G/2.64G [02:55\u003c05:15, 2.65MB/s]\r 68%|██████▊   | 1.80G/2.64G [02:55\u003c05:15, 2.65MB/s]\n"}
,{"stream_name":"stderr","time":263.304552035,"data":"\r 68%|██████▊   | 1.80G/2.64G [02:55\u003c05:15, 2.65MB/s]\r 68%|██████▊   | 1.80G/2.64G [02:55\u003c05:08, 2.71MB/s]\n"}
,{"stream_name":"stderr","time":263.441704506,"data":"\r 68%|██████▊   | 1.80G/2.64G [02:55\u003c05:08, 2.71MB/s]\r 68%|██████▊   | 1.80G/2.64G [02:55\u003c05:03, 2.76MB/s]\n"}
,{"stream_name":"stderr","time":263.580036624,"data":"\r 68%|██████▊   | 1.80G/2.64G [02:55\u003c05:03, 2.76MB/s]\r 68%|██████▊   | 1.80G/2.64G [02:56\u003c04:52, 2.86MB/s]\n"}
,{"stream_name":"stderr","time":263.717137439,"data":"\r 68%|██████▊   | 1.80G/2.64G [02:56\u003c04:52, 2.86MB/s]\r 68%|██████▊   | 1.81G/2.64G [02:56\u003c04:45, 2.93MB/s]\n"}
,{"stream_name":"stderr","time":263.854713333,"data":"\r 68%|██████▊   | 1.81G/2.64G [02:56\u003c04:45, 2.93MB/s]\r 68%|██████▊   | 1.81G/2.64G [02:56\u003c04:40, 2.98MB/s]\n"}
,{"stream_name":"stderr","time":263.992697504,"data":"\r 68%|██████▊   | 1.81G/2.64G [02:56\u003c04:40, 2.98MB/s]\r 68%|██████▊   | 1.81G/2.64G [02:56\u003c04:30, 3.08MB/s]\n"}
,{"stream_name":"stderr","time":264.130087861,"data":"\r 68%|██████▊   | 1.81G/2.64G [02:56\u003c04:30, 3.08MB/s]\r 68%|██████▊   | 1.81G/2.64G [02:56\u003c04:23, 3.16MB/s]\n"}
,{"stream_name":"stderr","time":264.268344571,"data":"\r 68%|██████▊   | 1.81G/2.64G [02:56\u003c04:23, 3.16MB/s]\r 68%|██████▊   | 1.81G/2.64G [02:56\u003c04:19, 3.21MB/s]\n"}
,{"stream_name":"stderr","time":264.405456236,"data":"\r 68%|██████▊   | 1.81G/2.64G [02:56\u003c04:19, 3.21MB/s]\r 68%|██████▊   | 1.81G/2.64G [02:56\u003c04:10, 3.32MB/s]\n"}
,{"stream_name":"stderr","time":264.543767456,"data":"\r 68%|██████▊   | 1.81G/2.64G [02:56\u003c04:10, 3.32MB/s]\r 68%|██████▊   | 1.81G/2.64G [02:56\u003c04:05, 3.39MB/s]\n"}
,{"stream_name":"stderr","time":264.680569084,"data":"\r 68%|██████▊   | 1.81G/2.64G [02:56\u003c04:05, 3.39MB/s]\r 69%|██████▊   | 1.81G/2.64G [02:57\u003c03:56, 3.52MB/s]\n"}
,{"stream_name":"stderr","time":264.818055281,"data":"\r 69%|██████▊   | 1.81G/2.64G [02:57\u003c03:56, 3.52MB/s]\r 69%|██████▊   | 1.81G/2.64G [02:57\u003c03:50, 3.61MB/s]\n"}
,{"stream_name":"stderr","time":264.956027321,"data":"\r 69%|██████▊   | 1.81G/2.64G [02:57\u003c03:50, 3.61MB/s]\r 69%|██████▊   | 1.81G/2.64G [02:57\u003c03:42, 3.74MB/s]\n"}
,{"stream_name":"stderr","time":265.093511234,"data":"\r 69%|██████▊   | 1.81G/2.64G [02:57\u003c03:42, 3.74MB/s]\r 69%|██████▊   | 1.81G/2.64G [02:57\u003c03:36, 3.83MB/s]\n"}
,{"stream_name":"stderr","time":265.231127347,"data":"\r 69%|██████▊   | 1.81G/2.64G [02:57\u003c03:36, 3.83MB/s]\r 69%|██████▊   | 1.81G/2.64G [02:57\u003c03:29, 3.97MB/s]\n"}
,{"stream_name":"stderr","time":265.368792643,"data":"\r 69%|██████▊   | 1.81G/2.64G [02:57\u003c03:29, 3.97MB/s]\r 69%|██████▊   | 1.81G/2.64G [02:57\u003c03:20, 4.13MB/s]\n"}
,{"stream_name":"stderr","time":265.507393695,"data":"\r 69%|██████▊   | 1.81G/2.64G [02:57\u003c03:20, 4.13MB/s]\r 69%|██████▊   | 1.81G/2.64G [02:57\u003c03:11, 4.31MB/s]\n"}
,{"stream_name":"stderr","time":265.644461443,"data":"\r 69%|██████▊   | 1.81G/2.64G [02:57\u003c03:11, 4.31MB/s]\r 69%|██████▊   | 1.81G/2.64G [02:58\u003c03:05, 4.45MB/s]\n"}
,{"stream_name":"stderr","time":265.782338489,"data":"\r 69%|██████▊   | 1.81G/2.64G [02:58\u003c03:05, 4.45MB/s]\r 69%|██████▊   | 1.81G/2.64G [02:58\u003c02:59, 4.62MB/s]\n"}
,{"stream_name":"stderr","time":265.919576443,"data":"\r 69%|██████▊   | 1.81G/2.64G [02:58\u003c02:59, 4.62MB/s]\r 69%|██████▊   | 1.81G/2.64G [02:58\u003c02:54, 4.73MB/s]\n"}
,{"stream_name":"stderr","time":266.057436707,"data":"\r 69%|██████▊   | 1.81G/2.64G [02:58\u003c02:54, 4.73MB/s]\r 69%|██████▊   | 1.82G/2.64G [02:58\u003c02:46, 4.95MB/s]\n"}
,{"stream_name":"stderr","time":266.195012385,"data":"\r 69%|██████▊   | 1.82G/2.64G [02:58\u003c02:46, 4.95MB/s]\r 69%|██████▉   | 1.82G/2.64G [02:58\u003c02:41, 5.11MB/s]\n"}
,{"stream_name":"stderr","time":266.332652967,"data":"\r 69%|██████▉   | 1.82G/2.64G [02:58\u003c02:41, 5.11MB/s]\r 69%|██████▉   | 1.82G/2.64G [02:58\u003c02:35, 5.29MB/s]\n"}
,{"stream_name":"stderr","time":266.470366932,"data":"\r 69%|██████▉   | 1.82G/2.64G [02:58\u003c02:35, 5.29MB/s]\r 69%|██████▉   | 1.82G/2.64G [02:58\u003c02:29, 5.49MB/s]\n"}
,{"stream_name":"stderr","time":266.608795278,"data":"\r 69%|██████▉   | 1.82G/2.64G [02:58\u003c02:29, 5.49MB/s]\r 69%|██████▉   | 1.82G/2.64G [02:59\u003c02:22, 5.76MB/s]\n"}
,{"stream_name":"stderr","time":266.745945288,"data":"\r 69%|██████▉   | 1.82G/2.64G [02:59\u003c02:22, 5.76MB/s]\r 69%|██████▉   | 1.82G/2.64G [02:59\u003c02:17, 5.97MB/s]\n"}
,{"stream_name":"stderr","time":266.883789581,"data":"\r 69%|██████▉   | 1.82G/2.64G [02:59\u003c02:17, 5.97MB/s]\r 69%|██████▉   | 1.82G/2.64G [02:59\u003c02:12, 6.17MB/s]\n"}
,{"stream_name":"stderr","time":267.021816515,"data":"\r 69%|██████▉   | 1.82G/2.64G [02:59\u003c02:12, 6.17MB/s]\r 69%|██████▉   | 1.82G/2.64G [02:59\u003c02:08, 6.39MB/s]\n"}
,{"stream_name":"stderr","time":267.159529655,"data":"\r 69%|██████▉   | 1.82G/2.64G [02:59\u003c02:08, 6.39MB/s]\r 69%|██████▉   | 1.82G/2.64G [02:59\u003c02:02, 6.68MB/s]\n"}
,{"stream_name":"stderr","time":267.297139688,"data":"\r 69%|██████▉   | 1.82G/2.64G [02:59\u003c02:02, 6.68MB/s]\r 69%|██████▉   | 1.82G/2.64G [02:59\u003c01:58, 6.89MB/s]\n"}
,{"stream_name":"stderr","time":267.434782905,"data":"\r 69%|██████▉   | 1.82G/2.64G [02:59\u003c01:58, 6.89MB/s]\r 69%|██████▉   | 1.82G/2.64G [02:59\u003c01:53, 7.18MB/s]\n"}
,{"stream_name":"stderr","time":267.573279847,"data":"\r 69%|██████▉   | 1.82G/2.64G [02:59\u003c01:53, 7.18MB/s]\r 69%|██████▉   | 1.83G/2.64G [02:59\u003c01:49, 7.45MB/s]\n"}
,{"stream_name":"stderr","time":267.709733009,"data":"\r 69%|██████▉   | 1.83G/2.64G [02:59\u003c01:49, 7.45MB/s]\r 69%|██████▉   | 1.83G/2.64G [03:00\u003c01:45, 7.72MB/s]\n"}
,{"stream_name":"stderr","time":267.84711087,"data":"\r 69%|██████▉   | 1.83G/2.64G [03:00\u003c01:45, 7.72MB/s]\r 69%|██████▉   | 1.83G/2.64G [03:00\u003c01:40, 8.05MB/s]\n"}
,{"stream_name":"stderr","time":268.040241507,"data":"\r 69%|██████▉   | 1.83G/2.64G [03:00\u003c01:40, 8.05MB/s]\r 69%|██████▉   | 1.83G/2.64G [03:00\u003c01:36, 8.41MB/s]\n"}
,{"stream_name":"stderr","time":268.122448971,"data":"\r 69%|██████▉   | 1.83G/2.64G [03:00\u003c01:36, 8.41MB/s]\r 69%|██████▉   | 1.83G/2.64G [03:00\u003c01:33, 8.69MB/s]\n"}
,{"stream_name":"stderr","time":268.261032976,"data":"\r 69%|██████▉   | 1.83G/2.64G [03:00\u003c01:33, 8.69MB/s]\r 69%|██████▉   | 1.83G/2.64G [03:00\u003c01:29, 9.06MB/s]\n"}
,{"stream_name":"stderr","time":268.397571938,"data":"\r 69%|██████▉   | 1.83G/2.64G [03:00\u003c01:29, 9.06MB/s]\r 69%|██████▉   | 1.83G/2.64G [03:00\u003c01:26, 9.36MB/s]\n"}
,{"stream_name":"stderr","time":268.536283989,"data":"\r 69%|██████▉   | 1.83G/2.64G [03:00\u003c01:26, 9.36MB/s]\r 69%|██████▉   | 1.83G/2.64G [03:00\u003c01:33, 8.60MB/s]\n"}
,{"stream_name":"stderr","time":268.675793384,"data":"\r 69%|██████▉   | 1.83G/2.64G [03:00\u003c01:33, 8.60MB/s]\r 70%|██████▉   | 1.84G/2.64G [03:01\u003c01:26, 9.29MB/s]\n"}
,{"stream_name":"stderr","time":268.811998128,"data":"\r 70%|██████▉   | 1.84G/2.64G [03:01\u003c01:26, 9.29MB/s]\r 70%|██████▉   | 1.84G/2.64G [03:01\u003c01:31, 8.81MB/s]\n"}
,{"stream_name":"stderr","time":268.950797253,"data":"\r 70%|██████▉   | 1.84G/2.64G [03:01\u003c01:31, 8.81MB/s]\r 70%|██████▉   | 1.84G/2.64G [03:01\u003c01:33, 8.58MB/s]\n"}
,{"stream_name":"stderr","time":269.087464075,"data":"\r 70%|██████▉   | 1.84G/2.64G [03:01\u003c01:33, 8.58MB/s]\r 70%|██████▉   | 1.84G/2.64G [03:01\u003c01:34, 8.45MB/s]\n"}
,{"stream_name":"stderr","time":269.224604814,"data":"\r 70%|██████▉   | 1.84G/2.64G [03:01\u003c01:34, 8.45MB/s]\r 70%|██████▉   | 1.84G/2.64G [03:01\u003c01:35, 8.42MB/s]\n"}
,{"stream_name":"stderr","time":269.363537544,"data":"\r 70%|██████▉   | 1.84G/2.64G [03:01\u003c01:35, 8.42MB/s]\r 70%|██████▉   | 1.84G/2.64G [03:01\u003c01:34, 8.43MB/s]\n"}
,{"stream_name":"stderr","time":269.50104612,"data":"\r 70%|██████▉   | 1.84G/2.64G [03:01\u003c01:34, 8.43MB/s]\r 70%|██████▉   | 1.84G/2.64G [03:01\u003c01:34, 8.48MB/s]\n"}
,{"stream_name":"stderr","time":269.638524323,"data":"\r 70%|██████▉   | 1.84G/2.64G [03:01\u003c01:34, 8.48MB/s]\r 70%|██████▉   | 1.84G/2.64G [03:02\u003c01:32, 8.58MB/s]\n"}
,{"stream_name":"stderr","time":269.776673203,"data":"\r 70%|██████▉   | 1.84G/2.64G [03:02\u003c01:32, 8.58MB/s]\r 70%|██████▉   | 1.84G/2.64G [03:02\u003c01:31, 8.72MB/s]\n"}
,{"stream_name":"stderr","time":269.914353757,"data":"\r 70%|██████▉   | 1.84G/2.64G [03:02\u003c01:31, 8.72MB/s]\r 70%|██████▉   | 1.85G/2.64G [03:02\u003c01:30, 8.82MB/s]\n"}
,{"stream_name":"stderr","time":270.052190504,"data":"\r 70%|██████▉   | 1.85G/2.64G [03:02\u003c01:30, 8.82MB/s]\r 70%|██████▉   | 1.85G/2.64G [03:02\u003c01:28, 8.95MB/s]\n"}
,{"stream_name":"stderr","time":270.189834006,"data":"\r 70%|██████▉   | 1.85G/2.64G [03:02\u003c01:28, 8.95MB/s]\r 70%|███████   | 1.85G/2.64G [03:02\u003c01:27, 9.05MB/s]\n"}
,{"stream_name":"stderr","time":270.327490106,"data":"\r 70%|███████   | 1.85G/2.64G [03:02\u003c01:27, 9.05MB/s]\r 70%|███████   | 1.85G/2.64G [03:02\u003c01:26, 9.11MB/s]\n"}
,{"stream_name":"stderr","time":270.466626667,"data":"\r 70%|███████   | 1.85G/2.64G [03:02\u003c01:26, 9.11MB/s]\r 70%|███████   | 1.85G/2.64G [03:02\u003c01:25, 9.21MB/s]\n"}
,{"stream_name":"stderr","time":270.606076022,"data":"\r 70%|███████   | 1.85G/2.64G [03:02\u003c01:25, 9.21MB/s]\r 70%|███████   | 1.85G/2.64G [03:03\u003c01:24, 9.35MB/s]\n"}
,{"stream_name":"stderr","time":270.743708766,"data":"\r 70%|███████   | 1.85G/2.64G [03:03\u003c01:24, 9.35MB/s]\r 70%|███████   | 1.85G/2.64G [03:03\u003c01:23, 9.47MB/s]\n"}
,{"stream_name":"stderr","time":270.881181859,"data":"\r 70%|███████   | 1.85G/2.64G [03:03\u003c01:23, 9.47MB/s]\r 70%|███████   | 1.86G/2.64G [03:03\u003c01:22, 9.55MB/s]\n"}
,{"stream_name":"stderr","time":271.019906331,"data":"\r 70%|███████   | 1.86G/2.64G [03:03\u003c01:22, 9.55MB/s]\r 70%|███████   | 1.86G/2.64G [03:03\u003c01:20, 9.68MB/s]\n"}
,{"stream_name":"stderr","time":271.156309747,"data":"\r 70%|███████   | 1.86G/2.64G [03:03\u003c01:20, 9.68MB/s]\r 70%|███████   | 1.86G/2.64G [03:03\u003c01:20, 9.78MB/s]\n"}
,{"stream_name":"stderr","time":271.295703057,"data":"\r 70%|███████   | 1.86G/2.64G [03:03\u003c01:20, 9.78MB/s]\r 70%|███████   | 1.86G/2.64G [03:03\u003c01:19, 9.82MB/s]\n"}
,{"stream_name":"stderr","time":271.433184946,"data":"\r 70%|███████   | 1.86G/2.64G [03:03\u003c01:19, 9.82MB/s]\r 70%|███████   | 1.86G/2.64G [03:03\u003c01:18, 9.95MB/s]\n"}
,{"stream_name":"stderr","time":271.570969825,"data":"\r 70%|███████   | 1.86G/2.64G [03:03\u003c01:18, 9.95MB/s]\r 71%|███████   | 1.86G/2.64G [03:03\u003c01:17, 10.0MB/s]\n"}
,{"stream_name":"stderr","time":271.709282744,"data":"\r 71%|███████   | 1.86G/2.64G [03:03\u003c01:17, 10.0MB/s]\r 71%|███████   | 1.86G/2.64G [03:04\u003c01:16, 10.1MB/s]\n"}
,{"stream_name":"stderr","time":271.845877726,"data":"\r 71%|███████   | 1.86G/2.64G [03:04\u003c01:16, 10.1MB/s]\r 71%|███████   | 1.86G/2.64G [03:04\u003c01:16, 10.2MB/s]\n"}
,{"stream_name":"stderr","time":271.98423046,"data":"\r 71%|███████   | 1.86G/2.64G [03:04\u003c01:16, 10.2MB/s]\r 71%|███████   | 1.87G/2.64G [03:04\u003c01:15, 10.3MB/s]\n"}
,{"stream_name":"stderr","time":272.122247162,"data":"\r 71%|███████   | 1.87G/2.64G [03:04\u003c01:15, 10.3MB/s]\r 71%|███████   | 1.87G/2.64G [03:04\u003c01:15, 10.3MB/s]\n"}
,{"stream_name":"stderr","time":272.259652195,"data":"\r 71%|███████   | 1.87G/2.64G [03:04\u003c01:15, 10.3MB/s]\r 71%|███████   | 1.87G/2.64G [03:04\u003c01:14, 10.3MB/s]\n"}
,{"stream_name":"stderr","time":272.397027195,"data":"\r 71%|███████   | 1.87G/2.64G [03:04\u003c01:14, 10.3MB/s]\r 71%|███████   | 1.87G/2.64G [03:04\u003c01:14, 10.4MB/s]\n"}
,{"stream_name":"stderr","time":272.536482106,"data":"\r 71%|███████   | 1.87G/2.64G [03:04\u003c01:14, 10.4MB/s]\r 71%|███████   | 1.87G/2.64G [03:04\u003c01:18, 9.79MB/s]\n"}
,{"stream_name":"stderr","time":272.673581173,"data":"\r 71%|███████   | 1.87G/2.64G [03:04\u003c01:18, 9.79MB/s]\r 71%|███████   | 1.87G/2.64G [03:05\u003c01:21, 9.44MB/s]\n"}
,{"stream_name":"stderr","time":272.858316673,"data":"\r 71%|███████   | 1.87G/2.64G [03:05\u003c01:21, 9.44MB/s]\r 71%|███████   | 1.87G/2.64G [03:05\u003c01:37, 7.87MB/s]\n"}
,{"stream_name":"stderr","time":273.043035136,"data":"\r 71%|███████   | 1.87G/2.64G [03:05\u003c01:37, 7.87MB/s]\r 71%|███████   | 1.87G/2.64G [03:05\u003c01:54, 6.69MB/s]\n"}
,{"stream_name":"stderr","time":273.226594954,"data":"\r 71%|███████   | 1.87G/2.64G [03:05\u003c01:54, 6.69MB/s]\r 71%|███████   | 1.88G/2.64G [03:05\u003c02:12, 5.79MB/s]\n"}
,{"stream_name":"stderr","time":273.365019552,"data":"\r 71%|███████   | 1.88G/2.64G [03:05\u003c02:12, 5.79MB/s]\r 71%|███████   | 1.88G/2.64G [03:05\u003c02:20, 5.45MB/s]\n"}
,{"stream_name":"stderr","time":273.544940413,"data":"\r 71%|███████   | 1.88G/2.64G [03:05\u003c02:20, 5.45MB/s]\r 71%|███████   | 1.88G/2.64G [03:05\u003c02:40, 4.75MB/s]\n"}
,{"stream_name":"stderr","time":273.682777626,"data":"\r 71%|███████   | 1.88G/2.64G [03:05\u003c02:40, 4.75MB/s]\r 71%|███████   | 1.88G/2.64G [03:06\u003c02:47, 4.56MB/s]\n"}
,{"stream_name":"stderr","time":273.820704267,"data":"\r 71%|███████   | 1.88G/2.64G [03:06\u003c02:47, 4.56MB/s]\r 71%|███████   | 1.88G/2.64G [03:06\u003c02:50, 4.48MB/s]\n"}
,{"stream_name":"stderr","time":273.958947472,"data":"\r 71%|███████   | 1.88G/2.64G [03:06\u003c02:50, 4.48MB/s]\r 71%|███████   | 1.88G/2.64G [03:06\u003c02:54, 4.36MB/s]\n"}
,{"stream_name":"stderr","time":274.096406151,"data":"\r 71%|███████   | 1.88G/2.64G [03:06\u003c02:54, 4.36MB/s]\r 71%|███████   | 1.88G/2.64G [03:06\u003c02:55, 4.34MB/s]\n"}
,{"stream_name":"stderr","time":274.233983063,"data":"\r 71%|███████   | 1.88G/2.64G [03:06\u003c02:55, 4.34MB/s]\r 71%|███████   | 1.88G/2.64G [03:06\u003c02:56, 4.32MB/s]\n"}
,{"stream_name":"stderr","time":274.371350312,"data":"\r 71%|███████   | 1.88G/2.64G [03:06\u003c02:56, 4.32MB/s]\r 71%|███████   | 1.88G/2.64G [03:06\u003c02:56, 4.31MB/s]\n"}
,{"stream_name":"stderr","time":274.508844352,"data":"\r 71%|███████   | 1.88G/2.64G [03:06\u003c02:56, 4.31MB/s]\r 71%|███████   | 1.88G/2.64G [03:06\u003c02:56, 4.30MB/s]\n"}
,{"stream_name":"stderr","time":274.646547241,"data":"\r 71%|███████   | 1.88G/2.64G [03:06\u003c02:56, 4.30MB/s]\r 71%|███████   | 1.88G/2.64G [03:07\u003c02:56, 4.30MB/s]\n"}
,{"stream_name":"stderr","time":274.784388761,"data":"\r 71%|███████   | 1.88G/2.64G [03:07\u003c02:56, 4.30MB/s]\r 71%|███████▏  | 1.88G/2.64G [03:07\u003c02:56, 4.29MB/s]\n"}
,{"stream_name":"stderr","time":274.92313061,"data":"\r 71%|███████▏  | 1.88G/2.64G [03:07\u003c02:56, 4.29MB/s]\r 71%|███████▏  | 1.88G/2.64G [03:07\u003c02:54, 4.35MB/s]\n"}
,{"stream_name":"stderr","time":275.060311228,"data":"\r 71%|███████▏  | 1.88G/2.64G [03:07\u003c02:54, 4.35MB/s]\r 71%|███████▏  | 1.88G/2.64G [03:07\u003c02:54, 4.34MB/s]\n"}
,{"stream_name":"stderr","time":275.198484825,"data":"\r 71%|███████▏  | 1.88G/2.64G [03:07\u003c02:54, 4.34MB/s]\r 71%|███████▏  | 1.88G/2.64G [03:07\u003c02:52, 4.39MB/s]\n"}
,{"stream_name":"stderr","time":275.336806202,"data":"\r 71%|███████▏  | 1.88G/2.64G [03:07\u003c02:52, 4.39MB/s]\r 71%|███████▏  | 1.88G/2.64G [03:07\u003c02:51, 4.42MB/s]\n"}
,{"stream_name":"stderr","time":275.473260628,"data":"\r 71%|███████▏  | 1.88G/2.64G [03:07\u003c02:51, 4.42MB/s]\r 71%|███████▏  | 1.88G/2.64G [03:07\u003c02:52, 4.39MB/s]\n"}
,{"stream_name":"stderr","time":275.61166125,"data":"\r 71%|███████▏  | 1.88G/2.64G [03:07\u003c02:52, 4.39MB/s]\r 71%|███████▏  | 1.89G/2.64G [03:08\u003c02:50, 4.43MB/s]\n"}
,{"stream_name":"stderr","time":275.749638332,"data":"\r 71%|███████▏  | 1.89G/2.64G [03:08\u003c02:50, 4.43MB/s]\r 71%|███████▏  | 1.89G/2.64G [03:08\u003c02:49, 4.45MB/s]\n"}
,{"stream_name":"stderr","time":275.887221978,"data":"\r 71%|███████▏  | 1.89G/2.64G [03:08\u003c02:49, 4.45MB/s]\r 71%|███████▏  | 1.89G/2.64G [03:08\u003c02:51, 4.40MB/s]\n"}
,{"stream_name":"stderr","time":276.025342585,"data":"\r 71%|███████▏  | 1.89G/2.64G [03:08\u003c02:51, 4.40MB/s]\r 71%|███████▏  | 1.89G/2.64G [03:08\u003c02:49, 4.44MB/s]\n"}
,{"stream_name":"stderr","time":276.163238176,"data":"\r 71%|███████▏  | 1.89G/2.64G [03:08\u003c02:49, 4.44MB/s]\r 72%|███████▏  | 1.89G/2.64G [03:08\u003c02:48, 4.46MB/s]\n"}
,{"stream_name":"stderr","time":276.300751875,"data":"\r 72%|███████▏  | 1.89G/2.64G [03:08\u003c02:48, 4.46MB/s]\r 72%|███████▏  | 1.89G/2.64G [03:08\u003c02:50, 4.41MB/s]\n"}
,{"stream_name":"stderr","time":276.438774584,"data":"\r 72%|███████▏  | 1.89G/2.64G [03:08\u003c02:50, 4.41MB/s]\r 72%|███████▏  | 1.89G/2.64G [03:08\u003c02:49, 4.44MB/s]\n"}
,{"stream_name":"stderr","time":276.576564603,"data":"\r 72%|███████▏  | 1.89G/2.64G [03:08\u003c02:49, 4.44MB/s]\r 72%|███████▏  | 1.89G/2.64G [03:08\u003c02:48, 4.46MB/s]\n"}
,{"stream_name":"stderr","time":276.71434474,"data":"\r 72%|███████▏  | 1.89G/2.64G [03:08\u003c02:48, 4.46MB/s]\r 72%|███████▏  | 1.89G/2.64G [03:09\u003c02:50, 4.41MB/s]\n"}
,{"stream_name":"stderr","time":276.852141891,"data":"\r 72%|███████▏  | 1.89G/2.64G [03:09\u003c02:50, 4.41MB/s]\r 72%|███████▏  | 1.89G/2.64G [03:09\u003c02:48, 4.44MB/s]\n"}
,{"stream_name":"stderr","time":276.990373016,"data":"\r 72%|███████▏  | 1.89G/2.64G [03:09\u003c02:48, 4.44MB/s]\r 72%|███████▏  | 1.89G/2.64G [03:09\u003c02:47, 4.46MB/s]\n"}
,{"stream_name":"stderr","time":277.129011863,"data":"\r 72%|███████▏  | 1.89G/2.64G [03:09\u003c02:47, 4.46MB/s]\r 72%|███████▏  | 1.89G/2.64G [03:09\u003c02:47, 4.47MB/s]\n"}
,{"stream_name":"stderr","time":277.266072676,"data":"\r 72%|███████▏  | 1.89G/2.64G [03:09\u003c02:47, 4.47MB/s]\r 72%|███████▏  | 1.89G/2.64G [03:09\u003c02:49, 4.42MB/s]\n"}
,{"stream_name":"stderr","time":277.404070551,"data":"\r 72%|███████▏  | 1.89G/2.64G [03:09\u003c02:49, 4.42MB/s]\r 72%|███████▏  | 1.89G/2.64G [03:09\u003c02:47, 4.45MB/s]\n"}
,{"stream_name":"stderr","time":277.542316127,"data":"\r 72%|███████▏  | 1.89G/2.64G [03:09\u003c02:47, 4.45MB/s]\r 72%|███████▏  | 1.89G/2.64G [03:09\u003c02:47, 4.47MB/s]\n"}
,{"stream_name":"stderr","time":277.681538242,"data":"\r 72%|███████▏  | 1.89G/2.64G [03:09\u003c02:47, 4.47MB/s]\r 72%|███████▏  | 1.89G/2.64G [03:10\u003c02:49, 4.41MB/s]\n"}
,{"stream_name":"stderr","time":277.818278316,"data":"\r 72%|███████▏  | 1.89G/2.64G [03:10\u003c02:49, 4.41MB/s]\r 72%|███████▏  | 1.90G/2.64G [03:10\u003c02:47, 4.44MB/s]\n"}
,{"stream_name":"stderr","time":277.957010339,"data":"\r 72%|███████▏  | 1.90G/2.64G [03:10\u003c02:47, 4.44MB/s]\r 72%|███████▏  | 1.90G/2.64G [03:10\u003c02:47, 4.46MB/s]\n"}
,{"stream_name":"stderr","time":278.094793641,"data":"\r 72%|███████▏  | 1.90G/2.64G [03:10\u003c02:47, 4.46MB/s]\r 72%|███████▏  | 1.90G/2.64G [03:10\u003c02:48, 4.40MB/s]\n"}
,{"stream_name":"stderr","time":278.232623832,"data":"\r 72%|███████▏  | 1.90G/2.64G [03:10\u003c02:48, 4.40MB/s]\r 72%|███████▏  | 1.90G/2.64G [03:10\u003c02:47, 4.43MB/s]\n"}
,{"stream_name":"stderr","time":278.37076667,"data":"\r 72%|███████▏  | 1.90G/2.64G [03:10\u003c02:47, 4.43MB/s]\r 72%|███████▏  | 1.90G/2.64G [03:10\u003c02:46, 4.46MB/s]\n"}
,{"stream_name":"stderr","time":278.508754941,"data":"\r 72%|███████▏  | 1.90G/2.64G [03:10\u003c02:46, 4.46MB/s]\r 72%|███████▏  | 1.90G/2.64G [03:10\u003c02:48, 4.40MB/s]\n"}
,{"stream_name":"stderr","time":278.648086408,"data":"\r 72%|███████▏  | 1.90G/2.64G [03:10\u003c02:48, 4.40MB/s]\r 72%|███████▏  | 1.90G/2.64G [03:11\u003c02:44, 4.50MB/s]\n"}
,{"stream_name":"stderr","time":278.785106936,"data":"\r 72%|███████▏  | 1.90G/2.64G [03:11\u003c02:44, 4.50MB/s]\r 72%|███████▏  | 1.90G/2.64G [03:11\u003c02:44, 4.50MB/s]\n"}
,{"stream_name":"stderr","time":278.922593596,"data":"\r 72%|███████▏  | 1.90G/2.64G [03:11\u003c02:44, 4.50MB/s]\r 72%|███████▏  | 1.90G/2.64G [03:11\u003c02:43, 4.51MB/s]\n"}
,{"stream_name":"stderr","time":279.06058745,"data":"\r 72%|███████▏  | 1.90G/2.64G [03:11\u003c02:43, 4.51MB/s]\r 72%|███████▏  | 1.90G/2.64G [03:11\u003c02:43, 4.52MB/s]\n"}
,{"stream_name":"stderr","time":279.198118663,"data":"\r 72%|███████▏  | 1.90G/2.64G [03:11\u003c02:43, 4.52MB/s]\r 72%|███████▏  | 1.90G/2.64G [03:11\u003c02:43, 4.52MB/s]\n"}
,{"stream_name":"stderr","time":279.336379206,"data":"\r 72%|███████▏  | 1.90G/2.64G [03:11\u003c02:43, 4.52MB/s]\r 72%|███████▏  | 1.90G/2.64G [03:11\u003c02:40, 4.59MB/s]\n"}
,{"stream_name":"stderr","time":279.473429151,"data":"\r 72%|███████▏  | 1.90G/2.64G [03:11\u003c02:40, 4.59MB/s]\r 72%|███████▏  | 1.90G/2.64G [03:11\u003c02:41, 4.57MB/s]\n"}
,{"stream_name":"stderr","time":279.612816483,"data":"\r 72%|███████▏  | 1.90G/2.64G [03:11\u003c02:41, 4.57MB/s]\r 72%|███████▏  | 1.90G/2.64G [03:12\u003c02:42, 4.54MB/s]\n"}
,{"stream_name":"stderr","time":279.750111258,"data":"\r 72%|███████▏  | 1.90G/2.64G [03:12\u003c02:42, 4.54MB/s]\r 72%|███████▏  | 1.90G/2.64G [03:12\u003c02:50, 4.33MB/s]\n"}
,{"stream_name":"stderr","time":279.888168376,"data":"\r 72%|███████▏  | 1.90G/2.64G [03:12\u003c02:50, 4.33MB/s]\r 72%|███████▏  | 1.90G/2.64G [03:12\u003c03:02, 4.02MB/s]\n"}
,{"stream_name":"stderr","time":280.026051874,"data":"\r 72%|███████▏  | 1.90G/2.64G [03:12\u003c03:02, 4.02MB/s]\r 72%|███████▏  | 1.90G/2.64G [03:12\u003c03:09, 3.89MB/s]\n"}
,{"stream_name":"stderr","time":280.164391927,"data":"\r 72%|███████▏  | 1.90G/2.64G [03:12\u003c03:09, 3.89MB/s]\r 72%|███████▏  | 1.91G/2.64G [03:12\u003c03:10, 3.86MB/s]\n"}
,{"stream_name":"stderr","time":280.302669837,"data":"\r 72%|███████▏  | 1.91G/2.64G [03:12\u003c03:10, 3.86MB/s]\r 72%|███████▏  | 1.91G/2.64G [03:12\u003c03:26, 3.55MB/s]\n"}
,{"stream_name":"stderr","time":280.440454289,"data":"\r 72%|███████▏  | 1.91G/2.64G [03:12\u003c03:26, 3.55MB/s]\r 72%|███████▏  | 1.91G/2.64G [03:12\u003c03:44, 3.27MB/s]\n"}
,{"stream_name":"stderr","time":280.578245991,"data":"\r 72%|███████▏  | 1.91G/2.64G [03:12\u003c03:44, 3.27MB/s]\r 72%|███████▏  | 1.91G/2.64G [03:12\u003c03:58, 3.08MB/s]\n"}
,{"stream_name":"stderr","time":280.715649778,"data":"\r 72%|███████▏  | 1.91G/2.64G [03:12\u003c03:58, 3.08MB/s]\r 72%|███████▏  | 1.91G/2.64G [03:13\u003c04:03, 3.01MB/s]\n"}
,{"stream_name":"stderr","time":280.853366372,"data":"\r 72%|███████▏  | 1.91G/2.64G [03:13\u003c04:03, 3.01MB/s]\r 72%|███████▏  | 1.91G/2.64G [03:13\u003c04:07, 2.96MB/s]\n"}
,{"stream_name":"stderr","time":280.992157941,"data":"\r 72%|███████▏  | 1.91G/2.64G [03:13\u003c04:07, 2.96MB/s]\r 72%|███████▏  | 1.91G/2.64G [03:13\u003c04:04, 3.00MB/s]\n"}
,{"stream_name":"stderr","time":281.129203818,"data":"\r 72%|███████▏  | 1.91G/2.64G [03:13\u003c04:04, 3.00MB/s]\r 72%|███████▏  | 1.91G/2.64G [03:13\u003c04:07, 2.96MB/s]\n"}
,{"stream_name":"stderr","time":281.266963965,"data":"\r 72%|███████▏  | 1.91G/2.64G [03:13\u003c04:07, 2.96MB/s]\r 72%|███████▏  | 1.91G/2.64G [03:13\u003c04:04, 3.00MB/s]\n"}
,{"stream_name":"stderr","time":281.405279889,"data":"\r 72%|███████▏  | 1.91G/2.64G [03:13\u003c04:04, 3.00MB/s]\r 72%|███████▏  | 1.91G/2.64G [03:13\u003c04:02, 3.02MB/s]\n"}
,{"stream_name":"stderr","time":281.541783731,"data":"\r 72%|███████▏  | 1.91G/2.64G [03:13\u003c04:02, 3.02MB/s]\r 72%|███████▏  | 1.91G/2.64G [03:13\u003c04:05, 2.98MB/s]\n"}
,{"stream_name":"stderr","time":281.679569128,"data":"\r 72%|███████▏  | 1.91G/2.64G [03:13\u003c04:05, 2.98MB/s]\r 72%|███████▏  | 1.91G/2.64G [03:14\u003c04:02, 3.01MB/s]\n"}
,{"stream_name":"stderr","time":281.817101991,"data":"\r 72%|███████▏  | 1.91G/2.64G [03:14\u003c04:02, 3.01MB/s]\r 72%|███████▏  | 1.91G/2.64G [03:14\u003c04:00, 3.04MB/s]\n"}
,{"stream_name":"stderr","time":281.955734985,"data":"\r 72%|███████▏  | 1.91G/2.64G [03:14\u003c04:00, 3.04MB/s]\r 72%|███████▏  | 1.91G/2.64G [03:14\u003c03:53, 3.12MB/s]\n"}
,{"stream_name":"stderr","time":282.092509053,"data":"\r 72%|███████▏  | 1.91G/2.64G [03:14\u003c03:53, 3.12MB/s]\r 72%|███████▏  | 1.91G/2.64G [03:14\u003c03:53, 3.12MB/s]\n"}
,{"stream_name":"stderr","time":282.230222786,"data":"\r 72%|███████▏  | 1.91G/2.64G [03:14\u003c03:53, 3.12MB/s]\r 72%|███████▏  | 1.91G/2.64G [03:14\u003c03:54, 3.11MB/s]\n"}
,{"stream_name":"stderr","time":282.367612227,"data":"\r 72%|███████▏  | 1.91G/2.64G [03:14\u003c03:54, 3.11MB/s]\r 72%|███████▏  | 1.91G/2.64G [03:14\u003c03:54, 3.11MB/s]\n"}
,{"stream_name":"stderr","time":282.505882703,"data":"\r 72%|███████▏  | 1.91G/2.64G [03:14\u003c03:54, 3.11MB/s]\r 72%|███████▏  | 1.91G/2.64G [03:14\u003c03:49, 3.17MB/s]\n"}
,{"stream_name":"stderr","time":282.643145749,"data":"\r 72%|███████▏  | 1.91G/2.64G [03:14\u003c03:49, 3.17MB/s]\r 72%|███████▏  | 1.91G/2.64G [03:15\u003c03:50, 3.15MB/s]\n"}
,{"stream_name":"stderr","time":282.781448415,"data":"\r 72%|███████▏  | 1.91G/2.64G [03:15\u003c03:50, 3.15MB/s]\r 72%|███████▏  | 1.91G/2.64G [03:15\u003c03:47, 3.20MB/s]\n"}
,{"stream_name":"stderr","time":282.918900048,"data":"\r 72%|███████▏  | 1.91G/2.64G [03:15\u003c03:47, 3.20MB/s]\r 72%|███████▏  | 1.91G/2.64G [03:15\u003c03:49, 3.17MB/s]\n"}
,{"stream_name":"stderr","time":283.05739131,"data":"\r 72%|███████▏  | 1.91G/2.64G [03:15\u003c03:49, 3.17MB/s]\r 72%|███████▏  | 1.91G/2.64G [03:15\u003c03:45, 3.21MB/s]\n"}
,{"stream_name":"stderr","time":283.193997176,"data":"\r 72%|███████▏  | 1.91G/2.64G [03:15\u003c03:45, 3.21MB/s]\r 73%|███████▎  | 1.91G/2.64G [03:15\u003c03:47, 3.18MB/s]\n"}
,{"stream_name":"stderr","time":283.33309683,"data":"\r 73%|███████▎  | 1.91G/2.64G [03:15\u003c03:47, 3.18MB/s]\r 73%|███████▎  | 1.92G/2.64G [03:15\u003c03:45, 3.22MB/s]\n"}
,{"stream_name":"stderr","time":283.471551513,"data":"\r 73%|███████▎  | 1.92G/2.64G [03:15\u003c03:45, 3.22MB/s]\r 73%|███████▎  | 1.92G/2.64G [03:15\u003c03:43, 3.25MB/s]\n"}
,{"stream_name":"stderr","time":283.607946517,"data":"\r 73%|███████▎  | 1.92G/2.64G [03:15\u003c03:43, 3.25MB/s]\r 73%|███████▎  | 1.92G/2.64G [03:16\u003c03:45, 3.21MB/s]\n"}
,{"stream_name":"stderr","time":283.746396651,"data":"\r 73%|███████▎  | 1.92G/2.64G [03:16\u003c03:45, 3.21MB/s]\r 73%|███████▎  | 1.92G/2.64G [03:16\u003c03:43, 3.24MB/s]\n"}
,{"stream_name":"stderr","time":283.882569784,"data":"\r 73%|███████▎  | 1.92G/2.64G [03:16\u003c03:43, 3.24MB/s]\r 73%|███████▎  | 1.92G/2.64G [03:16\u003c03:45, 3.21MB/s]\n"}
,{"stream_name":"stderr","time":284.021037686,"data":"\r 73%|███████▎  | 1.92G/2.64G [03:16\u003c03:45, 3.21MB/s]\r 73%|███████▎  | 1.92G/2.64G [03:16\u003c03:43, 3.24MB/s]\n"}
,{"stream_name":"stderr","time":284.156754947,"data":"\r 73%|███████▎  | 1.92G/2.64G [03:16\u003c03:43, 3.24MB/s]\r 73%|███████▎  | 1.92G/2.64G [03:16\u003c03:45, 3.21MB/s]\n"}
,{"stream_name":"stderr","time":284.295975403,"data":"\r 73%|███████▎  | 1.92G/2.64G [03:16\u003c03:45, 3.21MB/s]\r 73%|███████▎  | 1.92G/2.64G [03:16\u003c03:43, 3.24MB/s]\n"}
,{"stream_name":"stderr","time":284.431347743,"data":"\r 73%|███████▎  | 1.92G/2.64G [03:16\u003c03:43, 3.24MB/s]\r 73%|███████▎  | 1.92G/2.64G [03:16\u003c03:45, 3.21MB/s]\n"}
,{"stream_name":"stderr","time":284.570518783,"data":"\r 73%|███████▎  | 1.92G/2.64G [03:16\u003c03:45, 3.21MB/s]\r 73%|███████▎  | 1.92G/2.64G [03:16\u003c03:42, 3.24MB/s]\n"}
,{"stream_name":"stderr","time":284.707257679,"data":"\r 73%|███████▎  | 1.92G/2.64G [03:16\u003c03:42, 3.24MB/s]\r 73%|███████▎  | 1.92G/2.64G [03:17\u003c03:45, 3.20MB/s]\n"}
,{"stream_name":"stderr","time":284.84528784,"data":"\r 73%|███████▎  | 1.92G/2.64G [03:17\u003c03:45, 3.20MB/s]\r 73%|███████▎  | 1.92G/2.64G [03:17\u003c03:42, 3.23MB/s]\n"}
,{"stream_name":"stderr","time":284.982910359,"data":"\r 73%|███████▎  | 1.92G/2.64G [03:17\u003c03:42, 3.23MB/s]\r 73%|███████▎  | 1.92G/2.64G [03:17\u003c03:45, 3.19MB/s]\n"}
,{"stream_name":"stderr","time":285.121442667,"data":"\r 73%|███████▎  | 1.92G/2.64G [03:17\u003c03:45, 3.19MB/s]\r 73%|███████▎  | 1.92G/2.64G [03:17\u003c03:42, 3.23MB/s]\n"}
,{"stream_name":"stderr","time":285.25871583,"data":"\r 73%|███████▎  | 1.92G/2.64G [03:17\u003c03:42, 3.23MB/s]\r 73%|███████▎  | 1.92G/2.64G [03:17\u003c03:45, 3.19MB/s]\n"}
,{"stream_name":"stderr","time":285.396417963,"data":"\r 73%|███████▎  | 1.92G/2.64G [03:17\u003c03:45, 3.19MB/s]\r 73%|███████▎  | 1.92G/2.64G [03:17\u003c03:42, 3.23MB/s]\n"}
,{"stream_name":"stderr","time":285.534117959,"data":"\r 73%|███████▎  | 1.92G/2.64G [03:17\u003c03:42, 3.23MB/s]\r 73%|███████▎  | 1.92G/2.64G [03:17\u003c03:45, 3.19MB/s]\n"}
,{"stream_name":"stderr","time":285.67304235,"data":"\r 73%|███████▎  | 1.92G/2.64G [03:17\u003c03:45, 3.19MB/s]\r 73%|███████▎  | 1.92G/2.64G [03:18\u003c04:04, 2.94MB/s]\n"}
,{"stream_name":"stderr","time":285.810514467,"data":"\r 73%|███████▎  | 1.92G/2.64G [03:18\u003c04:04, 2.94MB/s]\r 73%|███████▎  | 1.92G/2.64G [03:18\u003c04:00, 2.99MB/s]\n"}
,{"stream_name":"stderr","time":285.94845396,"data":"\r 73%|███████▎  | 1.92G/2.64G [03:18\u003c04:00, 2.99MB/s]\r 73%|███████▎  | 1.92G/2.64G [03:18\u003c04:15, 2.80MB/s]\n"}
,{"stream_name":"stderr","time":286.087205136,"data":"\r 73%|███████▎  | 1.92G/2.64G [03:18\u003c04:15, 2.80MB/s]\r 73%|███████▎  | 1.92G/2.64G [03:18\u003c04:21, 2.74MB/s]\n"}
,{"stream_name":"stderr","time":286.224388915,"data":"\r 73%|███████▎  | 1.92G/2.64G [03:18\u003c04:21, 2.74MB/s]\r 73%|███████▎  | 1.92G/2.64G [03:18\u003c04:24, 2.71MB/s]\n"}
,{"stream_name":"stderr","time":286.362081644,"data":"\r 73%|███████▎  | 1.92G/2.64G [03:18\u003c04:24, 2.71MB/s]\r 73%|███████▎  | 1.92G/2.64G [03:18\u003c04:27, 2.68MB/s]\n"}
,{"stream_name":"stderr","time":286.499572073,"data":"\r 73%|███████▎  | 1.92G/2.64G [03:18\u003c04:27, 2.68MB/s]\r 73%|███████▎  | 1.92G/2.64G [03:18\u003c04:28, 2.66MB/s]\n"}
,{"stream_name":"stderr","time":286.637682779,"data":"\r 73%|███████▎  | 1.92G/2.64G [03:18\u003c04:28, 2.66MB/s]\r 73%|███████▎  | 1.93G/2.64G [03:19\u003c04:23, 2.72MB/s]\n"}
,{"stream_name":"stderr","time":286.77517776,"data":"\r 73%|███████▎  | 1.93G/2.64G [03:19\u003c04:23, 2.72MB/s]\r 73%|███████▎  | 1.93G/2.64G [03:19\u003c04:18, 2.76MB/s]\n"}
,{"stream_name":"stderr","time":286.912621917,"data":"\r 73%|███████▎  | 1.93G/2.64G [03:19\u003c04:18, 2.76MB/s]\r 73%|███████▎  | 1.93G/2.64G [03:19\u003c04:16, 2.79MB/s]\n"}
,{"stream_name":"stderr","time":287.052995599,"data":"\r 73%|███████▎  | 1.93G/2.64G [03:19\u003c04:16, 2.79MB/s]\r 73%|███████▎  | 1.93G/2.64G [03:19\u003c04:09, 2.87MB/s]\n"}
,{"stream_name":"stderr","time":287.188311852,"data":"\r 73%|███████▎  | 1.93G/2.64G [03:19\u003c04:09, 2.87MB/s]\r 73%|███████▎  | 1.93G/2.64G [03:19\u003c04:08, 2.88MB/s]\n"}
,{"stream_name":"stderr","time":287.325738453,"data":"\r 73%|███████▎  | 1.93G/2.64G [03:19\u003c04:08, 2.88MB/s]\r 73%|███████▎  | 1.93G/2.64G [03:19\u003c04:02, 2.94MB/s]\n"}
,{"stream_name":"stderr","time":287.463936774,"data":"\r 73%|███████▎  | 1.93G/2.64G [03:19\u003c04:02, 2.94MB/s]\r 73%|███████▎  | 1.93G/2.64G [03:19\u003c03:58, 2.99MB/s]\n"}
,{"stream_name":"stderr","time":287.602012981,"data":"\r 73%|███████▎  | 1.93G/2.64G [03:19\u003c03:58, 2.99MB/s]\r 73%|███████▎  | 1.93G/2.64G [03:20\u003c03:55, 3.02MB/s]\n"}
,{"stream_name":"stderr","time":287.739134759,"data":"\r 73%|███████▎  | 1.93G/2.64G [03:20\u003c03:55, 3.02MB/s]\r 73%|███████▎  | 1.93G/2.64G [03:20\u003c03:53, 3.04MB/s]\n"}
,{"stream_name":"stderr","time":287.877030851,"data":"\r 73%|███████▎  | 1.93G/2.64G [03:20\u003c03:53, 3.04MB/s]\r 73%|███████▎  | 1.93G/2.64G [03:20\u003c03:52, 3.06MB/s]\n"}
,{"stream_name":"stderr","time":288.015103805,"data":"\r 73%|███████▎  | 1.93G/2.64G [03:20\u003c03:52, 3.06MB/s]\r 73%|███████▎  | 1.93G/2.64G [03:20\u003c03:46, 3.14MB/s]\n"}
,{"stream_name":"stderr","time":288.15234493,"data":"\r 73%|███████▎  | 1.93G/2.64G [03:20\u003c03:46, 3.14MB/s]\r 73%|███████▎  | 1.93G/2.64G [03:20\u003c03:47, 3.13MB/s]\n"}
,{"stream_name":"stderr","time":288.289776219,"data":"\r 73%|███████▎  | 1.93G/2.64G [03:20\u003c03:47, 3.13MB/s]\r 73%|███████▎  | 1.93G/2.64G [03:20\u003c03:42, 3.19MB/s]\n"}
,{"stream_name":"stderr","time":288.428092497,"data":"\r 73%|███████▎  | 1.93G/2.64G [03:20\u003c03:42, 3.19MB/s]\r 73%|███████▎  | 1.93G/2.64G [03:20\u003c03:44, 3.16MB/s]\n"}
,{"stream_name":"stderr","time":288.565182416,"data":"\r 73%|███████▎  | 1.93G/2.64G [03:20\u003c03:44, 3.16MB/s]\r 73%|███████▎  | 1.93G/2.64G [03:20\u003c03:40, 3.21MB/s]\n"}
,{"stream_name":"stderr","time":288.702961885,"data":"\r 73%|███████▎  | 1.93G/2.64G [03:20\u003c03:40, 3.21MB/s]\r 73%|███████▎  | 1.93G/2.64G [03:21\u003c03:43, 3.18MB/s]\n"}
,{"stream_name":"stderr","time":288.841359364,"data":"\r 73%|███████▎  | 1.93G/2.64G [03:21\u003c03:43, 3.18MB/s]\r 73%|███████▎  | 1.93G/2.64G [03:21\u003c03:40, 3.22MB/s]\n"}
,{"stream_name":"stderr","time":288.979592517,"data":"\r 73%|███████▎  | 1.93G/2.64G [03:21\u003c03:40, 3.22MB/s]\r 73%|███████▎  | 1.93G/2.64G [03:21\u003c03:37, 3.25MB/s]\n"}
,{"stream_name":"stderr","time":289.11699559,"data":"\r 73%|███████▎  | 1.93G/2.64G [03:21\u003c03:37, 3.25MB/s]\r 73%|███████▎  | 1.93G/2.64G [03:21\u003c03:36, 3.28MB/s]\n"}
,{"stream_name":"stderr","time":289.25247182,"data":"\r 73%|███████▎  | 1.93G/2.64G [03:21\u003c03:36, 3.28MB/s]\r 73%|███████▎  | 1.93G/2.64G [03:21\u003c03:38, 3.24MB/s]\n"}
,{"stream_name":"stderr","time":289.390674378,"data":"\r 73%|███████▎  | 1.93G/2.64G [03:21\u003c03:38, 3.24MB/s]\r 73%|███████▎  | 1.93G/2.64G [03:21\u003c03:36, 3.26MB/s]\n"}
,{"stream_name":"stderr","time":289.529471648,"data":"\r 73%|███████▎  | 1.93G/2.64G [03:21\u003c03:36, 3.26MB/s]\r 73%|███████▎  | 1.93G/2.64G [03:21\u003c03:35, 3.27MB/s]\n"}
,{"stream_name":"stderr","time":289.666708469,"data":"\r 73%|███████▎  | 1.93G/2.64G [03:21\u003c03:35, 3.27MB/s]\r 73%|███████▎  | 1.93G/2.64G [03:22\u003c03:34, 3.29MB/s]\n"}
,{"stream_name":"stderr","time":289.805232566,"data":"\r 73%|███████▎  | 1.93G/2.64G [03:22\u003c03:34, 3.29MB/s]\r 73%|███████▎  | 1.94G/2.64G [03:22\u003c03:33, 3.30MB/s]\n"}
,{"stream_name":"stderr","time":289.940606937,"data":"\r 73%|███████▎  | 1.94G/2.64G [03:22\u003c03:33, 3.30MB/s]\r 73%|███████▎  | 1.94G/2.64G [03:22\u003c03:36, 3.25MB/s]\n"}
,{"stream_name":"stderr","time":290.078690385,"data":"\r 73%|███████▎  | 1.94G/2.64G [03:22\u003c03:36, 3.25MB/s]\r 73%|███████▎  | 1.94G/2.64G [03:22\u003c03:35, 3.27MB/s]\n"}
,{"stream_name":"stderr","time":290.217508696,"data":"\r 73%|███████▎  | 1.94G/2.64G [03:22\u003c03:35, 3.27MB/s]\r 73%|███████▎  | 1.94G/2.64G [03:22\u003c03:34, 3.29MB/s]\n"}
,{"stream_name":"stderr","time":290.355454708,"data":"\r 73%|███████▎  | 1.94G/2.64G [03:22\u003c03:34, 3.29MB/s]\r 73%|███████▎  | 1.94G/2.64G [03:22\u003c03:33, 3.30MB/s]\n"}
,{"stream_name":"stderr","time":290.493544684,"data":"\r 73%|███████▎  | 1.94G/2.64G [03:22\u003c03:33, 3.30MB/s]\r 73%|███████▎  | 1.94G/2.64G [03:22\u003c03:32, 3.30MB/s]\n"}
,{"stream_name":"stderr","time":290.62899871,"data":"\r 73%|███████▎  | 1.94G/2.64G [03:22\u003c03:32, 3.30MB/s]\r 73%|███████▎  | 1.94G/2.64G [03:23\u003c03:35, 3.26MB/s]\n"}
,{"stream_name":"stderr","time":290.767166238,"data":"\r 73%|███████▎  | 1.94G/2.64G [03:23\u003c03:35, 3.26MB/s]\r 73%|███████▎  | 1.94G/2.64G [03:23\u003c03:34, 3.28MB/s]\n"}
,{"stream_name":"stderr","time":290.905958235,"data":"\r 73%|███████▎  | 1.94G/2.64G [03:23\u003c03:34, 3.28MB/s]\r 73%|███████▎  | 1.94G/2.64G [03:23\u003c03:33, 3.29MB/s]\n"}
,{"stream_name":"stderr","time":291.045262979,"data":"\r 73%|███████▎  | 1.94G/2.64G [03:23\u003c03:33, 3.29MB/s]\r 73%|███████▎  | 1.94G/2.64G [03:23\u003c03:32, 3.30MB/s]\n"}
,{"stream_name":"stderr","time":291.179345565,"data":"\r 73%|███████▎  | 1.94G/2.64G [03:23\u003c03:32, 3.30MB/s]\r 73%|███████▎  | 1.94G/2.64G [03:23\u003c03:35, 3.25MB/s]\n"}
,{"stream_name":"stderr","time":291.316756245,"data":"\r 73%|███████▎  | 1.94G/2.64G [03:23\u003c03:35, 3.25MB/s]\r 73%|███████▎  | 1.94G/2.64G [03:23\u003c03:33, 3.28MB/s]\n"}
,{"stream_name":"stderr","time":291.455145868,"data":"\r 73%|███████▎  | 1.94G/2.64G [03:23\u003c03:33, 3.28MB/s]\r 73%|███████▎  | 1.94G/2.64G [03:23\u003c03:32, 3.29MB/s]\n"}
,{"stream_name":"stderr","time":291.59338848,"data":"\r 73%|███████▎  | 1.94G/2.64G [03:23\u003c03:32, 3.29MB/s]\r 74%|███████▎  | 1.94G/2.64G [03:24\u003c03:32, 3.30MB/s]\n"}
,{"stream_name":"stderr","time":291.730420625,"data":"\r 74%|███████▎  | 1.94G/2.64G [03:24\u003c03:32, 3.30MB/s]\r 74%|███████▎  | 1.94G/2.64G [03:24\u003c03:31, 3.31MB/s]\n"}
,{"stream_name":"stderr","time":291.867724549,"data":"\r 74%|███████▎  | 1.94G/2.64G [03:24\u003c03:31, 3.31MB/s]\r 74%|███████▎  | 1.94G/2.64G [03:24\u003c03:30, 3.32MB/s]\n"}
,{"stream_name":"stderr","time":292.006936969,"data":"\r 74%|███████▎  | 1.94G/2.64G [03:24\u003c03:30, 3.32MB/s]\r 74%|███████▎  | 1.94G/2.64G [03:24\u003c03:30, 3.31MB/s]\n"}
,{"stream_name":"stderr","time":292.144943327,"data":"\r 74%|███████▎  | 1.94G/2.64G [03:24\u003c03:30, 3.31MB/s]\r 74%|███████▎  | 1.94G/2.64G [03:24\u003c03:30, 3.32MB/s]\n"}
,{"stream_name":"stderr","time":292.282412681,"data":"\r 74%|███████▎  | 1.94G/2.64G [03:24\u003c03:30, 3.32MB/s]\r 74%|███████▎  | 1.94G/2.64G [03:24\u003c03:29, 3.32MB/s]\n"}
,{"stream_name":"stderr","time":292.42100269,"data":"\r 74%|███████▎  | 1.94G/2.64G [03:24\u003c03:29, 3.32MB/s]\r 74%|███████▎  | 1.94G/2.64G [03:24\u003c03:25, 3.39MB/s]\n"}
,{"stream_name":"stderr","time":292.558398315,"data":"\r 74%|███████▎  | 1.94G/2.64G [03:24\u003c03:25, 3.39MB/s]\r 74%|███████▎  | 1.94G/2.64G [03:24\u003c03:26, 3.38MB/s]\n"}
,{"stream_name":"stderr","time":292.695696475,"data":"\r 74%|███████▎  | 1.94G/2.64G [03:24\u003c03:26, 3.38MB/s]\r 74%|███████▎  | 1.94G/2.64G [03:25\u003c03:22, 3.44MB/s]\n"}
,{"stream_name":"stderr","time":292.83376239,"data":"\r 74%|███████▎  | 1.94G/2.64G [03:25\u003c03:22, 3.44MB/s]\r 74%|███████▎  | 1.95G/2.64G [03:25\u003c03:20, 3.47MB/s]\n"}
,{"stream_name":"stderr","time":292.97154515,"data":"\r 74%|███████▎  | 1.95G/2.64G [03:25\u003c03:20, 3.47MB/s]\r 74%|███████▎  | 1.95G/2.64G [03:25\u003c03:18, 3.50MB/s]\n"}
,{"stream_name":"stderr","time":293.108984185,"data":"\r 74%|███████▎  | 1.95G/2.64G [03:25\u003c03:18, 3.50MB/s]\r 74%|███████▎  | 1.95G/2.64G [03:25\u003c03:17, 3.52MB/s]\n"}
,{"stream_name":"stderr","time":293.246607442,"data":"\r 74%|███████▎  | 1.95G/2.64G [03:25\u003c03:17, 3.52MB/s]\r 74%|███████▎  | 1.95G/2.64G [03:25\u003c03:16, 3.54MB/s]\n"}
,{"stream_name":"stderr","time":293.384990856,"data":"\r 74%|███████▎  | 1.95G/2.64G [03:25\u003c03:16, 3.54MB/s]\r 74%|███████▎  | 1.95G/2.64G [03:25\u003c03:11, 3.61MB/s]\n"}
,{"stream_name":"stderr","time":293.522245961,"data":"\r 74%|███████▎  | 1.95G/2.64G [03:25\u003c03:11, 3.61MB/s]\r 74%|███████▍  | 1.95G/2.64G [03:25\u003c03:08, 3.67MB/s]\n"}
,{"stream_name":"stderr","time":293.659644833,"data":"\r 74%|███████▍  | 1.95G/2.64G [03:25\u003c03:08, 3.67MB/s]\r 74%|███████▍  | 1.95G/2.64G [03:26\u003c03:06, 3.72MB/s]\n"}
,{"stream_name":"stderr","time":293.798024331,"data":"\r 74%|███████▍  | 1.95G/2.64G [03:26\u003c03:06, 3.72MB/s]\r 74%|███████▍  | 1.95G/2.64G [03:26\u003c03:01, 3.81MB/s]\n"}
,{"stream_name":"stderr","time":293.935009827,"data":"\r 74%|███████▍  | 1.95G/2.64G [03:26\u003c03:01, 3.81MB/s]\r 74%|███████▍  | 1.95G/2.64G [03:26\u003c03:01, 3.82MB/s]\n"}
,{"stream_name":"stderr","time":294.072744305,"data":"\r 74%|███████▍  | 1.95G/2.64G [03:26\u003c03:01, 3.82MB/s]\r 74%|███████▍  | 1.95G/2.64G [03:26\u003c02:57, 3.88MB/s]\n"}
,{"stream_name":"stderr","time":294.210545257,"data":"\r 74%|███████▍  | 1.95G/2.64G [03:26\u003c02:57, 3.88MB/s]\r 74%|███████▍  | 1.95G/2.64G [03:26\u003c02:52, 4.00MB/s]\n"}
,{"stream_name":"stderr","time":294.348471195,"data":"\r 74%|███████▍  | 1.95G/2.64G [03:26\u003c02:52, 4.00MB/s]\r 74%|███████▍  | 1.95G/2.64G [03:26\u003c02:48, 4.09MB/s]\n"}
,{"stream_name":"stderr","time":294.486395596,"data":"\r 74%|███████▍  | 1.95G/2.64G [03:26\u003c02:48, 4.09MB/s]\r 74%|███████▍  | 1.95G/2.64G [03:26\u003c02:46, 4.14MB/s]\n"}
,{"stream_name":"stderr","time":294.624345716,"data":"\r 74%|███████▍  | 1.95G/2.64G [03:26\u003c02:46, 4.14MB/s]\r 74%|███████▍  | 1.95G/2.64G [03:27\u003c02:41, 4.26MB/s]\n"}
,{"stream_name":"stderr","time":294.762031523,"data":"\r 74%|███████▍  | 1.95G/2.64G [03:27\u003c02:41, 4.26MB/s]\r 74%|███████▍  | 1.95G/2.64G [03:27\u003c02:38, 4.34MB/s]\n"}
,{"stream_name":"stderr","time":294.899946881,"data":"\r 74%|███████▍  | 1.95G/2.64G [03:27\u003c02:38, 4.34MB/s]\r 74%|███████▍  | 1.95G/2.64G [03:27\u003c02:33, 4.46MB/s]\n"}
,{"stream_name":"stderr","time":295.037740395,"data":"\r 74%|███████▍  | 1.95G/2.64G [03:27\u003c02:33, 4.46MB/s]\r 74%|███████▍  | 1.95G/2.64G [03:27\u003c02:30, 4.55MB/s]\n"}
,{"stream_name":"stderr","time":295.17603631,"data":"\r 74%|███████▍  | 1.95G/2.64G [03:27\u003c02:30, 4.55MB/s]\r 74%|███████▍  | 1.95G/2.64G [03:27\u003c02:26, 4.68MB/s]\n"}
,{"stream_name":"stderr","time":295.313495419,"data":"\r 74%|███████▍  | 1.95G/2.64G [03:27\u003c02:26, 4.68MB/s]\r 74%|███████▍  | 1.96G/2.64G [03:27\u003c02:23, 4.78MB/s]\n"}
,{"stream_name":"stderr","time":295.451312073,"data":"\r 74%|███████▍  | 1.96G/2.64G [03:27\u003c02:23, 4.78MB/s]\r 74%|███████▍  | 1.96G/2.64G [03:27\u003c02:19, 4.91MB/s]\n"}
,{"stream_name":"stderr","time":295.589766777,"data":"\r 74%|███████▍  | 1.96G/2.64G [03:27\u003c02:19, 4.91MB/s]\r 74%|███████▍  | 1.96G/2.64G [03:28\u003c02:14, 5.08MB/s]\n"}
,{"stream_name":"stderr","time":295.727100042,"data":"\r 74%|███████▍  | 1.96G/2.64G [03:28\u003c02:14, 5.08MB/s]\r 74%|███████▍  | 1.96G/2.64G [03:28\u003c02:11, 5.20MB/s]\n"}
,{"stream_name":"stderr","time":295.864606699,"data":"\r 74%|███████▍  | 1.96G/2.64G [03:28\u003c02:11, 5.20MB/s]\r 74%|███████▍  | 1.96G/2.64G [03:28\u003c02:07, 5.35MB/s]\n"}
,{"stream_name":"stderr","time":296.00260762,"data":"\r 74%|███████▍  | 1.96G/2.64G [03:28\u003c02:07, 5.35MB/s]\r 74%|███████▍  | 1.96G/2.64G [03:28\u003c02:03, 5.53MB/s]\n"}
,{"stream_name":"stderr","time":296.140031082,"data":"\r 74%|███████▍  | 1.96G/2.64G [03:28\u003c02:03, 5.53MB/s]\r 74%|███████▍  | 1.96G/2.64G [03:28\u003c02:00, 5.66MB/s]\n"}
,{"stream_name":"stderr","time":296.278593052,"data":"\r 74%|███████▍  | 1.96G/2.64G [03:28\u003c02:00, 5.66MB/s]\r 74%|███████▍  | 1.96G/2.64G [03:28\u003c01:55, 5.88MB/s]\n"}
,{"stream_name":"stderr","time":296.415997482,"data":"\r 74%|███████▍  | 1.96G/2.64G [03:28\u003c01:55, 5.88MB/s]\r 74%|███████▍  | 1.96G/2.64G [03:28\u003c01:52, 6.05MB/s]\n"}
,{"stream_name":"stderr","time":296.553755876,"data":"\r 74%|███████▍  | 1.96G/2.64G [03:28\u003c01:52, 6.05MB/s]\r 74%|███████▍  | 1.96G/2.64G [03:28\u003c01:48, 6.23MB/s]\n"}
,{"stream_name":"stderr","time":296.691569224,"data":"\r 74%|███████▍  | 1.96G/2.64G [03:28\u003c01:48, 6.23MB/s]\r 74%|███████▍  | 1.96G/2.64G [03:29\u003c01:45, 6.42MB/s]\n"}
,{"stream_name":"stderr","time":296.829432983,"data":"\r 74%|███████▍  | 1.96G/2.64G [03:29\u003c01:45, 6.42MB/s]\r 74%|███████▍  | 1.96G/2.64G [03:29\u003c01:41, 6.64MB/s]\n"}
,{"stream_name":"stderr","time":296.967284274,"data":"\r 74%|███████▍  | 1.96G/2.64G [03:29\u003c01:41, 6.64MB/s]\r 74%|███████▍  | 1.97G/2.64G [03:29\u003c01:38, 6.86MB/s]\n"}
,{"stream_name":"stderr","time":297.10535649,"data":"\r 74%|███████▍  | 1.97G/2.64G [03:29\u003c01:38, 6.86MB/s]\r 74%|███████▍  | 1.97G/2.64G [03:29\u003c01:35, 7.08MB/s]\n"}
,{"stream_name":"stderr","time":297.243884846,"data":"\r 74%|███████▍  | 1.97G/2.64G [03:29\u003c01:35, 7.08MB/s]\r 75%|███████▍  | 1.97G/2.64G [03:29\u003c01:31, 7.37MB/s]\n"}
,{"stream_name":"stderr","time":297.379774864,"data":"\r 75%|███████▍  | 1.97G/2.64G [03:29\u003c01:31, 7.37MB/s]\r 75%|███████▍  | 1.97G/2.64G [03:29\u003c01:28, 7.61MB/s]\n"}
,{"stream_name":"stderr","time":297.518688162,"data":"\r 75%|███████▍  | 1.97G/2.64G [03:29\u003c01:28, 7.61MB/s]\r 75%|███████▍  | 1.97G/2.64G [03:29\u003c01:25, 7.88MB/s]\n"}
,{"stream_name":"stderr","time":297.655219729,"data":"\r 75%|███████▍  | 1.97G/2.64G [03:29\u003c01:25, 7.88MB/s]\r 75%|███████▍  | 1.97G/2.64G [03:30\u003c01:22, 8.11MB/s]\n"}
,{"stream_name":"stderr","time":297.79276851,"data":"\r 75%|███████▍  | 1.97G/2.64G [03:30\u003c01:22, 8.11MB/s]\r 75%|███████▍  | 1.97G/2.64G [03:30\u003c01:19, 8.39MB/s]\n"}
,{"stream_name":"stderr","time":297.93059576,"data":"\r 75%|███████▍  | 1.97G/2.64G [03:30\u003c01:19, 8.39MB/s]\r 75%|███████▍  | 1.97G/2.64G [03:30\u003c01:16, 8.73MB/s]\n"}
,{"stream_name":"stderr","time":298.128704729,"data":"\r 75%|███████▍  | 1.97G/2.64G [03:30\u003c01:16, 8.73MB/s]\r 75%|███████▍  | 1.98G/2.64G [03:30\u003c01:13, 9.04MB/s]\n"}
,{"stream_name":"stderr","time":298.205950387,"data":"\r 75%|███████▍  | 1.98G/2.64G [03:30\u003c01:13, 9.04MB/s]\r 75%|███████▍  | 1.98G/2.64G [03:30\u003c01:11, 9.33MB/s]\n"}
,{"stream_name":"stderr","time":298.343322865,"data":"\r 75%|███████▍  | 1.98G/2.64G [03:30\u003c01:11, 9.33MB/s]\r 75%|███████▍  | 1.98G/2.64G [03:30\u003c01:08, 9.67MB/s]\n"}
,{"stream_name":"stderr","time":298.481343945,"data":"\r 75%|███████▍  | 1.98G/2.64G [03:30\u003c01:08, 9.67MB/s]\r 75%|███████▍  | 1.98G/2.64G [03:30\u003c01:06, 9.98MB/s]\n"}
,{"stream_name":"stderr","time":298.619184353,"data":"\r 75%|███████▍  | 1.98G/2.64G [03:30\u003c01:06, 9.98MB/s]\r 75%|███████▌  | 1.98G/2.64G [03:31\u003c01:04, 10.3MB/s]\n"}
,{"stream_name":"stderr","time":298.757075816,"data":"\r 75%|███████▌  | 1.98G/2.64G [03:31\u003c01:04, 10.3MB/s]\r 75%|███████▌  | 1.98G/2.64G [03:31\u003c01:01, 10.7MB/s]\n"}
,{"stream_name":"stderr","time":298.894955764,"data":"\r 75%|███████▌  | 1.98G/2.64G [03:31\u003c01:01, 10.7MB/s]\r 75%|███████▌  | 1.98G/2.64G [03:31\u003c00:59, 11.0MB/s]\n"}
,{"stream_name":"stderr","time":299.032975668,"data":"\r 75%|███████▌  | 1.98G/2.64G [03:31\u003c00:59, 11.0MB/s]\r 75%|███████▌  | 1.99G/2.64G [03:31\u003c00:57, 11.4MB/s]\n"}
,{"stream_name":"stderr","time":299.170576227,"data":"\r 75%|███████▌  | 1.99G/2.64G [03:31\u003c00:57, 11.4MB/s]\r 75%|███████▌  | 1.99G/2.64G [03:31\u003c00:55, 11.8MB/s]\n"}
,{"stream_name":"stderr","time":299.309092079,"data":"\r 75%|███████▌  | 1.99G/2.64G [03:31\u003c00:55, 11.8MB/s]\r 75%|███████▌  | 1.99G/2.64G [03:31\u003c00:57, 11.2MB/s]\n"}
,{"stream_name":"stderr","time":299.447413707,"data":"\r 75%|███████▌  | 1.99G/2.64G [03:31\u003c00:57, 11.2MB/s]\r 75%|███████▌  | 1.99G/2.64G [03:31\u003c01:01, 10.6MB/s]\n"}
,{"stream_name":"stderr","time":299.585411042,"data":"\r 75%|███████▌  | 1.99G/2.64G [03:31\u003c01:01, 10.6MB/s]\r 75%|███████▌  | 1.99G/2.64G [03:32\u003c01:03, 10.3MB/s]\n"}
,{"stream_name":"stderr","time":299.723528951,"data":"\r 75%|███████▌  | 1.99G/2.64G [03:32\u003c01:03, 10.3MB/s]\r 75%|███████▌  | 1.99G/2.64G [03:32\u003c01:03, 10.2MB/s]\n"}
,{"stream_name":"stderr","time":299.860854197,"data":"\r 75%|███████▌  | 1.99G/2.64G [03:32\u003c01:03, 10.2MB/s]\r 76%|███████▌  | 1.99G/2.64G [03:32\u003c01:03, 10.1MB/s]\n"}
,{"stream_name":"stderr","time":299.99824846,"data":"\r 76%|███████▌  | 1.99G/2.64G [03:32\u003c01:03, 10.1MB/s]\r 76%|███████▌  | 2.00G/2.64G [03:32\u003c01:03, 10.2MB/s]\n"}
,{"stream_name":"stderr","time":300.136015138,"data":"\r 76%|███████▌  | 2.00G/2.64G [03:32\u003c01:03, 10.2MB/s]\r 76%|███████▌  | 2.00G/2.64G [03:32\u003c01:02, 10.3MB/s]\n"}
,{"stream_name":"stderr","time":300.273437416,"data":"\r 76%|███████▌  | 2.00G/2.64G [03:32\u003c01:02, 10.3MB/s]\r 76%|███████▌  | 2.00G/2.64G [03:32\u003c01:02, 10.3MB/s]\n"}
,{"stream_name":"stderr","time":300.411150824,"data":"\r 76%|███████▌  | 2.00G/2.64G [03:32\u003c01:02, 10.3MB/s]\r 76%|███████▌  | 2.00G/2.64G [03:32\u003c01:00, 10.5MB/s]\n"}
,{"stream_name":"stderr","time":300.54891133,"data":"\r 76%|███████▌  | 2.00G/2.64G [03:32\u003c01:00, 10.5MB/s]\r 76%|███████▌  | 2.00G/2.64G [03:32\u003c01:00, 10.6MB/s]\n"}
,{"stream_name":"stderr","time":300.686458951,"data":"\r 76%|███████▌  | 2.00G/2.64G [03:32\u003c01:00, 10.6MB/s]\r 76%|███████▌  | 2.00G/2.64G [03:33\u003c00:59, 10.8MB/s]\n"}
,{"stream_name":"stderr","time":300.824459737,"data":"\r 76%|███████▌  | 2.00G/2.64G [03:33\u003c00:59, 10.8MB/s]\r 76%|███████▌  | 2.00G/2.64G [03:33\u003c00:58, 10.9MB/s]\n"}
,{"stream_name":"stderr","time":300.961753819,"data":"\r 76%|███████▌  | 2.00G/2.64G [03:33\u003c00:58, 10.9MB/s]\r 76%|███████▌  | 2.01G/2.64G [03:33\u003c00:57, 11.1MB/s]\n"}
,{"stream_name":"stderr","time":301.099628056,"data":"\r 76%|███████▌  | 2.01G/2.64G [03:33\u003c00:57, 11.1MB/s]\r 76%|███████▌  | 2.01G/2.64G [03:33\u003c00:56, 11.2MB/s]\n"}
,{"stream_name":"stderr","time":301.23733426,"data":"\r 76%|███████▌  | 2.01G/2.64G [03:33\u003c00:56, 11.2MB/s]\r 76%|███████▌  | 2.01G/2.64G [03:33\u003c00:55, 11.4MB/s]\n"}
,{"stream_name":"stderr","time":301.374709885,"data":"\r 76%|███████▌  | 2.01G/2.64G [03:33\u003c00:55, 11.4MB/s]\r 76%|███████▌  | 2.01G/2.64G [03:33\u003c00:54, 11.5MB/s]\n"}
,{"stream_name":"stderr","time":301.512343192,"data":"\r 76%|███████▌  | 2.01G/2.64G [03:33\u003c00:54, 11.5MB/s]\r 76%|███████▌  | 2.01G/2.64G [03:33\u003c00:54, 11.6MB/s]\n"}
,{"stream_name":"stderr","time":301.650967855,"data":"\r 76%|███████▌  | 2.01G/2.64G [03:33\u003c00:54, 11.6MB/s]\r 76%|███████▋  | 2.01G/2.64G [03:34\u003c00:53, 11.7MB/s]\n"}
,{"stream_name":"stderr","time":301.788161727,"data":"\r 76%|███████▋  | 2.01G/2.64G [03:34\u003c00:53, 11.7MB/s]\r 76%|███████▋  | 2.02G/2.64G [03:34\u003c00:52, 11.9MB/s]\n"}
,{"stream_name":"stderr","time":301.926340548,"data":"\r 76%|███████▋  | 2.02G/2.64G [03:34\u003c00:52, 11.9MB/s]\r 76%|███████▋  | 2.02G/2.64G [03:34\u003c00:52, 11.9MB/s]\n"}
,{"stream_name":"stderr","time":302.064092951,"data":"\r 76%|███████▋  | 2.02G/2.64G [03:34\u003c00:52, 11.9MB/s]\r 76%|███████▋  | 2.02G/2.64G [03:34\u003c00:51, 12.1MB/s]\n"}
,{"stream_name":"stderr","time":302.20111589,"data":"\r 76%|███████▋  | 2.02G/2.64G [03:34\u003c00:51, 12.1MB/s]\r 77%|███████▋  | 2.02G/2.64G [03:34\u003c00:50, 12.2MB/s]\n"}
,{"stream_name":"stderr","time":302.338018119,"data":"\r 77%|███████▋  | 2.02G/2.64G [03:34\u003c00:50, 12.2MB/s]\r 77%|███████▋  | 2.02G/2.64G [03:34\u003c00:50, 12.3MB/s]\n"}
,{"stream_name":"stderr","time":302.475862902,"data":"\r 77%|███████▋  | 2.02G/2.64G [03:34\u003c00:50, 12.3MB/s]\r 77%|███████▋  | 2.02G/2.64G [03:34\u003c00:49, 12.4MB/s]\n"}
,{"stream_name":"stderr","time":302.614182873,"data":"\r 77%|███████▋  | 2.02G/2.64G [03:34\u003c00:49, 12.4MB/s]\r 77%|███████▋  | 2.03G/2.64G [03:35\u003c00:49, 12.4MB/s]\n"}
,{"stream_name":"stderr","time":302.753584229,"data":"\r 77%|███████▋  | 2.03G/2.64G [03:35\u003c00:49, 12.4MB/s]\r 77%|███████▋  | 2.03G/2.64G [03:35\u003c00:49, 12.3MB/s]\n"}
,{"stream_name":"stderr","time":302.891357433,"data":"\r 77%|███████▋  | 2.03G/2.64G [03:35\u003c00:49, 12.3MB/s]\r 77%|███████▋  | 2.03G/2.64G [03:35\u003c00:54, 11.3MB/s]\n"}
,{"stream_name":"stderr","time":303.029523826,"data":"\r 77%|███████▋  | 2.03G/2.64G [03:35\u003c00:54, 11.3MB/s]\r 77%|███████▋  | 2.03G/2.64G [03:35\u003c00:57, 10.7MB/s]\n"}
,{"stream_name":"stderr","time":303.167317212,"data":"\r 77%|███████▋  | 2.03G/2.64G [03:35\u003c00:57, 10.7MB/s]\r 77%|███████▋  | 2.03G/2.64G [03:35\u003c01:01, 9.84MB/s]\n"}
,{"stream_name":"stderr","time":303.351902365,"data":"\r 77%|███████▋  | 2.03G/2.64G [03:35\u003c01:01, 9.84MB/s]\r 77%|███████▋  | 2.03G/2.64G [03:35\u003c01:13, 8.26MB/s]\n"}
,{"stream_name":"stderr","time":303.491088436,"data":"\r 77%|███████▋  | 2.03G/2.64G [03:35\u003c01:13, 8.26MB/s]\r 77%|███████▋  | 2.03G/2.64G [03:35\u003c01:18, 7.72MB/s]\n"}
,{"stream_name":"stderr","time":303.673660735,"data":"\r 77%|███████▋  | 2.03G/2.64G [03:35\u003c01:18, 7.72MB/s]\r 77%|███████▋  | 2.03G/2.64G [03:36\u003c01:31, 6.60MB/s]\n"}
,{"stream_name":"stderr","time":303.856897486,"data":"\r 77%|███████▋  | 2.03G/2.64G [03:36\u003c01:31, 6.60MB/s]\r 77%|███████▋  | 2.04G/2.64G [03:36\u003c01:46, 5.66MB/s]\n"}
,{"stream_name":"stderr","time":303.996845979,"data":"\r 77%|███████▋  | 2.04G/2.64G [03:36\u003c01:46, 5.66MB/s]\r 77%|███████▋  | 2.04G/2.64G [03:36\u003c01:53, 5.34MB/s]\n"}
,{"stream_name":"stderr","time":304.178988371,"data":"\r 77%|███████▋  | 2.04G/2.64G [03:36\u003c01:53, 5.34MB/s]\r 77%|███████▋  | 2.04G/2.64G [03:36\u003c02:11, 4.59MB/s]\n"}
,{"stream_name":"stderr","time":304.318157263,"data":"\r 77%|███████▋  | 2.04G/2.64G [03:36\u003c02:11, 4.59MB/s]\r 77%|███████▋  | 2.04G/2.64G [03:36\u003c02:20, 4.31MB/s]\n"}
,{"stream_name":"stderr","time":304.501313323,"data":"\r 77%|███████▋  | 2.04G/2.64G [03:36\u003c02:20, 4.31MB/s]\r 77%|███████▋  | 2.04G/2.64G [03:36\u003c02:42, 3.71MB/s]\n"}
,{"stream_name":"stderr","time":304.685411709,"data":"\r 77%|███████▋  | 2.04G/2.64G [03:36\u003c02:42, 3.71MB/s]\r 77%|███████▋  | 2.04G/2.64G [03:37\u003c03:08, 3.20MB/s]\n"}
,{"stream_name":"stderr","time":304.914008078,"data":"\r 77%|███████▋  | 2.04G/2.64G [03:37\u003c03:08, 3.20MB/s]\r 77%|███████▋  | 2.04G/2.64G [03:37\u003c03:50, 2.61MB/s]\n"}
,{"stream_name":"stderr","time":305.052082603,"data":"\r 77%|███████▋  | 2.04G/2.64G [03:37\u003c03:50, 2.61MB/s]\r 77%|███████▋  | 2.04G/2.64G [03:37\u003c04:01, 2.50MB/s]\n"}
,{"stream_name":"stderr","time":305.189520282,"data":"\r 77%|███████▋  | 2.04G/2.64G [03:37\u003c04:01, 2.50MB/s]\r 77%|███████▋  | 2.04G/2.64G [03:37\u003c04:16, 2.35MB/s]\n"}
,{"stream_name":"stderr","time":305.326975087,"data":"\r 77%|███████▋  | 2.04G/2.64G [03:37\u003c04:16, 2.35MB/s]\r 77%|███████▋  | 2.04G/2.64G [03:37\u003c04:22, 2.29MB/s]\n"}
,{"stream_name":"stderr","time":305.464779353,"data":"\r 77%|███████▋  | 2.04G/2.64G [03:37\u003c04:22, 2.29MB/s]\r 77%|███████▋  | 2.04G/2.64G [03:37\u003c04:27, 2.25MB/s]\n"}
,{"stream_name":"stderr","time":305.60238235,"data":"\r 77%|███████▋  | 2.04G/2.64G [03:37\u003c04:27, 2.25MB/s]\r 77%|███████▋  | 2.04G/2.64G [03:38\u003c04:30, 2.22MB/s]\n"}
,{"stream_name":"stderr","time":305.739806097,"data":"\r 77%|███████▋  | 2.04G/2.64G [03:38\u003c04:30, 2.22MB/s]\r 77%|███████▋  | 2.04G/2.64G [03:38\u003c04:33, 2.20MB/s]\n"}
,{"stream_name":"stderr","time":305.87742591,"data":"\r 77%|███████▋  | 2.04G/2.64G [03:38\u003c04:33, 2.20MB/s]\r 77%|███████▋  | 2.04G/2.64G [03:38\u003c04:34, 2.18MB/s]\n"}
,{"stream_name":"stderr","time":306.014964389,"data":"\r 77%|███████▋  | 2.04G/2.64G [03:38\u003c04:34, 2.18MB/s]\r 77%|███████▋  | 2.04G/2.64G [03:38\u003c04:36, 2.17MB/s]\n"}
,{"stream_name":"stderr","time":306.15246679,"data":"\r 77%|███████▋  | 2.04G/2.64G [03:38\u003c04:36, 2.17MB/s]\r 77%|███████▋  | 2.04G/2.64G [03:38\u003c04:37, 2.16MB/s]\n"}
,{"stream_name":"stderr","time":306.290300091,"data":"\r 77%|███████▋  | 2.04G/2.64G [03:38\u003c04:37, 2.16MB/s]\r 77%|███████▋  | 2.04G/2.64G [03:38\u003c04:37, 2.16MB/s]\n"}
,{"stream_name":"stderr","time":306.427584514,"data":"\r 77%|███████▋  | 2.04G/2.64G [03:38\u003c04:37, 2.16MB/s]\r 77%|███████▋  | 2.04G/2.64G [03:38\u003c04:38, 2.15MB/s]\n"}
,{"stream_name":"stderr","time":306.566418296,"data":"\r 77%|███████▋  | 2.04G/2.64G [03:38\u003c04:38, 2.15MB/s]\r 77%|███████▋  | 2.04G/2.64G [03:38\u003c04:29, 2.22MB/s]\n"}
,{"stream_name":"stderr","time":306.703521301,"data":"\r 77%|███████▋  | 2.04G/2.64G [03:38\u003c04:29, 2.22MB/s]\r 77%|███████▋  | 2.04G/2.64G [03:39\u003c04:32, 2.20MB/s]\n"}
,{"stream_name":"stderr","time":306.84057794,"data":"\r 77%|███████▋  | 2.04G/2.64G [03:39\u003c04:32, 2.20MB/s]\r 77%|███████▋  | 2.04G/2.64G [03:39\u003c04:33, 2.18MB/s]\n"}
,{"stream_name":"stderr","time":306.978590817,"data":"\r 77%|███████▋  | 2.04G/2.64G [03:39\u003c04:33, 2.18MB/s]\r 77%|███████▋  | 2.04G/2.64G [03:39\u003c04:35, 2.17MB/s]\n"}
,{"stream_name":"stderr","time":307.116436449,"data":"\r 77%|███████▋  | 2.04G/2.64G [03:39\u003c04:35, 2.17MB/s]\r 77%|███████▋  | 2.04G/2.64G [03:39\u003c04:27, 2.23MB/s]\n"}
,{"stream_name":"stderr","time":307.253164773,"data":"\r 77%|███████▋  | 2.04G/2.64G [03:39\u003c04:27, 2.23MB/s]\r 77%|███████▋  | 2.04G/2.64G [03:39\u003c04:30, 2.21MB/s]\n"}
,{"stream_name":"stderr","time":307.390898441,"data":"\r 77%|███████▋  | 2.04G/2.64G [03:39\u003c04:30, 2.21MB/s]\r 77%|███████▋  | 2.04G/2.64G [03:39\u003c04:32, 2.19MB/s]\n"}
,{"stream_name":"stderr","time":307.529854946,"data":"\r 77%|███████▋  | 2.04G/2.64G [03:39\u003c04:32, 2.19MB/s]\r 77%|███████▋  | 2.04G/2.64G [03:39\u003c04:26, 2.24MB/s]\n"}
,{"stream_name":"stderr","time":307.667129652,"data":"\r 77%|███████▋  | 2.04G/2.64G [03:39\u003c04:26, 2.24MB/s]\r 77%|███████▋  | 2.04G/2.64G [03:40\u003c04:29, 2.22MB/s]\n"}
,{"stream_name":"stderr","time":307.804473158,"data":"\r 77%|███████▋  | 2.04G/2.64G [03:40\u003c04:29, 2.22MB/s]\r 77%|███████▋  | 2.04G/2.64G [03:40\u003c04:31, 2.20MB/s]\n"}
,{"stream_name":"stderr","time":307.942222191,"data":"\r 77%|███████▋  | 2.04G/2.64G [03:40\u003c04:31, 2.20MB/s]\r 77%|███████▋  | 2.04G/2.64G [03:40\u003c04:33, 2.18MB/s]\n"}
,{"stream_name":"stderr","time":308.08101117,"data":"\r 77%|███████▋  | 2.04G/2.64G [03:40\u003c04:33, 2.18MB/s]\r 77%|███████▋  | 2.05G/2.64G [03:40\u003c04:26, 2.23MB/s]\n"}
,{"stream_name":"stderr","time":308.217992087,"data":"\r 77%|███████▋  | 2.05G/2.64G [03:40\u003c04:26, 2.23MB/s]\r 77%|███████▋  | 2.05G/2.64G [03:40\u003c04:29, 2.21MB/s]\n"}
,{"stream_name":"stderr","time":308.354567139,"data":"\r 77%|███████▋  | 2.05G/2.64G [03:40\u003c04:29, 2.21MB/s]\r 77%|███████▋  | 2.05G/2.64G [03:40\u003c04:31, 2.19MB/s]\n"}
,{"stream_name":"stderr","time":308.49361329,"data":"\r 77%|███████▋  | 2.05G/2.64G [03:40\u003c04:31, 2.19MB/s]\r 77%|███████▋  | 2.05G/2.64G [03:40\u003c04:25, 2.24MB/s]\n"}
,{"stream_name":"stderr","time":308.630958675,"data":"\r 77%|███████▋  | 2.05G/2.64G [03:40\u003c04:25, 2.24MB/s]\r 77%|███████▋  | 2.05G/2.64G [03:41\u003c04:28, 2.21MB/s]\n"}
,{"stream_name":"stderr","time":308.768089376,"data":"\r 77%|███████▋  | 2.05G/2.64G [03:41\u003c04:28, 2.21MB/s]\r 78%|███████▊  | 2.05G/2.64G [03:41\u003c04:30, 2.19MB/s]\n"}
,{"stream_name":"stderr","time":308.905409389,"data":"\r 78%|███████▊  | 2.05G/2.64G [03:41\u003c04:30, 2.19MB/s]\r 78%|███████▊  | 2.05G/2.64G [03:41\u003c04:32, 2.18MB/s]\n"}
,{"stream_name":"stderr","time":309.04416559,"data":"\r 78%|███████▊  | 2.05G/2.64G [03:41\u003c04:32, 2.18MB/s]\r 78%|███████▊  | 2.05G/2.64G [03:41\u003c04:25, 2.23MB/s]\n"}
,{"stream_name":"stderr","time":309.181176194,"data":"\r 78%|███████▊  | 2.05G/2.64G [03:41\u003c04:25, 2.23MB/s]\r 78%|███████▊  | 2.05G/2.64G [03:41\u003c04:28, 2.21MB/s]\n"}
,{"stream_name":"stderr","time":309.318868252,"data":"\r 78%|███████▊  | 2.05G/2.64G [03:41\u003c04:28, 2.21MB/s]\r 78%|███████▊  | 2.05G/2.64G [03:41\u003c04:30, 2.19MB/s]\n"}
,{"stream_name":"stderr","time":309.456821146,"data":"\r 78%|███████▊  | 2.05G/2.64G [03:41\u003c04:30, 2.19MB/s]\r 78%|███████▊  | 2.05G/2.64G [03:41\u003c04:23, 2.25MB/s]\n"}
,{"stream_name":"stderr","time":309.59541031,"data":"\r 78%|███████▊  | 2.05G/2.64G [03:41\u003c04:23, 2.25MB/s]\r 78%|███████▊  | 2.05G/2.64G [03:42\u003c04:19, 2.28MB/s]\n"}
,{"stream_name":"stderr","time":309.732762802,"data":"\r 78%|███████▊  | 2.05G/2.64G [03:42\u003c04:19, 2.28MB/s]\r 78%|███████▊  | 2.05G/2.64G [03:42\u003c04:23, 2.24MB/s]\n"}
,{"stream_name":"stderr","time":309.870417803,"data":"\r 78%|███████▊  | 2.05G/2.64G [03:42\u003c04:23, 2.24MB/s]\r 78%|███████▊  | 2.05G/2.64G [03:42\u003c04:19, 2.28MB/s]\n"}
,{"stream_name":"stderr","time":310.008709894,"data":"\r 78%|███████▊  | 2.05G/2.64G [03:42\u003c04:19, 2.28MB/s]\r 78%|███████▊  | 2.05G/2.64G [03:42\u003c04:15, 2.31MB/s]\n"}
,{"stream_name":"stderr","time":310.14620194,"data":"\r 78%|███████▊  | 2.05G/2.64G [03:42\u003c04:15, 2.31MB/s]\r 78%|███████▊  | 2.05G/2.64G [03:42\u003c04:13, 2.33MB/s]\n"}
,{"stream_name":"stderr","time":310.283834803,"data":"\r 78%|███████▊  | 2.05G/2.64G [03:42\u003c04:13, 2.33MB/s]\r 78%|███████▊  | 2.05G/2.64G [03:42\u003c04:11, 2.35MB/s]\n"}
,{"stream_name":"stderr","time":310.422315882,"data":"\r 78%|███████▊  | 2.05G/2.64G [03:42\u003c04:11, 2.35MB/s]\r 78%|███████▊  | 2.05G/2.64G [03:42\u003c04:03, 2.42MB/s]\n"}
,{"stream_name":"stderr","time":310.559191976,"data":"\r 78%|███████▊  | 2.05G/2.64G [03:42\u003c04:03, 2.42MB/s]\r 78%|███████▊  | 2.05G/2.64G [03:42\u003c04:04, 2.41MB/s]\n"}
,{"stream_name":"stderr","time":310.697287586,"data":"\r 78%|███████▊  | 2.05G/2.64G [03:42\u003c04:04, 2.41MB/s]\r 78%|███████▊  | 2.05G/2.64G [03:43\u003c03:58, 2.47MB/s]\n"}
,{"stream_name":"stderr","time":310.83525438,"data":"\r 78%|███████▊  | 2.05G/2.64G [03:43\u003c03:58, 2.47MB/s]\r 78%|███████▊  | 2.05G/2.64G [03:43\u003c03:54, 2.52MB/s]\n"}
,{"stream_name":"stderr","time":310.973344799,"data":"\r 78%|███████▊  | 2.05G/2.64G [03:43\u003c03:54, 2.52MB/s]\r 78%|███████▊  | 2.05G/2.64G [03:43\u003c03:51, 2.55MB/s]\n"}
,{"stream_name":"stderr","time":311.110630716,"data":"\r 78%|███████▊  | 2.05G/2.64G [03:43\u003c03:51, 2.55MB/s]\r 78%|███████▊  | 2.05G/2.64G [03:43\u003c03:43, 2.64MB/s]\n"}
,{"stream_name":"stderr","time":311.248535419,"data":"\r 78%|███████▊  | 2.05G/2.64G [03:43\u003c03:43, 2.64MB/s]\r 78%|███████▊  | 2.05G/2.64G [03:43\u003c03:43, 2.63MB/s]\n"}
,{"stream_name":"stderr","time":311.387585573,"data":"\r 78%|███████▊  | 2.05G/2.64G [03:43\u003c03:43, 2.63MB/s]\r 78%|███████▊  | 2.05G/2.64G [03:43\u003c03:32, 2.76MB/s]\n"}
,{"stream_name":"stderr","time":311.570570861,"data":"\r 78%|███████▊  | 2.05G/2.64G [03:43\u003c03:32, 2.76MB/s]\r 78%|███████▊  | 2.05G/2.64G [03:43\u003c04:10, 2.35MB/s]\n"}
,{"stream_name":"stderr","time":311.755381976,"data":"\r 78%|███████▊  | 2.05G/2.64G [03:43\u003c04:10, 2.35MB/s]\r 78%|███████▊  | 2.05G/2.64G [03:44\u003c04:49, 2.03MB/s]\n"}
,{"stream_name":"stderr","time":311.941023772,"data":"\r 78%|███████▊  | 2.05G/2.64G [03:44\u003c04:49, 2.03MB/s]\r 78%|███████▊  | 2.05G/2.64G [03:44\u003c05:32, 1.77MB/s]\n"}
,{"stream_name":"stderr","time":312.123429417,"data":"\r 78%|███████▊  | 2.05G/2.64G [03:44\u003c05:32, 1.77MB/s]\r 78%|███████▊  | 2.05G/2.64G [03:44\u003c06:18, 1.55MB/s]\n"}
,{"stream_name":"stderr","time":312.261168957,"data":"\r 78%|███████▊  | 2.05G/2.64G [03:44\u003c06:18, 1.55MB/s]\r 78%|███████▊  | 2.05G/2.64G [03:44\u003c06:42, 1.46MB/s]\n"}
,{"stream_name":"stderr","time":312.399518692,"data":"\r 78%|███████▊  | 2.05G/2.64G [03:44\u003c06:42, 1.46MB/s]\r 78%|███████▊  | 2.05G/2.64G [03:44\u003c07:03, 1.38MB/s]\n"}
,{"stream_name":"stderr","time":312.536932095,"data":"\r 78%|███████▊  | 2.05G/2.64G [03:44\u003c07:03, 1.38MB/s]\r 78%|███████▊  | 2.05G/2.64G [03:44\u003c07:20, 1.33MB/s]\n"}
,{"stream_name":"stderr","time":312.676127904,"data":"\r 78%|███████▊  | 2.05G/2.64G [03:44\u003c07:20, 1.33MB/s]\r 78%|███████▊  | 2.05G/2.64G [03:45\u003c07:35, 1.29MB/s]\n"}
,{"stream_name":"stderr","time":312.814074121,"data":"\r 78%|███████▊  | 2.05G/2.64G [03:45\u003c07:35, 1.29MB/s]\r 78%|███████▊  | 2.05G/2.64G [03:45\u003c08:11, 1.19MB/s]\n"}
,{"stream_name":"stderr","time":312.951722533,"data":"\r 78%|███████▊  | 2.05G/2.64G [03:45\u003c08:11, 1.19MB/s]\r 78%|███████▊  | 2.05G/2.64G [03:45\u003c08:11, 1.19MB/s]\n"}
,{"stream_name":"stderr","time":313.090071479,"data":"\r 78%|███████▊  | 2.05G/2.64G [03:45\u003c08:11, 1.19MB/s]\r 78%|███████▊  | 2.06G/2.64G [03:45\u003c07:45, 1.26MB/s]\n"}
,{"stream_name":"stderr","time":313.227432703,"data":"\r 78%|███████▊  | 2.06G/2.64G [03:45\u003c07:45, 1.26MB/s]\r 78%|███████▊  | 2.06G/2.64G [03:45\u003c07:52, 1.24MB/s]\n"}
,{"stream_name":"stderr","time":313.365368314,"data":"\r 78%|███████▊  | 2.06G/2.64G [03:45\u003c07:52, 1.24MB/s]\r 78%|███████▊  | 2.06G/2.64G [03:45\u003c07:57, 1.22MB/s]\n"}
,{"stream_name":"stderr","time":313.503799497,"data":"\r 78%|███████▊  | 2.06G/2.64G [03:45\u003c07:57, 1.22MB/s]\r 78%|███████▊  | 2.06G/2.64G [03:45\u003c07:35, 1.28MB/s]\n"}
,{"stream_name":"stderr","time":313.640949304,"data":"\r 78%|███████▊  | 2.06G/2.64G [03:45\u003c07:35, 1.28MB/s]\r 78%|███████▊  | 2.06G/2.64G [03:46\u003c07:45, 1.26MB/s]\n"}
,{"stream_name":"stderr","time":313.778785664,"data":"\r 78%|███████▊  | 2.06G/2.64G [03:46\u003c07:45, 1.26MB/s]\r 78%|███████▊  | 2.06G/2.64G [03:46\u003c07:52, 1.24MB/s]\n"}
,{"stream_name":"stderr","time":313.917474652,"data":"\r 78%|███████▊  | 2.06G/2.64G [03:46\u003c07:52, 1.24MB/s]\r 78%|███████▊  | 2.06G/2.64G [03:46\u003c07:32, 1.29MB/s]\n"}
,{"stream_name":"stderr","time":314.055020896,"data":"\r 78%|███████▊  | 2.06G/2.64G [03:46\u003c07:32, 1.29MB/s]\r 78%|███████▊  | 2.06G/2.64G [03:46\u003c08:10, 1.19MB/s]\n"}
,{"stream_name":"stderr","time":314.192357001,"data":"\r 78%|███████▊  | 2.06G/2.64G [03:46\u003c08:10, 1.19MB/s]\r 78%|███████▊  | 2.06G/2.64G [03:46\u003c08:41, 1.12MB/s]\n"}
,{"stream_name":"stderr","time":314.377179496,"data":"\r 78%|███████▊  | 2.06G/2.64G [03:46\u003c08:41, 1.12MB/s]\r 78%|███████▊  | 2.06G/2.64G [03:46\u003c10:02, 970kB/s] \n"}
,{"stream_name":"stderr","time":314.515558208,"data":"\r 78%|███████▊  | 2.06G/2.64G [03:46\u003c10:02, 970kB/s] \r 78%|███████▊  | 2.06G/2.64G [03:46\u003c10:05, 963kB/s]\n"}
,{"stream_name":"stderr","time":314.652700412,"data":"\r 78%|███████▊  | 2.06G/2.64G [03:46\u003c10:05, 963kB/s]\r 78%|███████▊  | 2.06G/2.64G [03:47\u003c10:53, 893kB/s]\n"}
,{"stream_name":"stderr","time":314.790539313,"data":"\r 78%|███████▊  | 2.06G/2.64G [03:47\u003c10:53, 893kB/s]\r 78%|███████▊  | 2.06G/2.64G [03:47\u003c11:34, 841kB/s]\n"}
,{"stream_name":"stderr","time":314.928512371,"data":"\r 78%|███████▊  | 2.06G/2.64G [03:47\u003c11:34, 841kB/s]\r 78%|███████▊  | 2.06G/2.64G [03:47\u003c11:08, 873kB/s]\n"}
,{"stream_name":"stderr","time":315.067198586,"data":"\r 78%|███████▊  | 2.06G/2.64G [03:47\u003c11:08, 873kB/s]\r 78%|███████▊  | 2.06G/2.64G [03:47\u003c11:47, 825kB/s]\n"}
,{"stream_name":"stderr","time":315.205051193,"data":"\r 78%|███████▊  | 2.06G/2.64G [03:47\u003c11:47, 825kB/s]\r 78%|███████▊  | 2.06G/2.64G [03:47\u003c12:16, 792kB/s]\n"}
,{"stream_name":"stderr","time":315.34290566,"data":"\r 78%|███████▊  | 2.06G/2.64G [03:47\u003c12:16, 792kB/s]\r 78%|███████▊  | 2.06G/2.64G [03:47\u003c11:35, 839kB/s]\n"}
,{"stream_name":"stderr","time":315.481109717,"data":"\r 78%|███████▊  | 2.06G/2.64G [03:47\u003c11:35, 839kB/s]\r 78%|███████▊  | 2.06G/2.64G [03:47\u003c12:08, 801kB/s]\n"}
,{"stream_name":"stderr","time":315.619223685,"data":"\r 78%|███████▊  | 2.06G/2.64G [03:47\u003c12:08, 801kB/s]\r 78%|███████▊  | 2.06G/2.64G [03:48\u003c11:29, 845kB/s]\n"}
,{"stream_name":"stderr","time":315.756845051,"data":"\r 78%|███████▊  | 2.06G/2.64G [03:48\u003c11:29, 845kB/s]\r 78%|███████▊  | 2.06G/2.64G [03:48\u003c12:02, 806kB/s]\n"}
,{"stream_name":"stderr","time":315.894858839,"data":"\r 78%|███████▊  | 2.06G/2.64G [03:48\u003c12:02, 806kB/s]\r 78%|███████▊  | 2.06G/2.64G [03:48\u003c11:26, 849kB/s]\n"}
,{"stream_name":"stderr","time":316.033284874,"data":"\r 78%|███████▊  | 2.06G/2.64G [03:48\u003c11:26, 849kB/s]\r 78%|███████▊  | 2.06G/2.64G [03:48\u003c12:01, 808kB/s]\n"}
,{"stream_name":"stderr","time":316.172057529,"data":"\r 78%|███████▊  | 2.06G/2.64G [03:48\u003c12:01, 808kB/s]\r 78%|███████▊  | 2.06G/2.64G [03:48\u003c11:26, 849kB/s]\n"}
,{"stream_name":"stderr","time":316.309009898,"data":"\r 78%|███████▊  | 2.06G/2.64G [03:48\u003c11:26, 849kB/s]\r 78%|███████▊  | 2.06G/2.64G [03:48\u003c11:59, 809kB/s]\n"}
,{"stream_name":"stderr","time":316.446853015,"data":"\r 78%|███████▊  | 2.06G/2.64G [03:48\u003c11:59, 809kB/s]\r 78%|███████▊  | 2.06G/2.64G [03:48\u003c12:25, 781kB/s]\n"}
,{"stream_name":"stderr","time":316.584200595,"data":"\r 78%|███████▊  | 2.06G/2.64G [03:48\u003c12:25, 781kB/s]\r 78%|███████▊  | 2.06G/2.64G [03:49\u003c11:39, 832kB/s]\n"}
,{"stream_name":"stderr","time":316.722275325,"data":"\r 78%|███████▊  | 2.06G/2.64G [03:49\u003c11:39, 832kB/s]\r 78%|███████▊  | 2.06G/2.64G [03:49\u003c12:10, 796kB/s]\n"}
,{"stream_name":"stderr","time":316.859929125,"data":"\r 78%|███████▊  | 2.06G/2.64G [03:49\u003c12:10, 796kB/s]\r 78%|███████▊  | 2.06G/2.64G [03:49\u003c11:30, 843kB/s]\n"}
,{"stream_name":"stderr","time":316.998849494,"data":"\r 78%|███████▊  | 2.06G/2.64G [03:49\u003c11:30, 843kB/s]\r 78%|███████▊  | 2.06G/2.64G [03:49\u003c12:04, 803kB/s]\n"}
,{"stream_name":"stderr","time":317.136420492,"data":"\r 78%|███████▊  | 2.06G/2.64G [03:49\u003c12:04, 803kB/s]\r 78%|███████▊  | 2.06G/2.64G [03:49\u003c11:26, 847kB/s]\n"}
,{"stream_name":"stderr","time":317.274104669,"data":"\r 78%|███████▊  | 2.06G/2.64G [03:49\u003c11:26, 847kB/s]\r 78%|███████▊  | 2.06G/2.64G [03:49\u003c12:00, 807kB/s]\n"}
,{"stream_name":"stderr","time":317.412052172,"data":"\r 78%|███████▊  | 2.06G/2.64G [03:49\u003c12:00, 807kB/s]\r 78%|███████▊  | 2.06G/2.64G [03:49\u003c11:23, 850kB/s]\n"}
,{"stream_name":"stderr","time":317.549567563,"data":"\r 78%|███████▊  | 2.06G/2.64G [03:49\u003c11:23, 850kB/s]\r 78%|███████▊  | 2.06G/2.64G [03:49\u003c11:58, 810kB/s]\n"}
,{"stream_name":"stderr","time":317.687147321,"data":"\r 78%|███████▊  | 2.06G/2.64G [03:49\u003c11:58, 810kB/s]\r 78%|███████▊  | 2.06G/2.64G [03:50\u003c12:23, 781kB/s]\n"}
,{"stream_name":"stderr","time":317.825152674,"data":"\r 78%|███████▊  | 2.06G/2.64G [03:50\u003c12:23, 781kB/s]\r 78%|███████▊  | 2.06G/2.64G [03:50\u003c11:38, 832kB/s]\n"}
,{"stream_name":"stderr","time":317.962875102,"data":"\r 78%|███████▊  | 2.06G/2.64G [03:50\u003c11:38, 832kB/s]\r 78%|███████▊  | 2.06G/2.64G [03:50\u003c12:09, 797kB/s]\n"}
,{"stream_name":"stderr","time":318.100420384,"data":"\r 78%|███████▊  | 2.06G/2.64G [03:50\u003c12:09, 797kB/s]\r 78%|███████▊  | 2.06G/2.64G [03:50\u003c11:28, 844kB/s]\n"}
,{"stream_name":"stderr","time":318.238079106,"data":"\r 78%|███████▊  | 2.06G/2.64G [03:50\u003c11:28, 844kB/s]\r 78%|███████▊  | 2.06G/2.64G [03:50\u003c11:02, 876kB/s]\n"}
,{"stream_name":"stderr","time":318.376329115,"data":"\r 78%|███████▊  | 2.06G/2.64G [03:50\u003c11:02, 876kB/s]\r 78%|███████▊  | 2.06G/2.64G [03:50\u003c10:46, 898kB/s]\n"}
,{"stream_name":"stderr","time":318.513558417,"data":"\r 78%|███████▊  | 2.06G/2.64G [03:50\u003c10:46, 898kB/s]\r 78%|███████▊  | 2.06G/2.64G [03:50\u003c11:28, 843kB/s]\n"}
,{"stream_name":"stderr","time":318.651539737,"data":"\r 78%|███████▊  | 2.06G/2.64G [03:50\u003c11:28, 843kB/s]\r 78%|███████▊  | 2.06G/2.64G [03:51\u003c11:02, 875kB/s]\n"}
,{"stream_name":"stderr","time":318.789258016,"data":"\r 78%|███████▊  | 2.06G/2.64G [03:51\u003c11:02, 875kB/s]\r 78%|███████▊  | 2.06G/2.64G [03:51\u003c10:45, 899kB/s]\n"}
,{"stream_name":"stderr","time":318.926934162,"data":"\r 78%|███████▊  | 2.06G/2.64G [03:51\u003c10:45, 899kB/s]\r 78%|███████▊  | 2.06G/2.64G [03:51\u003c10:34, 915kB/s]\n"}
,{"stream_name":"stderr","time":319.066477982,"data":"\r 78%|███████▊  | 2.06G/2.64G [03:51\u003c10:34, 915kB/s]\r 78%|███████▊  | 2.06G/2.64G [03:51\u003c09:43, 993kB/s]\n"}
,{"stream_name":"stderr","time":319.202837729,"data":"\r 78%|███████▊  | 2.06G/2.64G [03:51\u003c09:43, 993kB/s]\r 78%|███████▊  | 2.06G/2.64G [03:51\u003c09:48, 985kB/s]\n"}
,{"stream_name":"stderr","time":319.339820475,"data":"\r 78%|███████▊  | 2.06G/2.64G [03:51\u003c09:48, 985kB/s]\r 78%|███████▊  | 2.06G/2.64G [03:51\u003c09:54, 975kB/s]\n"}
,{"stream_name":"stderr","time":319.477807948,"data":"\r 78%|███████▊  | 2.06G/2.64G [03:51\u003c09:54, 975kB/s]\r 78%|███████▊  | 2.06G/2.64G [03:51\u003c09:17, 1.04MB/s]\n"}
,{"stream_name":"stderr","time":319.615148888,"data":"\r 78%|███████▊  | 2.06G/2.64G [03:51\u003c09:17, 1.04MB/s]\r 78%|███████▊  | 2.06G/2.64G [03:52\u003c08:54, 1.08MB/s]\n"}
,{"stream_name":"stderr","time":319.753197248,"data":"\r 78%|███████▊  | 2.06G/2.64G [03:52\u003c08:54, 1.08MB/s]\r 78%|███████▊  | 2.06G/2.64G [03:52\u003c08:38, 1.12MB/s]\n"}
,{"stream_name":"stderr","time":319.890609027,"data":"\r 78%|███████▊  | 2.06G/2.64G [03:52\u003c08:38, 1.12MB/s]\r 78%|███████▊  | 2.06G/2.64G [03:52\u003c08:28, 1.14MB/s]\n"}
,{"stream_name":"stderr","time":320.028873279,"data":"\r 78%|███████▊  | 2.06G/2.64G [03:52\u003c08:28, 1.14MB/s]\r 78%|███████▊  | 2.06G/2.64G [03:52\u003c07:52, 1.22MB/s]\n"}
,{"stream_name":"stderr","time":320.166015124,"data":"\r 78%|███████▊  | 2.06G/2.64G [03:52\u003c07:52, 1.22MB/s]\r 78%|███████▊  | 2.06G/2.64G [03:52\u003c07:29, 1.29MB/s]\n"}
,{"stream_name":"stderr","time":320.303235953,"data":"\r 78%|███████▊  | 2.06G/2.64G [03:52\u003c07:29, 1.29MB/s]\r 78%|███████▊  | 2.06G/2.64G [03:52\u003c07:14, 1.33MB/s]\n"}
,{"stream_name":"stderr","time":320.44102744,"data":"\r 78%|███████▊  | 2.06G/2.64G [03:52\u003c07:14, 1.33MB/s]\r 78%|███████▊  | 2.06G/2.64G [03:52\u003c07:05, 1.36MB/s]\n"}
,{"stream_name":"stderr","time":320.578665062,"data":"\r 78%|███████▊  | 2.06G/2.64G [03:52\u003c07:05, 1.36MB/s]\r 78%|███████▊  | 2.06G/2.64G [03:53\u003c06:38, 1.45MB/s]\n"}
,{"stream_name":"stderr","time":320.7163516,"data":"\r 78%|███████▊  | 2.06G/2.64G [03:53\u003c06:38, 1.45MB/s]\r 78%|███████▊  | 2.06G/2.64G [03:53\u003c06:21, 1.52MB/s]\n"}
,{"stream_name":"stderr","time":320.853895834,"data":"\r 78%|███████▊  | 2.06G/2.64G [03:53\u003c06:21, 1.52MB/s]\r 78%|███████▊  | 2.06G/2.64G [03:53\u003c06:09, 1.56MB/s]\n"}
,{"stream_name":"stderr","time":320.991773098,"data":"\r 78%|███████▊  | 2.06G/2.64G [03:53\u003c06:09, 1.56MB/s]\r 78%|███████▊  | 2.06G/2.64G [03:53\u003c05:46, 1.66MB/s]\n"}
,{"stream_name":"stderr","time":321.12974026,"data":"\r 78%|███████▊  | 2.06G/2.64G [03:53\u003c05:46, 1.66MB/s]\r 78%|███████▊  | 2.06G/2.64G [03:53\u003c05:32, 1.74MB/s]\n"}
,{"stream_name":"stderr","time":321.267811586,"data":"\r 78%|███████▊  | 2.06G/2.64G [03:53\u003c05:32, 1.74MB/s]\r 78%|███████▊  | 2.06G/2.64G [03:53\u003c05:10, 1.86MB/s]\n"}
,{"stream_name":"stderr","time":321.405632079,"data":"\r 78%|███████▊  | 2.06G/2.64G [03:53\u003c05:10, 1.86MB/s]\r 78%|███████▊  | 2.06G/2.64G [03:53\u003c04:56, 1.94MB/s]\n"}
,{"stream_name":"stderr","time":321.543366977,"data":"\r 78%|███████▊  | 2.06G/2.64G [03:53\u003c04:56, 1.94MB/s]\r 78%|███████▊  | 2.06G/2.64G [03:53\u003c04:38, 2.07MB/s]\n"}
,{"stream_name":"stderr","time":321.680912763,"data":"\r 78%|███████▊  | 2.06G/2.64G [03:53\u003c04:38, 2.07MB/s]\r 78%|███████▊  | 2.06G/2.64G [03:54\u003c04:25, 2.16MB/s]\n"}
,{"stream_name":"stderr","time":321.818395266,"data":"\r 78%|███████▊  | 2.06G/2.64G [03:54\u003c04:25, 2.16MB/s]\r 78%|███████▊  | 2.07G/2.64G [03:54\u003c04:10, 2.30MB/s]\n"}
,{"stream_name":"stderr","time":321.956633795,"data":"\r 78%|███████▊  | 2.07G/2.64G [03:54\u003c04:10, 2.30MB/s]\r 78%|███████▊  | 2.07G/2.64G [03:54\u003c03:59, 2.40MB/s]\n"}
,{"stream_name":"stderr","time":322.094210477,"data":"\r 78%|███████▊  | 2.07G/2.64G [03:54\u003c03:59, 2.40MB/s]\r 78%|███████▊  | 2.07G/2.64G [03:54\u003c03:46, 2.53MB/s]\n"}
,{"stream_name":"stderr","time":322.23190094,"data":"\r 78%|███████▊  | 2.07G/2.64G [03:54\u003c03:46, 2.53MB/s]\r 78%|███████▊  | 2.07G/2.64G [03:54\u003c03:32, 2.70MB/s]\n"}
,{"stream_name":"stderr","time":322.369303008,"data":"\r 78%|███████▊  | 2.07G/2.64G [03:54\u003c03:32, 2.70MB/s]\r 78%|███████▊  | 2.07G/2.64G [03:54\u003c03:23, 2.82MB/s]\n"}
,{"stream_name":"stderr","time":322.508005974,"data":"\r 78%|███████▊  | 2.07G/2.64G [03:54\u003c03:23, 2.82MB/s]\r 78%|███████▊  | 2.07G/2.64G [03:54\u003c03:28, 2.75MB/s]\n"}
,{"stream_name":"stderr","time":322.645869742,"data":"\r 78%|███████▊  | 2.07G/2.64G [03:54\u003c03:28, 2.75MB/s]\r 78%|███████▊  | 2.07G/2.64G [03:55\u003c03:25, 2.79MB/s]\n"}
,{"stream_name":"stderr","time":322.783389868,"data":"\r 78%|███████▊  | 2.07G/2.64G [03:55\u003c03:25, 2.79MB/s]\r 78%|███████▊  | 2.07G/2.64G [03:55\u003c03:29, 2.74MB/s]\n"}
,{"stream_name":"stderr","time":322.920718142,"data":"\r 78%|███████▊  | 2.07G/2.64G [03:55\u003c03:29, 2.74MB/s]\r 78%|███████▊  | 2.07G/2.64G [03:55\u003c03:31, 2.70MB/s]\n"}
,{"stream_name":"stderr","time":323.058251987,"data":"\r 78%|███████▊  | 2.07G/2.64G [03:55\u003c03:31, 2.70MB/s]\r 78%|███████▊  | 2.07G/2.64G [03:55\u003c03:33, 2.68MB/s]\n"}
,{"stream_name":"stderr","time":323.195372988,"data":"\r 78%|███████▊  | 2.07G/2.64G [03:55\u003c03:33, 2.68MB/s]\r 78%|███████▊  | 2.07G/2.64G [03:55\u003c03:29, 2.73MB/s]\n"}
,{"stream_name":"stderr","time":323.333065914,"data":"\r 78%|███████▊  | 2.07G/2.64G [03:55\u003c03:29, 2.73MB/s]\r 78%|███████▊  | 2.07G/2.64G [03:55\u003c03:26, 2.77MB/s]\n"}
,{"stream_name":"stderr","time":323.471753401,"data":"\r 78%|███████▊  | 2.07G/2.64G [03:55\u003c03:26, 2.77MB/s]\r 78%|███████▊  | 2.07G/2.64G [03:55\u003c03:19, 2.86MB/s]\n"}
,{"stream_name":"stderr","time":323.608552496,"data":"\r 78%|███████▊  | 2.07G/2.64G [03:55\u003c03:19, 2.86MB/s]\r 78%|███████▊  | 2.07G/2.64G [03:56\u003c03:18, 2.87MB/s]\n"}
,{"stream_name":"stderr","time":323.745959657,"data":"\r 78%|███████▊  | 2.07G/2.64G [03:56\u003c03:18, 2.87MB/s]\r 78%|███████▊  | 2.07G/2.64G [03:56\u003c03:14, 2.94MB/s]\n"}
,{"stream_name":"stderr","time":323.883572316,"data":"\r 78%|███████▊  | 2.07G/2.64G [03:56\u003c03:14, 2.94MB/s]\r 78%|███████▊  | 2.07G/2.64G [03:56\u003c03:10, 2.98MB/s]\n"}
,{"stream_name":"stderr","time":324.021232009,"data":"\r 78%|███████▊  | 2.07G/2.64G [03:56\u003c03:10, 2.98MB/s]\r 78%|███████▊  | 2.07G/2.64G [03:56\u003c03:08, 3.02MB/s]\n"}
,{"stream_name":"stderr","time":324.159171287,"data":"\r 78%|███████▊  | 2.07G/2.64G [03:56\u003c03:08, 3.02MB/s]\r 78%|███████▊  | 2.07G/2.64G [03:56\u003c03:02, 3.11MB/s]\n"}
,{"stream_name":"stderr","time":324.296231793,"data":"\r 78%|███████▊  | 2.07G/2.64G [03:56\u003c03:02, 3.11MB/s]\r 78%|███████▊  | 2.07G/2.64G [03:56\u003c02:58, 3.18MB/s]\n"}
,{"stream_name":"stderr","time":324.433602765,"data":"\r 78%|███████▊  | 2.07G/2.64G [03:56\u003c02:58, 3.18MB/s]\r 78%|███████▊  | 2.07G/2.64G [03:56\u003c02:59, 3.16MB/s]\n"}
,{"stream_name":"stderr","time":324.571351148,"data":"\r 78%|███████▊  | 2.07G/2.64G [03:56\u003c02:59, 3.16MB/s]\r 79%|███████▊  | 2.07G/2.64G [03:56\u003c02:56, 3.21MB/s]\n"}
,{"stream_name":"stderr","time":324.708528136,"data":"\r 79%|███████▊  | 2.07G/2.64G [03:56\u003c02:56, 3.21MB/s]\r 79%|███████▊  | 2.07G/2.64G [03:57\u003c02:54, 3.25MB/s]\n"}
,{"stream_name":"stderr","time":324.846861447,"data":"\r 79%|███████▊  | 2.07G/2.64G [03:57\u003c02:54, 3.25MB/s]\r 79%|███████▊  | 2.07G/2.64G [03:57\u003c02:49, 3.34MB/s]\n"}
,{"stream_name":"stderr","time":324.984451334,"data":"\r 79%|███████▊  | 2.07G/2.64G [03:57\u003c02:49, 3.34MB/s]\r 79%|███████▊  | 2.07G/2.64G [03:57\u003c02:49, 3.34MB/s]\n"}
,{"stream_name":"stderr","time":325.121474085,"data":"\r 79%|███████▊  | 2.07G/2.64G [03:57\u003c02:49, 3.34MB/s]\r 79%|███████▊  | 2.08G/2.64G [03:57\u003c02:49, 3.34MB/s]\n"}
,{"stream_name":"stderr","time":325.259945647,"data":"\r 79%|███████▊  | 2.08G/2.64G [03:57\u003c02:49, 3.34MB/s]\r 79%|███████▊  | 2.08G/2.64G [03:57\u003c02:45, 3.40MB/s]\n"}
,{"stream_name":"stderr","time":325.396161928,"data":"\r 79%|███████▊  | 2.08G/2.64G [03:57\u003c02:45, 3.40MB/s]\r 79%|███████▊  | 2.08G/2.64G [03:57\u003c02:46, 3.39MB/s]\n"}
,{"stream_name":"stderr","time":325.534361606,"data":"\r 79%|███████▊  | 2.08G/2.64G [03:57\u003c02:46, 3.39MB/s]\r 79%|███████▊  | 2.08G/2.64G [03:57\u003c02:43, 3.44MB/s]\n"}
,{"stream_name":"stderr","time":325.671556049,"data":"\r 79%|███████▊  | 2.08G/2.64G [03:57\u003c02:43, 3.44MB/s]\r 79%|███████▊  | 2.08G/2.64G [03:58\u003c02:45, 3.41MB/s]\n"}
,{"stream_name":"stderr","time":325.810207364,"data":"\r 79%|███████▊  | 2.08G/2.64G [03:58\u003c02:45, 3.41MB/s]\r 79%|███████▊  | 2.08G/2.64G [03:58\u003c02:42, 3.46MB/s]\n"}
,{"stream_name":"stderr","time":325.948306667,"data":"\r 79%|███████▊  | 2.08G/2.64G [03:58\u003c02:42, 3.46MB/s]\r 79%|███████▊  | 2.08G/2.64G [03:58\u003c02:41, 3.48MB/s]\n"}
,{"stream_name":"stderr","time":326.084145552,"data":"\r 79%|███████▊  | 2.08G/2.64G [03:58\u003c02:41, 3.48MB/s]\r 79%|███████▊  | 2.08G/2.64G [03:58\u003c02:42, 3.45MB/s]\n"}
,{"stream_name":"stderr","time":326.222479151,"data":"\r 79%|███████▊  | 2.08G/2.64G [03:58\u003c02:42, 3.45MB/s]\r 79%|███████▊  | 2.08G/2.64G [03:58\u003c02:41, 3.49MB/s]\n"}
,{"stream_name":"stderr","time":326.358880097,"data":"\r 79%|███████▊  | 2.08G/2.64G [03:58\u003c02:41, 3.49MB/s]\r 79%|███████▉  | 2.08G/2.64G [03:58\u003c02:42, 3.45MB/s]\n"}
,{"stream_name":"stderr","time":326.497498,"data":"\r 79%|███████▉  | 2.08G/2.64G [03:58\u003c02:42, 3.45MB/s]\r 79%|███████▉  | 2.08G/2.64G [03:58\u003c02:41, 3.48MB/s]\n"}
,{"stream_name":"stderr","time":326.635545122,"data":"\r 79%|███████▉  | 2.08G/2.64G [03:58\u003c02:41, 3.48MB/s]\r 79%|███████▉  | 2.08G/2.64G [03:59\u003c02:40, 3.50MB/s]\n"}
,{"stream_name":"stderr","time":326.771625172,"data":"\r 79%|███████▉  | 2.08G/2.64G [03:59\u003c02:40, 3.50MB/s]\r 79%|███████▉  | 2.08G/2.64G [03:59\u003c02:41, 3.46MB/s]\n"}
,{"stream_name":"stderr","time":326.909723409,"data":"\r 79%|███████▉  | 2.08G/2.64G [03:59\u003c02:41, 3.46MB/s]\r 79%|███████▉  | 2.08G/2.64G [03:59\u003c02:40, 3.49MB/s]\n"}
,{"stream_name":"stderr","time":327.046868643,"data":"\r 79%|███████▉  | 2.08G/2.64G [03:59\u003c02:40, 3.49MB/s]\r 79%|███████▉  | 2.08G/2.64G [03:59\u003c02:41, 3.45MB/s]\n"}
,{"stream_name":"stderr","time":327.184440319,"data":"\r 79%|███████▉  | 2.08G/2.64G [03:59\u003c02:41, 3.45MB/s]\r 79%|███████▉  | 2.08G/2.64G [03:59\u003c02:40, 3.49MB/s]\n"}
,{"stream_name":"stderr","time":327.322056535,"data":"\r 79%|███████▉  | 2.08G/2.64G [03:59\u003c02:40, 3.49MB/s]\r 79%|███████▉  | 2.08G/2.64G [03:59\u003c02:42, 3.44MB/s]\n"}
,{"stream_name":"stderr","time":327.460029076,"data":"\r 79%|███████▉  | 2.08G/2.64G [03:59\u003c02:42, 3.44MB/s]\r 79%|███████▉  | 2.08G/2.64G [03:59\u003c02:40, 3.48MB/s]\n"}
,{"stream_name":"stderr","time":327.598432126,"data":"\r 79%|███████▉  | 2.08G/2.64G [03:59\u003c02:40, 3.48MB/s]\r 79%|███████▉  | 2.08G/2.64G [04:00\u003c02:39, 3.50MB/s]\n"}
,{"stream_name":"stderr","time":327.736248756,"data":"\r 79%|███████▉  | 2.08G/2.64G [04:00\u003c02:39, 3.50MB/s]\r 79%|███████▉  | 2.08G/2.64G [04:00\u003c02:41, 3.45MB/s]\n"}
,{"stream_name":"stderr","time":327.873962019,"data":"\r 79%|███████▉  | 2.08G/2.64G [04:00\u003c02:41, 3.45MB/s]\r 79%|███████▉  | 2.08G/2.64G [04:00\u003c02:39, 3.48MB/s]\n"}
,{"stream_name":"stderr","time":328.011702741,"data":"\r 79%|███████▉  | 2.08G/2.64G [04:00\u003c02:39, 3.48MB/s]\r 79%|███████▉  | 2.09G/2.64G [04:00\u003c02:38, 3.51MB/s]\n"}
,{"stream_name":"stderr","time":328.227591596,"data":"\r 79%|███████▉  | 2.09G/2.64G [04:00\u003c02:38, 3.51MB/s]\r 79%|███████▉  | 2.09G/2.64G [04:00\u003c02:40, 3.46MB/s]\n"}
,{"stream_name":"stderr","time":328.287650637,"data":"\r 79%|███████▉  | 2.09G/2.64G [04:00\u003c02:40, 3.46MB/s]\r 79%|███████▉  | 2.09G/2.64G [04:00\u003c02:38, 3.49MB/s]\n"}
,{"stream_name":"stderr","time":328.425515295,"data":"\r 79%|███████▉  | 2.09G/2.64G [04:00\u003c02:38, 3.49MB/s]\r 79%|███████▉  | 2.09G/2.64G [04:00\u003c02:37, 3.51MB/s]\n"}
,{"stream_name":"stderr","time":328.563785078,"data":"\r 79%|███████▉  | 2.09G/2.64G [04:00\u003c02:37, 3.51MB/s]\r 79%|███████▉  | 2.09G/2.64G [04:00\u003c02:37, 3.52MB/s]\n"}
,{"stream_name":"stderr","time":328.701557967,"data":"\r 79%|███████▉  | 2.09G/2.64G [04:00\u003c02:37, 3.52MB/s]\r 79%|███████▉  | 2.09G/2.64G [04:01\u003c02:36, 3.54MB/s]\n"}
,{"stream_name":"stderr","time":328.839233995,"data":"\r 79%|███████▉  | 2.09G/2.64G [04:01\u003c02:36, 3.54MB/s]\r 79%|███████▉  | 2.09G/2.64G [04:01\u003c02:35, 3.55MB/s]\n"}
,{"stream_name":"stderr","time":328.977492882,"data":"\r 79%|███████▉  | 2.09G/2.64G [04:01\u003c02:35, 3.55MB/s]\r 79%|███████▉  | 2.09G/2.64G [04:01\u003c02:35, 3.55MB/s]\n"}
,{"stream_name":"stderr","time":329.115310742,"data":"\r 79%|███████▉  | 2.09G/2.64G [04:01\u003c02:35, 3.55MB/s]\r 79%|███████▉  | 2.09G/2.64G [04:01\u003c02:35, 3.56MB/s]\n"}
,{"stream_name":"stderr","time":329.252901014,"data":"\r 79%|███████▉  | 2.09G/2.64G [04:01\u003c02:35, 3.56MB/s]\r 79%|███████▉  | 2.09G/2.64G [04:01\u003c02:34, 3.56MB/s]\n"}
,{"stream_name":"stderr","time":329.390669998,"data":"\r 79%|███████▉  | 2.09G/2.64G [04:01\u003c02:34, 3.56MB/s]\r 79%|███████▉  | 2.09G/2.64G [04:01\u003c02:34, 3.56MB/s]\n"}
,{"stream_name":"stderr","time":329.528461499,"data":"\r 79%|███████▉  | 2.09G/2.64G [04:01\u003c02:34, 3.56MB/s]\r 79%|███████▉  | 2.09G/2.64G [04:01\u003c02:31, 3.64MB/s]\n"}
,{"stream_name":"stderr","time":329.666029485,"data":"\r 79%|███████▉  | 2.09G/2.64G [04:01\u003c02:31, 3.64MB/s]\r 79%|███████▉  | 2.09G/2.64G [04:02\u003c02:31, 3.61MB/s]\n"}
,{"stream_name":"stderr","time":329.803989605,"data":"\r 79%|███████▉  | 2.09G/2.64G [04:02\u003c02:31, 3.61MB/s]\r 79%|███████▉  | 2.09G/2.64G [04:02\u003c02:29, 3.67MB/s]\n"}
,{"stream_name":"stderr","time":329.942005835,"data":"\r 79%|███████▉  | 2.09G/2.64G [04:02\u003c02:29, 3.67MB/s]\r 79%|███████▉  | 2.09G/2.64G [04:02\u003c02:27, 3.71MB/s]\n"}
,{"stream_name":"stderr","time":330.080245358,"data":"\r 79%|███████▉  | 2.09G/2.64G [04:02\u003c02:27, 3.71MB/s]\r 79%|███████▉  | 2.09G/2.64G [04:02\u003c02:26, 3.74MB/s]\n"}
,{"stream_name":"stderr","time":330.21793622,"data":"\r 79%|███████▉  | 2.09G/2.64G [04:02\u003c02:26, 3.74MB/s]\r 79%|███████▉  | 2.09G/2.64G [04:02\u003c02:25, 3.76MB/s]\n"}
,{"stream_name":"stderr","time":330.356225435,"data":"\r 79%|███████▉  | 2.09G/2.64G [04:02\u003c02:25, 3.76MB/s]\r 79%|███████▉  | 2.09G/2.64G [04:02\u003c02:22, 3.84MB/s]\n"}
,{"stream_name":"stderr","time":330.494093261,"data":"\r 79%|███████▉  | 2.09G/2.64G [04:02\u003c02:22, 3.84MB/s]\r 79%|███████▉  | 2.09G/2.64G [04:02\u003c02:20, 3.90MB/s]\n"}
,{"stream_name":"stderr","time":330.632280462,"data":"\r 79%|███████▉  | 2.09G/2.64G [04:02\u003c02:20, 3.90MB/s]\r 79%|███████▉  | 2.09G/2.64G [04:03\u003c02:18, 3.94MB/s]\n"}
,{"stream_name":"stderr","time":330.770070934,"data":"\r 79%|███████▉  | 2.09G/2.64G [04:03\u003c02:18, 3.94MB/s]\r 79%|███████▉  | 2.10G/2.64G [04:03\u003c02:14, 4.04MB/s]\n"}
,{"stream_name":"stderr","time":330.907910903,"data":"\r 79%|███████▉  | 2.10G/2.64G [04:03\u003c02:14, 4.04MB/s]\r 79%|███████▉  | 2.10G/2.64G [04:03\u003c02:14, 4.04MB/s]\n"}
,{"stream_name":"stderr","time":331.046052031,"data":"\r 79%|███████▉  | 2.10G/2.64G [04:03\u003c02:14, 4.04MB/s]\r 79%|███████▉  | 2.10G/2.64G [04:03\u003c02:12, 4.11MB/s]\n"}
,{"stream_name":"stderr","time":331.1830908,"data":"\r 79%|███████▉  | 2.10G/2.64G [04:03\u003c02:12, 4.11MB/s]\r 79%|███████▉  | 2.10G/2.64G [04:03\u003c02:08, 4.24MB/s]\n"}
,{"stream_name":"stderr","time":331.321754073,"data":"\r 79%|███████▉  | 2.10G/2.64G [04:03\u003c02:08, 4.24MB/s]\r 79%|███████▉  | 2.10G/2.64G [04:03\u003c02:05, 4.32MB/s]\n"}
,{"stream_name":"stderr","time":331.459195354,"data":"\r 79%|███████▉  | 2.10G/2.64G [04:03\u003c02:05, 4.32MB/s]\r 79%|███████▉  | 2.10G/2.64G [04:03\u003c02:03, 4.39MB/s]\n"}
,{"stream_name":"stderr","time":331.596959132,"data":"\r 79%|███████▉  | 2.10G/2.64G [04:03\u003c02:03, 4.39MB/s]\r 79%|███████▉  | 2.10G/2.64G [04:04\u003c02:06, 4.28MB/s]\n"}
,{"stream_name":"stderr","time":331.735507029,"data":"\r 79%|███████▉  | 2.10G/2.64G [04:04\u003c02:06, 4.28MB/s]\r 80%|███████▉  | 2.10G/2.64G [04:04\u003c02:15, 3.98MB/s]\n"}
,{"stream_name":"stderr","time":331.871381062,"data":"\r 80%|███████▉  | 2.10G/2.64G [04:04\u003c02:15, 3.98MB/s]\r 80%|███████▉  | 2.10G/2.64G [04:04\u003c02:24, 3.73MB/s]\n"}
,{"stream_name":"stderr","time":332.01044537,"data":"\r 80%|███████▉  | 2.10G/2.64G [04:04\u003c02:24, 3.73MB/s]\r 80%|███████▉  | 2.10G/2.64G [04:04\u003c02:29, 3.60MB/s]\n"}
,{"stream_name":"stderr","time":332.148314041,"data":"\r 80%|███████▉  | 2.10G/2.64G [04:04\u003c02:29, 3.60MB/s]\r 80%|███████▉  | 2.10G/2.64G [04:04\u003c02:30, 3.59MB/s]\n"}
,{"stream_name":"stderr","time":332.285517925,"data":"\r 80%|███████▉  | 2.10G/2.64G [04:04\u003c02:30, 3.59MB/s]\r 80%|███████▉  | 2.10G/2.64G [04:04\u003c02:30, 3.59MB/s]\n"}
,{"stream_name":"stderr","time":332.42372642,"data":"\r 80%|███████▉  | 2.10G/2.64G [04:04\u003c02:30, 3.59MB/s]\r 80%|███████▉  | 2.10G/2.64G [04:04\u003c02:27, 3.65MB/s]\n"}
,{"stream_name":"stderr","time":332.561024999,"data":"\r 80%|███████▉  | 2.10G/2.64G [04:04\u003c02:27, 3.65MB/s]\r 80%|███████▉  | 2.10G/2.64G [04:04\u003c02:28, 3.63MB/s]\n"}
,{"stream_name":"stderr","time":332.698739506,"data":"\r 80%|███████▉  | 2.10G/2.64G [04:04\u003c02:28, 3.63MB/s]\r 80%|███████▉  | 2.10G/2.64G [04:05\u003c02:25, 3.68MB/s]\n"}
,{"stream_name":"stderr","time":332.837038006,"data":"\r 80%|███████▉  | 2.10G/2.64G [04:05\u003c02:25, 3.68MB/s]\r 80%|███████▉  | 2.10G/2.64G [04:05\u003c02:21, 3.79MB/s]\n"}
,{"stream_name":"stderr","time":332.973795166,"data":"\r 80%|███████▉  | 2.10G/2.64G [04:05\u003c02:21, 3.79MB/s]\r 80%|███████▉  | 2.10G/2.64G [04:05\u003c02:21, 3.80MB/s]\n"}
,{"stream_name":"stderr","time":333.111539754,"data":"\r 80%|███████▉  | 2.10G/2.64G [04:05\u003c02:21, 3.80MB/s]\r 80%|███████▉  | 2.10G/2.64G [04:05\u003c02:18, 3.87MB/s]\n"}
,{"stream_name":"stderr","time":333.249108067,"data":"\r 80%|███████▉  | 2.10G/2.64G [04:05\u003c02:18, 3.87MB/s]\r 80%|███████▉  | 2.10G/2.64G [04:05\u003c02:16, 3.93MB/s]\n"}
,{"stream_name":"stderr","time":333.386816961,"data":"\r 80%|███████▉  | 2.10G/2.64G [04:05\u003c02:16, 3.93MB/s]\r 80%|███████▉  | 2.11G/2.64G [04:05\u003c02:15, 3.96MB/s]\n"}
,{"stream_name":"stderr","time":333.525536854,"data":"\r 80%|███████▉  | 2.11G/2.64G [04:05\u003c02:15, 3.96MB/s]\r 80%|███████▉  | 2.11G/2.64G [04:05\u003c02:11, 4.05MB/s]\n"}
,{"stream_name":"stderr","time":333.662118123,"data":"\r 80%|███████▉  | 2.11G/2.64G [04:05\u003c02:11, 4.05MB/s]\r 80%|███████▉  | 2.11G/2.64G [04:06\u003c02:11, 4.06MB/s]\n"}
,{"stream_name":"stderr","time":333.800899873,"data":"\r 80%|███████▉  | 2.11G/2.64G [04:06\u003c02:11, 4.06MB/s]\r 80%|███████▉  | 2.11G/2.64G [04:06\u003c02:09, 4.12MB/s]\n"}
,{"stream_name":"stderr","time":333.939427475,"data":"\r 80%|███████▉  | 2.11G/2.64G [04:06\u003c02:09, 4.12MB/s]\r 80%|███████▉  | 2.11G/2.64G [04:06\u003c02:08, 4.16MB/s]\n"}
,{"stream_name":"stderr","time":334.076483888,"data":"\r 80%|███████▉  | 2.11G/2.64G [04:06\u003c02:08, 4.16MB/s]\r 80%|███████▉  | 2.11G/2.64G [04:06\u003c02:06, 4.20MB/s]\n"}
,{"stream_name":"stderr","time":334.212674786,"data":"\r 80%|███████▉  | 2.11G/2.64G [04:06\u003c02:06, 4.20MB/s]\r 80%|███████▉  | 2.11G/2.64G [04:06\u003c02:05, 4.24MB/s]\n"}
,{"stream_name":"stderr","time":334.350023807,"data":"\r 80%|███████▉  | 2.11G/2.64G [04:06\u003c02:05, 4.24MB/s]\r 80%|███████▉  | 2.11G/2.64G [04:06\u003c02:04, 4.26MB/s]\n"}
,{"stream_name":"stderr","time":334.487700589,"data":"\r 80%|███████▉  | 2.11G/2.64G [04:06\u003c02:04, 4.26MB/s]\r 80%|███████▉  | 2.11G/2.64G [04:06\u003c02:04, 4.27MB/s]\n"}
,{"stream_name":"stderr","time":334.625477327,"data":"\r 80%|███████▉  | 2.11G/2.64G [04:06\u003c02:04, 4.27MB/s]\r 80%|███████▉  | 2.11G/2.64G [04:07\u003c02:04, 4.27MB/s]\n"}
,{"stream_name":"stderr","time":334.762817868,"data":"\r 80%|███████▉  | 2.11G/2.64G [04:07\u003c02:04, 4.27MB/s]\r 80%|███████▉  | 2.11G/2.64G [04:07\u003c02:01, 4.35MB/s]\n"}
,{"stream_name":"stderr","time":334.90047894,"data":"\r 80%|███████▉  | 2.11G/2.64G [04:07\u003c02:01, 4.35MB/s]\r 80%|███████▉  | 2.11G/2.64G [04:07\u003c02:02, 4.33MB/s]\n"}
,{"stream_name":"stderr","time":335.038289043,"data":"\r 80%|███████▉  | 2.11G/2.64G [04:07\u003c02:02, 4.33MB/s]\r 80%|████████  | 2.11G/2.64G [04:07\u003c02:02, 4.32MB/s]\n"}
,{"stream_name":"stderr","time":335.176219803,"data":"\r 80%|████████  | 2.11G/2.64G [04:07\u003c02:02, 4.32MB/s]\r 80%|████████  | 2.11G/2.64G [04:07\u003c02:00, 4.38MB/s]\n"}
,{"stream_name":"stderr","time":335.313225102,"data":"\r 80%|████████  | 2.11G/2.64G [04:07\u003c02:00, 4.38MB/s]\r 80%|████████  | 2.11G/2.64G [04:07\u003c02:00, 4.35MB/s]\n"}
,{"stream_name":"stderr","time":335.450777775,"data":"\r 80%|████████  | 2.11G/2.64G [04:07\u003c02:00, 4.35MB/s]\r 80%|████████  | 2.11G/2.64G [04:07\u003c02:01, 4.33MB/s]\n"}
,{"stream_name":"stderr","time":335.589799063,"data":"\r 80%|████████  | 2.11G/2.64G [04:07\u003c02:01, 4.33MB/s]\r 80%|████████  | 2.12G/2.64G [04:08\u003c01:59, 4.38MB/s]\n"}
,{"stream_name":"stderr","time":335.726233251,"data":"\r 80%|████████  | 2.12G/2.64G [04:08\u003c01:59, 4.38MB/s]\r 80%|████████  | 2.12G/2.64G [04:08\u003c02:00, 4.36MB/s]\n"}
,{"stream_name":"stderr","time":335.8634681,"data":"\r 80%|████████  | 2.12G/2.64G [04:08\u003c02:00, 4.36MB/s]\r 80%|████████  | 2.12G/2.64G [04:08\u003c02:00, 4.34MB/s]\n"}
,{"stream_name":"stderr","time":336.002532888,"data":"\r 80%|████████  | 2.12G/2.64G [04:08\u003c02:00, 4.34MB/s]\r 80%|████████  | 2.12G/2.64G [04:08\u003c01:59, 4.38MB/s]\n"}
,{"stream_name":"stderr","time":336.13931243,"data":"\r 80%|████████  | 2.12G/2.64G [04:08\u003c01:59, 4.38MB/s]\r 80%|████████  | 2.12G/2.64G [04:08\u003c01:59, 4.36MB/s]\n"}
,{"stream_name":"stderr","time":336.276000048,"data":"\r 80%|████████  | 2.12G/2.64G [04:08\u003c01:59, 4.36MB/s]\r 80%|████████  | 2.12G/2.64G [04:08\u003c02:00, 4.35MB/s]\n"}
,{"stream_name":"stderr","time":336.414328808,"data":"\r 80%|████████  | 2.12G/2.64G [04:08\u003c02:00, 4.35MB/s]\r 80%|████████  | 2.12G/2.64G [04:08\u003c02:00, 4.33MB/s]\n"}
,{"stream_name":"stderr","time":336.552184651,"data":"\r 80%|████████  | 2.12G/2.64G [04:08\u003c02:00, 4.33MB/s]\r 80%|████████  | 2.12G/2.64G [04:08\u003c01:58, 4.38MB/s]\n"}
,{"stream_name":"stderr","time":336.688603045,"data":"\r 80%|████████  | 2.12G/2.64G [04:08\u003c01:58, 4.38MB/s]\r 80%|████████  | 2.12G/2.64G [04:09\u003c01:59, 4.36MB/s]\n"}
,{"stream_name":"stderr","time":336.826638628,"data":"\r 80%|████████  | 2.12G/2.64G [04:09\u003c01:59, 4.36MB/s]\r 80%|████████  | 2.12G/2.64G [04:09\u003c01:59, 4.34MB/s]\n"}
,{"stream_name":"stderr","time":336.965256664,"data":"\r 80%|████████  | 2.12G/2.64G [04:09\u003c01:59, 4.34MB/s]\r 80%|████████  | 2.12G/2.64G [04:09\u003c01:58, 4.38MB/s]\n"}
,{"stream_name":"stderr","time":337.103130559,"data":"\r 80%|████████  | 2.12G/2.64G [04:09\u003c01:58, 4.38MB/s]\r 80%|████████  | 2.12G/2.64G [04:09\u003c01:59, 4.35MB/s]\n"}
,{"stream_name":"stderr","time":337.239576272,"data":"\r 80%|████████  | 2.12G/2.64G [04:09\u003c01:59, 4.35MB/s]\r 80%|████████  | 2.12G/2.64G [04:09\u003c01:59, 4.34MB/s]\n"}
,{"stream_name":"stderr","time":337.376786255,"data":"\r 80%|████████  | 2.12G/2.64G [04:09\u003c01:59, 4.34MB/s]\r 80%|████████  | 2.12G/2.64G [04:09\u003c01:59, 4.33MB/s]\n"}
,{"stream_name":"stderr","time":337.515387669,"data":"\r 80%|████████  | 2.12G/2.64G [04:09\u003c01:59, 4.33MB/s]\r 80%|████████  | 2.12G/2.64G [04:09\u003c01:58, 4.38MB/s]\n"}
,{"stream_name":"stderr","time":337.654196858,"data":"\r 80%|████████  | 2.12G/2.64G [04:09\u003c01:58, 4.38MB/s]\r 80%|████████  | 2.12G/2.64G [04:10\u003c02:07, 4.05MB/s]\n"}
,{"stream_name":"stderr","time":337.791529778,"data":"\r 80%|████████  | 2.12G/2.64G [04:10\u003c02:07, 4.05MB/s]\r 80%|████████  | 2.12G/2.64G [04:10\u003c02:16, 3.77MB/s]\n"}
,{"stream_name":"stderr","time":337.929200096,"data":"\r 80%|████████  | 2.12G/2.64G [04:10\u003c02:16, 3.77MB/s]\r 80%|████████  | 2.12G/2.64G [04:10\u003c02:24, 3.57MB/s]\n"}
,{"stream_name":"stderr","time":338.067308366,"data":"\r 80%|████████  | 2.12G/2.64G [04:10\u003c02:24, 3.57MB/s]\r 80%|████████  | 2.13G/2.64G [04:10\u003c02:27, 3.50MB/s]\n"}
,{"stream_name":"stderr","time":338.204426517,"data":"\r 80%|████████  | 2.13G/2.64G [04:10\u003c02:27, 3.50MB/s]\r 81%|████████  | 2.13G/2.64G [04:10\u003c02:29, 3.45MB/s]\n"}
,{"stream_name":"stderr","time":338.341938438,"data":"\r 81%|████████  | 2.13G/2.64G [04:10\u003c02:29, 3.45MB/s]\r 81%|████████  | 2.13G/2.64G [04:10\u003c02:27, 3.49MB/s]\n"}
,{"stream_name":"stderr","time":338.479564979,"data":"\r 81%|████████  | 2.13G/2.64G [04:10\u003c02:27, 3.49MB/s]\r 81%|████████  | 2.13G/2.64G [04:10\u003c02:26, 3.51MB/s]\n"}
,{"stream_name":"stderr","time":338.617307779,"data":"\r 81%|████████  | 2.13G/2.64G [04:10\u003c02:26, 3.51MB/s]\r 81%|████████  | 2.13G/2.64G [04:11\u003c02:22, 3.60MB/s]\n"}
,{"stream_name":"stderr","time":338.754934855,"data":"\r 81%|████████  | 2.13G/2.64G [04:11\u003c02:22, 3.60MB/s]\r 81%|████████  | 2.13G/2.64G [04:11\u003c02:19, 3.66MB/s]\n"}
,{"stream_name":"stderr","time":338.892767024,"data":"\r 81%|████████  | 2.13G/2.64G [04:11\u003c02:19, 3.66MB/s]\r 81%|████████  | 2.13G/2.64G [04:11\u003c02:18, 3.71MB/s]\n"}
,{"stream_name":"stderr","time":339.030456551,"data":"\r 81%|████████  | 2.13G/2.64G [04:11\u003c02:18, 3.71MB/s]\r 81%|████████  | 2.13G/2.64G [04:11\u003c02:14, 3.81MB/s]\n"}
,{"stream_name":"stderr","time":339.170005427,"data":"\r 81%|████████  | 2.13G/2.64G [04:11\u003c02:14, 3.81MB/s]\r 81%|████████  | 2.13G/2.64G [04:11\u003c02:20, 3.65MB/s]\n"}
,{"stream_name":"stderr","time":339.30772796,"data":"\r 81%|████████  | 2.13G/2.64G [04:11\u003c02:20, 3.65MB/s]\r 81%|████████  | 2.13G/2.64G [04:11\u003c02:29, 3.41MB/s]\n"}
,{"stream_name":"stderr","time":339.443556862,"data":"\r 81%|████████  | 2.13G/2.64G [04:11\u003c02:29, 3.41MB/s]\r 81%|████████  | 2.13G/2.64G [04:11\u003c02:36, 3.26MB/s]\n"}
,{"stream_name":"stderr","time":339.582099066,"data":"\r 81%|████████  | 2.13G/2.64G [04:11\u003c02:36, 3.26MB/s]\r 81%|████████  | 2.13G/2.64G [04:12\u003c02:39, 3.20MB/s]\n"}
,{"stream_name":"stderr","time":339.72143932,"data":"\r 81%|████████  | 2.13G/2.64G [04:12\u003c02:39, 3.20MB/s]\r 81%|████████  | 2.13G/2.64G [04:12\u003c02:53, 2.95MB/s]\n"}
,{"stream_name":"stderr","time":339.857205525,"data":"\r 81%|████████  | 2.13G/2.64G [04:12\u003c02:53, 2.95MB/s]\r 81%|████████  | 2.13G/2.64G [04:12\u003c02:58, 2.86MB/s]\n"}
,{"stream_name":"stderr","time":339.99632792,"data":"\r 81%|████████  | 2.13G/2.64G [04:12\u003c02:58, 2.86MB/s]\r 81%|████████  | 2.13G/2.64G [04:12\u003c03:07, 2.71MB/s]\n"}
,{"stream_name":"stderr","time":340.132248974,"data":"\r 81%|████████  | 2.13G/2.64G [04:12\u003c03:07, 2.71MB/s]\r 81%|████████  | 2.13G/2.64G [04:12\u003c03:19, 2.55MB/s]\n"}
,{"stream_name":"stderr","time":340.27090757,"data":"\r 81%|████████  | 2.13G/2.64G [04:12\u003c03:19, 2.55MB/s]\r 81%|████████  | 2.13G/2.64G [04:12\u003c03:23, 2.49MB/s]\n"}
,{"stream_name":"stderr","time":340.408832001,"data":"\r 81%|████████  | 2.13G/2.64G [04:12\u003c03:23, 2.49MB/s]\r 81%|████████  | 2.13G/2.64G [04:12\u003c03:26, 2.46MB/s]\n"}
,{"stream_name":"stderr","time":340.547703152,"data":"\r 81%|████████  | 2.13G/2.64G [04:12\u003c03:26, 2.46MB/s]\r 81%|████████  | 2.13G/2.64G [04:12\u003c03:42, 2.28MB/s]\n"}
,{"stream_name":"stderr","time":340.686125651,"data":"\r 81%|████████  | 2.13G/2.64G [04:12\u003c03:42, 2.28MB/s]\r 81%|████████  | 2.13G/2.64G [04:13\u003c04:01, 2.10MB/s]\n"}
,{"stream_name":"stderr","time":340.823088774,"data":"\r 81%|████████  | 2.13G/2.64G [04:13\u003c04:01, 2.10MB/s]\r 81%|████████  | 2.13G/2.64G [04:13\u003c04:17, 1.97MB/s]\n"}
,{"stream_name":"stderr","time":340.961317305,"data":"\r 81%|████████  | 2.13G/2.64G [04:13\u003c04:17, 1.97MB/s]\r 81%|████████  | 2.13G/2.64G [04:13\u003c04:20, 1.95MB/s]\n"}
,{"stream_name":"stderr","time":341.101223682,"data":"\r 81%|████████  | 2.13G/2.64G [04:13\u003c04:20, 1.95MB/s]\r 81%|████████  | 2.13G/2.64G [04:13\u003c04:23, 1.93MB/s]\n"}
,{"stream_name":"stderr","time":341.238948407,"data":"\r 81%|████████  | 2.13G/2.64G [04:13\u003c04:23, 1.93MB/s]\r 81%|████████  | 2.13G/2.64G [04:13\u003c04:23, 1.92MB/s]\n"}
,{"stream_name":"stderr","time":341.377011475,"data":"\r 81%|████████  | 2.13G/2.64G [04:13\u003c04:23, 1.92MB/s]\r 81%|████████  | 2.13G/2.64G [04:13\u003c04:24, 1.91MB/s]\n"}
,{"stream_name":"stderr","time":341.511813784,"data":"\r 81%|████████  | 2.13G/2.64G [04:13\u003c04:24, 1.91MB/s]\r 81%|████████  | 2.13G/2.64G [04:13\u003c04:23, 1.92MB/s]\n"}
,{"stream_name":"stderr","time":341.649310301,"data":"\r 81%|████████  | 2.13G/2.64G [04:13\u003c04:23, 1.92MB/s]\r 81%|████████  | 2.13G/2.64G [04:14\u003c04:23, 1.92MB/s]\n"}
,{"stream_name":"stderr","time":341.787081326,"data":"\r 81%|████████  | 2.13G/2.64G [04:14\u003c04:23, 1.92MB/s]\r 81%|████████  | 2.13G/2.64G [04:14\u003c04:24, 1.91MB/s]\n"}
,{"stream_name":"stderr","time":341.925121745,"data":"\r 81%|████████  | 2.13G/2.64G [04:14\u003c04:24, 1.91MB/s]\r 81%|████████  | 2.14G/2.64G [04:14\u003c04:15, 1.98MB/s]\n"}
,{"stream_name":"stderr","time":342.063225938,"data":"\r 81%|████████  | 2.14G/2.64G [04:14\u003c04:15, 1.98MB/s]\r 81%|████████  | 2.14G/2.64G [04:14\u003c04:18, 1.96MB/s]\n"}
,{"stream_name":"stderr","time":342.20209513,"data":"\r 81%|████████  | 2.14G/2.64G [04:14\u003c04:18, 1.96MB/s]\r 81%|████████  | 2.14G/2.64G [04:14\u003c04:41, 1.79MB/s]\n"}
,{"stream_name":"stderr","time":342.340469252,"data":"\r 81%|████████  | 2.14G/2.64G [04:14\u003c04:41, 1.79MB/s]\r 81%|████████  | 2.14G/2.64G [04:14\u003c04:59, 1.68MB/s]\n"}
,{"stream_name":"stderr","time":342.478173099,"data":"\r 81%|████████  | 2.14G/2.64G [04:14\u003c04:59, 1.68MB/s]\r 81%|████████  | 2.14G/2.64G [04:14\u003c05:14, 1.61MB/s]\n"}
,{"stream_name":"stderr","time":342.615557262,"data":"\r 81%|████████  | 2.14G/2.64G [04:14\u003c05:14, 1.61MB/s]\r 81%|████████  | 2.14G/2.64G [04:15\u003c05:40, 1.48MB/s]\n"}
,{"stream_name":"stderr","time":342.753365888,"data":"\r 81%|████████  | 2.14G/2.64G [04:15\u003c05:40, 1.48MB/s]\r 81%|████████  | 2.14G/2.64G [04:15\u003c05:28, 1.54MB/s]\n"}
,{"stream_name":"stderr","time":342.891353699,"data":"\r 81%|████████  | 2.14G/2.64G [04:15\u003c05:28, 1.54MB/s]\r 81%|████████  | 2.14G/2.64G [04:15\u003c05:35, 1.50MB/s]\n"}
,{"stream_name":"stderr","time":343.029563626,"data":"\r 81%|████████  | 2.14G/2.64G [04:15\u003c05:35, 1.50MB/s]\r 81%|████████  | 2.14G/2.64G [04:15\u003c05:24, 1.55MB/s]\n"}
,{"stream_name":"stderr","time":343.167050661,"data":"\r 81%|████████  | 2.14G/2.64G [04:15\u003c05:24, 1.55MB/s]\r 81%|████████  | 2.14G/2.64G [04:15\u003c05:32, 1.51MB/s]\n"}
,{"stream_name":"stderr","time":343.305239638,"data":"\r 81%|████████  | 2.14G/2.64G [04:15\u003c05:32, 1.51MB/s]\r 81%|████████  | 2.14G/2.64G [04:15\u003c05:22, 1.56MB/s]\n"}
,{"stream_name":"stderr","time":343.443581695,"data":"\r 81%|████████  | 2.14G/2.64G [04:15\u003c05:22, 1.56MB/s]\r 81%|████████  | 2.14G/2.64G [04:15\u003c05:16, 1.59MB/s]\n"}
,{"stream_name":"stderr","time":343.580140447,"data":"\r 81%|████████  | 2.14G/2.64G [04:15\u003c05:16, 1.59MB/s]\r 81%|████████  | 2.14G/2.64G [04:16\u003c05:25, 1.54MB/s]\n"}
,{"stream_name":"stderr","time":343.718152293,"data":"\r 81%|████████  | 2.14G/2.64G [04:16\u003c05:25, 1.54MB/s]\r 81%|████████  | 2.14G/2.64G [04:16\u003c05:17, 1.58MB/s]\n"}
,{"stream_name":"stderr","time":343.855752698,"data":"\r 81%|████████  | 2.14G/2.64G [04:16\u003c05:17, 1.58MB/s]\r 81%|████████  | 2.14G/2.64G [04:16\u003c05:12, 1.61MB/s]\n"}
,{"stream_name":"stderr","time":343.993327501,"data":"\r 81%|████████  | 2.14G/2.64G [04:16\u003c05:12, 1.61MB/s]\r 81%|████████  | 2.14G/2.64G [04:16\u003c05:09, 1.62MB/s]\n"}
,{"stream_name":"stderr","time":344.131818841,"data":"\r 81%|████████  | 2.14G/2.64G [04:16\u003c05:09, 1.62MB/s]\r 81%|████████  | 2.14G/2.64G [04:16\u003c05:07, 1.63MB/s]\n"}
,{"stream_name":"stderr","time":344.270255793,"data":"\r 81%|████████  | 2.14G/2.64G [04:16\u003c05:07, 1.63MB/s]\r 81%|████████  | 2.14G/2.64G [04:16\u003c05:05, 1.64MB/s]\n"}
,{"stream_name":"stderr","time":344.453325419,"data":"\r 81%|████████  | 2.14G/2.64G [04:16\u003c05:05, 1.64MB/s]\r 81%|████████  | 2.14G/2.64G [04:16\u003c05:49, 1.44MB/s]\n"}
,{"stream_name":"stderr","time":344.592130615,"data":"\r 81%|████████  | 2.14G/2.64G [04:16\u003c05:49, 1.44MB/s]\r 81%|████████  | 2.14G/2.64G [04:17\u003c05:34, 1.50MB/s]\n"}
,{"stream_name":"stderr","time":344.727566031,"data":"\r 81%|████████  | 2.14G/2.64G [04:17\u003c05:34, 1.50MB/s]\r 81%|████████  | 2.14G/2.64G [04:17\u003c05:53, 1.42MB/s]\n"}
,{"stream_name":"stderr","time":344.864407878,"data":"\r 81%|████████  | 2.14G/2.64G [04:17\u003c05:53, 1.42MB/s]\r 81%|████████  | 2.14G/2.64G [04:17\u003c06:10, 1.35MB/s]\n"}
,{"stream_name":"stderr","time":345.003422733,"data":"\r 81%|████████  | 2.14G/2.64G [04:17\u003c06:10, 1.35MB/s]\r 81%|████████  | 2.14G/2.64G [04:17\u003c06:05, 1.37MB/s]\n"}
,{"stream_name":"stderr","time":345.141040979,"data":"\r 81%|████████  | 2.14G/2.64G [04:17\u003c06:05, 1.37MB/s]\r 81%|████████  | 2.14G/2.64G [04:17\u003c06:00, 1.39MB/s]\n"}
,{"stream_name":"stderr","time":345.278570612,"data":"\r 81%|████████  | 2.14G/2.64G [04:17\u003c06:00, 1.39MB/s]\r 81%|████████  | 2.14G/2.64G [04:17\u003c05:57, 1.40MB/s]\n"}
,{"stream_name":"stderr","time":345.416154607,"data":"\r 81%|████████  | 2.14G/2.64G [04:17\u003c05:57, 1.40MB/s]\r 81%|████████  | 2.14G/2.64G [04:17\u003c05:55, 1.41MB/s]\n"}
,{"stream_name":"stderr","time":345.55448308,"data":"\r 81%|████████  | 2.14G/2.64G [04:17\u003c05:55, 1.41MB/s]\r 81%|████████  | 2.14G/2.64G [04:17\u003c05:53, 1.41MB/s]\n"}
,{"stream_name":"stderr","time":345.692878161,"data":"\r 81%|████████  | 2.14G/2.64G [04:17\u003c05:53, 1.41MB/s]\r 81%|████████  | 2.14G/2.64G [04:18\u003c05:52, 1.42MB/s]\n"}
,{"stream_name":"stderr","time":345.83056552,"data":"\r 81%|████████  | 2.14G/2.64G [04:18\u003c05:52, 1.42MB/s]\r 81%|████████  | 2.14G/2.64G [04:18\u003c05:34, 1.49MB/s]\n"}
,{"stream_name":"stderr","time":345.968318546,"data":"\r 81%|████████  | 2.14G/2.64G [04:18\u003c05:34, 1.49MB/s]\r 81%|████████  | 2.14G/2.64G [04:18\u003c05:39, 1.47MB/s]\n"}
,{"stream_name":"stderr","time":346.106290689,"data":"\r 81%|████████  | 2.14G/2.64G [04:18\u003c05:39, 1.47MB/s]\r 81%|████████  | 2.14G/2.64G [04:18\u003c05:26, 1.53MB/s]\n"}
,{"stream_name":"stderr","time":346.243539263,"data":"\r 81%|████████  | 2.14G/2.64G [04:18\u003c05:26, 1.53MB/s]\r 81%|████████  | 2.14G/2.64G [04:18\u003c05:17, 1.57MB/s]\n"}
,{"stream_name":"stderr","time":346.38176232,"data":"\r 81%|████████  | 2.14G/2.64G [04:18\u003c05:17, 1.57MB/s]\r 81%|████████  | 2.14G/2.64G [04:18\u003c05:26, 1.53MB/s]\n"}
,{"stream_name":"stderr","time":346.519433156,"data":"\r 81%|████████  | 2.14G/2.64G [04:18\u003c05:26, 1.53MB/s]\r 81%|████████  | 2.14G/2.64G [04:18\u003c05:17, 1.57MB/s]\n"}
,{"stream_name":"stderr","time":346.656675107,"data":"\r 81%|████████  | 2.14G/2.64G [04:18\u003c05:17, 1.57MB/s]\r 81%|████████  | 2.14G/2.64G [04:19\u003c05:11, 1.60MB/s]\n"}
,{"stream_name":"stderr","time":346.794171758,"data":"\r 81%|████████  | 2.14G/2.64G [04:19\u003c05:11, 1.60MB/s]\r 81%|████████  | 2.14G/2.64G [04:19\u003c05:07, 1.62MB/s]\n"}
,{"stream_name":"stderr","time":346.931785605,"data":"\r 81%|████████  | 2.14G/2.64G [04:19\u003c05:07, 1.62MB/s]\r 81%|████████  | 2.14G/2.64G [04:19\u003c05:04, 1.63MB/s]\n"}
,{"stream_name":"stderr","time":347.06989092,"data":"\r 81%|████████  | 2.14G/2.64G [04:19\u003c05:04, 1.63MB/s]\r 81%|████████  | 2.14G/2.64G [04:19\u003c05:02, 1.64MB/s]\n"}
,{"stream_name":"stderr","time":347.20784396,"data":"\r 81%|████████  | 2.14G/2.64G [04:19\u003c05:02, 1.64MB/s]\r 81%|████████  | 2.14G/2.64G [04:19\u003c05:15, 1.58MB/s]\n"}
,{"stream_name":"stderr","time":347.345210717,"data":"\r 81%|████████  | 2.14G/2.64G [04:19\u003c05:15, 1.58MB/s]\r 81%|████████  | 2.14G/2.64G [04:19\u003c05:09, 1.60MB/s]\n"}
,{"stream_name":"stderr","time":347.483345482,"data":"\r 81%|████████  | 2.14G/2.64G [04:19\u003c05:09, 1.60MB/s]\r 81%|████████  | 2.14G/2.64G [04:19\u003c05:06, 1.62MB/s]\n"}
,{"stream_name":"stderr","time":347.620754994,"data":"\r 81%|████████  | 2.14G/2.64G [04:19\u003c05:06, 1.62MB/s]\r 81%|████████  | 2.14G/2.64G [04:20\u003c05:03, 1.64MB/s]\n"}
,{"stream_name":"stderr","time":347.758532727,"data":"\r 81%|████████  | 2.14G/2.64G [04:20\u003c05:03, 1.64MB/s]\r 81%|████████  | 2.14G/2.64G [04:20\u003c05:01, 1.64MB/s]\n"}
,{"stream_name":"stderr","time":347.896338624,"data":"\r 81%|████████  | 2.14G/2.64G [04:20\u003c05:01, 1.64MB/s]\r 81%|████████  | 2.14G/2.64G [04:20\u003c05:00, 1.65MB/s]\n"}
,{"stream_name":"stderr","time":348.034064893,"data":"\r 81%|████████  | 2.14G/2.64G [04:20\u003c05:00, 1.65MB/s]\r 81%|████████  | 2.14G/2.64G [04:20\u003c04:59, 1.65MB/s]\n"}
,{"stream_name":"stderr","time":348.172545865,"data":"\r 81%|████████  | 2.14G/2.64G [04:20\u003c04:59, 1.65MB/s]\r 81%|████████  | 2.14G/2.64G [04:20\u003c04:59, 1.66MB/s]\n"}
,{"stream_name":"stderr","time":348.311492566,"data":"\r 81%|████████  | 2.14G/2.64G [04:20\u003c04:59, 1.66MB/s]\r 81%|████████  | 2.15G/2.64G [04:20\u003c04:59, 1.65MB/s]\n"}
,{"stream_name":"stderr","time":348.448146417,"data":"\r 81%|████████  | 2.15G/2.64G [04:20\u003c04:59, 1.65MB/s]\r 81%|████████  | 2.15G/2.64G [04:20\u003c05:11, 1.59MB/s]\n"}
,{"stream_name":"stderr","time":348.586586135,"data":"\r 81%|████████  | 2.15G/2.64G [04:20\u003c05:11, 1.59MB/s]\r 81%|████████▏ | 2.15G/2.64G [04:21\u003c05:07, 1.61MB/s]\n"}
,{"stream_name":"stderr","time":348.723963187,"data":"\r 81%|████████▏ | 2.15G/2.64G [04:21\u003c05:07, 1.61MB/s]\r 81%|████████▏ | 2.15G/2.64G [04:21\u003c05:03, 1.63MB/s]\n"}
,{"stream_name":"stderr","time":348.86110133,"data":"\r 81%|████████▏ | 2.15G/2.64G [04:21\u003c05:03, 1.63MB/s]\r 81%|████████▏ | 2.15G/2.64G [04:21\u003c05:01, 1.64MB/s]\n"}
,{"stream_name":"stderr","time":348.998379144,"data":"\r 81%|████████▏ | 2.15G/2.64G [04:21\u003c05:01, 1.64MB/s]\r 81%|████████▏ | 2.15G/2.64G [04:21\u003c04:59, 1.65MB/s]\n"}
,{"stream_name":"stderr","time":349.13771707,"data":"\r 81%|████████▏ | 2.15G/2.64G [04:21\u003c04:59, 1.65MB/s]\r 81%|████████▏ | 2.15G/2.64G [04:21\u003c04:59, 1.65MB/s]\n"}
,{"stream_name":"stderr","time":349.2746728,"data":"\r 81%|████████▏ | 2.15G/2.64G [04:21\u003c04:59, 1.65MB/s]\r 81%|████████▏ | 2.15G/2.64G [04:21\u003c04:58, 1.66MB/s]\n"}
,{"stream_name":"stderr","time":349.412004179,"data":"\r 81%|████████▏ | 2.15G/2.64G [04:21\u003c04:58, 1.66MB/s]\r 81%|████████▏ | 2.15G/2.64G [04:21\u003c04:57, 1.66MB/s]\n"}
,{"stream_name":"stderr","time":349.549190213,"data":"\r 81%|████████▏ | 2.15G/2.64G [04:21\u003c04:57, 1.66MB/s]\r 81%|████████▏ | 2.15G/2.64G [04:21\u003c04:56, 1.66MB/s]\n"}
,{"stream_name":"stderr","time":349.686580655,"data":"\r 81%|████████▏ | 2.15G/2.64G [04:21\u003c04:56, 1.66MB/s]\r 81%|████████▏ | 2.15G/2.64G [04:22\u003c04:56, 1.67MB/s]\n"}
,{"stream_name":"stderr","time":349.823938117,"data":"\r 81%|████████▏ | 2.15G/2.64G [04:22\u003c04:56, 1.67MB/s]\r 81%|████████▏ | 2.15G/2.64G [04:22\u003c04:55, 1.67MB/s]\n"}
,{"stream_name":"stderr","time":349.961896975,"data":"\r 81%|████████▏ | 2.15G/2.64G [04:22\u003c04:55, 1.67MB/s]\r 81%|████████▏ | 2.15G/2.64G [04:22\u003c04:55, 1.67MB/s]\n"}
,{"stream_name":"stderr","time":350.099966553,"data":"\r 81%|████████▏ | 2.15G/2.64G [04:22\u003c04:55, 1.67MB/s]\r 81%|████████▏ | 2.15G/2.64G [04:22\u003c04:43, 1.74MB/s]\n"}
,{"stream_name":"stderr","time":350.237063855,"data":"\r 81%|████████▏ | 2.15G/2.64G [04:22\u003c04:43, 1.74MB/s]\r 81%|████████▏ | 2.15G/2.64G [04:22\u003c04:46, 1.72MB/s]\n"}
,{"stream_name":"stderr","time":350.37505742,"data":"\r 81%|████████▏ | 2.15G/2.64G [04:22\u003c04:46, 1.72MB/s]\r 81%|████████▏ | 2.15G/2.64G [04:22\u003c04:37, 1.77MB/s]\n"}
,{"stream_name":"stderr","time":350.512708668,"data":"\r 81%|████████▏ | 2.15G/2.64G [04:22\u003c04:37, 1.77MB/s]\r 81%|████████▏ | 2.15G/2.64G [04:22\u003c04:42, 1.74MB/s]\n"}
,{"stream_name":"stderr","time":350.650434567,"data":"\r 81%|████████▏ | 2.15G/2.64G [04:22\u003c04:42, 1.74MB/s]\r 81%|████████▏ | 2.15G/2.64G [04:23\u003c04:34, 1.79MB/s]\n"}
,{"stream_name":"stderr","time":350.787918054,"data":"\r 81%|████████▏ | 2.15G/2.64G [04:23\u003c04:34, 1.79MB/s]\r 81%|████████▏ | 2.15G/2.64G [04:23\u003c04:29, 1.82MB/s]\n"}
,{"stream_name":"stderr","time":350.925962819,"data":"\r 81%|████████▏ | 2.15G/2.64G [04:23\u003c04:29, 1.82MB/s]\r 81%|████████▏ | 2.15G/2.64G [04:23\u003c04:25, 1.85MB/s]\n"}
,{"stream_name":"stderr","time":351.064779403,"data":"\r 81%|████████▏ | 2.15G/2.64G [04:23\u003c04:25, 1.85MB/s]\r 81%|████████▏ | 2.15G/2.64G [04:23\u003c04:13, 1.94MB/s]\n"}
,{"stream_name":"stderr","time":351.201644389,"data":"\r 81%|████████▏ | 2.15G/2.64G [04:23\u003c04:13, 1.94MB/s]\r 81%|████████▏ | 2.15G/2.64G [04:23\u003c04:05, 2.00MB/s]\n"}
,{"stream_name":"stderr","time":351.339185708,"data":"\r 81%|████████▏ | 2.15G/2.64G [04:23\u003c04:05, 2.00MB/s]\r 81%|████████▏ | 2.15G/2.64G [04:23\u003c04:08, 1.97MB/s]\n"}
,{"stream_name":"stderr","time":351.477657165,"data":"\r 81%|████████▏ | 2.15G/2.64G [04:23\u003c04:08, 1.97MB/s]\r 81%|████████▏ | 2.15G/2.64G [04:23\u003c03:54, 2.09MB/s]\n"}
,{"stream_name":"stderr","time":351.615007209,"data":"\r 81%|████████▏ | 2.15G/2.64G [04:23\u003c03:54, 2.09MB/s]\r 81%|████████▏ | 2.15G/2.64G [04:24\u003c03:52, 2.11MB/s]\n"}
,{"stream_name":"stderr","time":351.751970193,"data":"\r 81%|████████▏ | 2.15G/2.64G [04:24\u003c03:52, 2.11MB/s]\r 81%|████████▏ | 2.15G/2.64G [04:24\u003c03:43, 2.19MB/s]\n"}
,{"stream_name":"stderr","time":351.889761921,"data":"\r 81%|████████▏ | 2.15G/2.64G [04:24\u003c03:43, 2.19MB/s]\r 81%|████████▏ | 2.15G/2.64G [04:24\u003c03:37, 2.25MB/s]\n"}
,{"stream_name":"stderr","time":352.028423313,"data":"\r 81%|████████▏ | 2.15G/2.64G [04:24\u003c03:37, 2.25MB/s]\r 82%|████████▏ | 2.15G/2.64G [04:24\u003c03:27, 2.35MB/s]\n"}
,{"stream_name":"stderr","time":352.165942896,"data":"\r 82%|████████▏ | 2.15G/2.64G [04:24\u003c03:27, 2.35MB/s]\r 82%|████████▏ | 2.15G/2.64G [04:24\u003c03:26, 2.36MB/s]\n"}
,{"stream_name":"stderr","time":352.304303661,"data":"\r 82%|████████▏ | 2.15G/2.64G [04:24\u003c03:26, 2.36MB/s]\r 82%|████████▏ | 2.15G/2.64G [04:24\u003c03:14, 2.51MB/s]\n"}
,{"stream_name":"stderr","time":352.441636491,"data":"\r 82%|████████▏ | 2.15G/2.64G [04:24\u003c03:14, 2.51MB/s]\r 82%|████████▏ | 2.15G/2.64G [04:24\u003c03:11, 2.54MB/s]\n"}
,{"stream_name":"stderr","time":352.579999685,"data":"\r 82%|████████▏ | 2.15G/2.64G [04:24\u003c03:11, 2.54MB/s]\r 82%|████████▏ | 2.15G/2.64G [04:25\u003c03:00, 2.70MB/s]\n"}
,{"stream_name":"stderr","time":352.716655031,"data":"\r 82%|████████▏ | 2.15G/2.64G [04:25\u003c03:00, 2.70MB/s]\r 82%|████████▏ | 2.15G/2.64G [04:25\u003c02:56, 2.75MB/s]\n"}
,{"stream_name":"stderr","time":352.85518633,"data":"\r 82%|████████▏ | 2.15G/2.64G [04:25\u003c02:56, 2.75MB/s]\r 82%|████████▏ | 2.15G/2.64G [04:25\u003c02:46, 2.92MB/s]\n"}
,{"stream_name":"stderr","time":352.992324074,"data":"\r 82%|████████▏ | 2.15G/2.64G [04:25\u003c02:46, 2.92MB/s]\r 82%|████████▏ | 2.15G/2.64G [04:25\u003c02:43, 2.98MB/s]\n"}
,{"stream_name":"stderr","time":353.130747249,"data":"\r 82%|████████▏ | 2.15G/2.64G [04:25\u003c02:43, 2.98MB/s]\r 82%|████████▏ | 2.16G/2.64G [04:25\u003c02:33, 3.15MB/s]\n"}
,{"stream_name":"stderr","time":353.267738163,"data":"\r 82%|████████▏ | 2.16G/2.64G [04:25\u003c02:33, 3.15MB/s]\r 82%|████████▏ | 2.16G/2.64G [04:25\u003c02:27, 3.28MB/s]\n"}
,{"stream_name":"stderr","time":353.405728844,"data":"\r 82%|████████▏ | 2.16G/2.64G [04:25\u003c02:27, 3.28MB/s]\r 82%|████████▏ | 2.16G/2.64G [04:25\u003c02:23, 3.37MB/s]\n"}
,{"stream_name":"stderr","time":353.54317312,"data":"\r 82%|████████▏ | 2.16G/2.64G [04:25\u003c02:23, 3.37MB/s]\r 82%|████████▏ | 2.16G/2.64G [04:25\u003c02:18, 3.50MB/s]\n"}
,{"stream_name":"stderr","time":353.681292698,"data":"\r 82%|████████▏ | 2.16G/2.64G [04:25\u003c02:18, 3.50MB/s]\r 82%|████████▏ | 2.16G/2.64G [04:26\u003c02:11, 3.66MB/s]\n"}
,{"stream_name":"stderr","time":353.818891199,"data":"\r 82%|████████▏ | 2.16G/2.64G [04:26\u003c02:11, 3.66MB/s]\r 82%|████████▏ | 2.16G/2.64G [04:26\u003c02:05, 3.85MB/s]\n"}
,{"stream_name":"stderr","time":353.956567133,"data":"\r 82%|████████▏ | 2.16G/2.64G [04:26\u003c02:05, 3.85MB/s]\r 82%|████████▏ | 2.16G/2.64G [04:26\u003c02:01, 3.98MB/s]\n"}
,{"stream_name":"stderr","time":354.094271292,"data":"\r 82%|████████▏ | 2.16G/2.64G [04:26\u003c02:01, 3.98MB/s]\r 82%|████████▏ | 2.16G/2.64G [04:26\u003c01:54, 4.21MB/s]\n"}
,{"stream_name":"stderr","time":354.231843284,"data":"\r 82%|████████▏ | 2.16G/2.64G [04:26\u003c01:54, 4.21MB/s]\r 82%|████████▏ | 2.16G/2.64G [04:26\u003c01:49, 4.38MB/s]\n"}
,{"stream_name":"stderr","time":354.369568571,"data":"\r 82%|████████▏ | 2.16G/2.64G [04:26\u003c01:49, 4.38MB/s]\r 82%|████████▏ | 2.16G/2.64G [04:26\u003c01:45, 4.56MB/s]\n"}
,{"stream_name":"stderr","time":354.507631559,"data":"\r 82%|████████▏ | 2.16G/2.64G [04:26\u003c01:45, 4.56MB/s]\r 82%|████████▏ | 2.16G/2.64G [04:26\u003c01:40, 4.76MB/s]\n"}
,{"stream_name":"stderr","time":354.645590035,"data":"\r 82%|████████▏ | 2.16G/2.64G [04:26\u003c01:40, 4.76MB/s]\r 82%|████████▏ | 2.16G/2.64G [04:27\u003c01:36, 4.97MB/s]\n"}
,{"stream_name":"stderr","time":354.783223015,"data":"\r 82%|████████▏ | 2.16G/2.64G [04:27\u003c01:36, 4.97MB/s]\r 82%|████████▏ | 2.16G/2.64G [04:27\u003c01:33, 5.12MB/s]\n"}
,{"stream_name":"stderr","time":354.921845226,"data":"\r 82%|████████▏ | 2.16G/2.64G [04:27\u003c01:33, 5.12MB/s]\r 82%|████████▏ | 2.16G/2.64G [04:27\u003c01:28, 5.36MB/s]\n"}
,{"stream_name":"stderr","time":355.059681853,"data":"\r 82%|████████▏ | 2.16G/2.64G [04:27\u003c01:28, 5.36MB/s]\r 82%|████████▏ | 2.16G/2.64G [04:27\u003c01:24, 5.61MB/s]\n"}
,{"stream_name":"stderr","time":355.197345294,"data":"\r 82%|████████▏ | 2.16G/2.64G [04:27\u003c01:24, 5.61MB/s]\r 82%|████████▏ | 2.17G/2.64G [04:27\u003c01:21, 5.86MB/s]\n"}
,{"stream_name":"stderr","time":355.335016795,"data":"\r 82%|████████▏ | 2.17G/2.64G [04:27\u003c01:21, 5.86MB/s]\r 82%|████████▏ | 2.17G/2.64G [04:27\u003c01:17, 6.10MB/s]\n"}
,{"stream_name":"stderr","time":355.473070565,"data":"\r 82%|████████▏ | 2.17G/2.64G [04:27\u003c01:17, 6.10MB/s]\r 82%|████████▏ | 2.17G/2.64G [04:27\u003c01:13, 6.40MB/s]\n"}
,{"stream_name":"stderr","time":355.611779401,"data":"\r 82%|████████▏ | 2.17G/2.64G [04:27\u003c01:13, 6.40MB/s]\r 82%|████████▏ | 2.17G/2.64G [04:28\u003c01:10, 6.67MB/s]\n"}
,{"stream_name":"stderr","time":355.749818609,"data":"\r 82%|████████▏ | 2.17G/2.64G [04:28\u003c01:10, 6.67MB/s]\r 82%|████████▏ | 2.17G/2.64G [04:28\u003c01:07, 6.96MB/s]\n"}
,{"stream_name":"stderr","time":355.886576084,"data":"\r 82%|████████▏ | 2.17G/2.64G [04:28\u003c01:07, 6.96MB/s]\r 82%|████████▏ | 2.17G/2.64G [04:28\u003c01:04, 7.24MB/s]\n"}
,{"stream_name":"stderr","time":356.02371235,"data":"\r 82%|████████▏ | 2.17G/2.64G [04:28\u003c01:04, 7.24MB/s]\r 82%|████████▏ | 2.17G/2.64G [04:28\u003c01:01, 7.57MB/s]\n"}
,{"stream_name":"stderr","time":356.161066241,"data":"\r 82%|████████▏ | 2.17G/2.64G [04:28\u003c01:01, 7.57MB/s]\r 82%|████████▏ | 2.17G/2.64G [04:28\u003c00:59, 7.88MB/s]\n"}
,{"stream_name":"stderr","time":356.298888718,"data":"\r 82%|████████▏ | 2.17G/2.64G [04:28\u003c00:59, 7.88MB/s]\r 82%|████████▏ | 2.17G/2.64G [04:28\u003c00:56, 8.23MB/s]\n"}
,{"stream_name":"stderr","time":356.437842651,"data":"\r 82%|████████▏ | 2.17G/2.64G [04:28\u003c00:56, 8.23MB/s]\r 82%|████████▏ | 2.18G/2.64G [04:28\u003c00:59, 7.88MB/s]\n"}
,{"stream_name":"stderr","time":356.577413114,"data":"\r 82%|████████▏ | 2.18G/2.64G [04:28\u003c00:59, 7.88MB/s]\r 82%|████████▏ | 2.18G/2.64G [04:28\u003c01:03, 7.27MB/s]\n"}
,{"stream_name":"stderr","time":356.759751009,"data":"\r 82%|████████▏ | 2.18G/2.64G [04:28\u003c01:03, 7.27MB/s]\r 82%|████████▏ | 2.18G/2.64G [04:29\u003c01:15, 6.14MB/s]\n"}
,{"stream_name":"stderr","time":356.89743482,"data":"\r 82%|████████▏ | 2.18G/2.64G [04:29\u003c01:15, 6.14MB/s]\r 82%|████████▏ | 2.18G/2.64G [04:29\u003c01:20, 5.76MB/s]\n"}
,{"stream_name":"stderr","time":357.035641424,"data":"\r 82%|████████▏ | 2.18G/2.64G [04:29\u003c01:20, 5.76MB/s]\r 82%|████████▏ | 2.18G/2.64G [04:29\u003c01:23, 5.53MB/s]\n"}
,{"stream_name":"stderr","time":357.172587432,"data":"\r 82%|████████▏ | 2.18G/2.64G [04:29\u003c01:23, 5.53MB/s]\r 83%|████████▎ | 2.18G/2.64G [04:29\u003c01:25, 5.38MB/s]\n"}
,{"stream_name":"stderr","time":357.310258033,"data":"\r 83%|████████▎ | 2.18G/2.64G [04:29\u003c01:25, 5.38MB/s]\r 83%|████████▎ | 2.18G/2.64G [04:29\u003c01:27, 5.27MB/s]\n"}
,{"stream_name":"stderr","time":357.448074275,"data":"\r 83%|████████▎ | 2.18G/2.64G [04:29\u003c01:27, 5.27MB/s]\r 83%|████████▎ | 2.18G/2.64G [04:29\u003c01:27, 5.26MB/s]\n"}
,{"stream_name":"stderr","time":357.58567516,"data":"\r 83%|████████▎ | 2.18G/2.64G [04:29\u003c01:27, 5.26MB/s]\r 83%|████████▎ | 2.18G/2.64G [04:30\u003c01:27, 5.25MB/s]\n"}
,{"stream_name":"stderr","time":357.723049067,"data":"\r 83%|████████▎ | 2.18G/2.64G [04:30\u003c01:27, 5.25MB/s]\r 83%|████████▎ | 2.18G/2.64G [04:30\u003c01:27, 5.25MB/s]\n"}
,{"stream_name":"stderr","time":357.860835659,"data":"\r 83%|████████▎ | 2.18G/2.64G [04:30\u003c01:27, 5.25MB/s]\r 83%|████████▎ | 2.18G/2.64G [04:30\u003c01:27, 5.24MB/s]\n"}
,{"stream_name":"stderr","time":357.998907375,"data":"\r 83%|████████▎ | 2.18G/2.64G [04:30\u003c01:27, 5.24MB/s]\r 83%|████████▎ | 2.18G/2.64G [04:30\u003c01:27, 5.24MB/s]\n"}
,{"stream_name":"stderr","time":358.137200804,"data":"\r 83%|████████▎ | 2.18G/2.64G [04:30\u003c01:27, 5.24MB/s]\r 83%|████████▎ | 2.18G/2.64G [04:30\u003c01:26, 5.30MB/s]\n"}
,{"stream_name":"stderr","time":358.350978446,"data":"\r 83%|████████▎ | 2.18G/2.64G [04:30\u003c01:26, 5.30MB/s]\r 83%|████████▎ | 2.18G/2.64G [04:30\u003c01:25, 5.36MB/s]\n"}
,{"stream_name":"stderr","time":358.411484131,"data":"\r 83%|████████▎ | 2.18G/2.64G [04:30\u003c01:25, 5.36MB/s]\r 83%|████████▎ | 2.19G/2.64G [04:30\u003c01:24, 5.40MB/s]\n"}
,{"stream_name":"stderr","time":358.549220893,"data":"\r 83%|████████▎ | 2.19G/2.64G [04:30\u003c01:24, 5.40MB/s]\r 83%|████████▎ | 2.19G/2.64G [04:30\u003c01:23, 5.43MB/s]\n"}
,{"stream_name":"stderr","time":358.68695353,"data":"\r 83%|████████▎ | 2.19G/2.64G [04:30\u003c01:23, 5.43MB/s]\r 83%|████████▎ | 2.19G/2.64G [04:31\u003c01:23, 5.44MB/s]\n"}
,{"stream_name":"stderr","time":358.824412236,"data":"\r 83%|████████▎ | 2.19G/2.64G [04:31\u003c01:23, 5.44MB/s]\r 83%|████████▎ | 2.19G/2.64G [04:31\u003c01:23, 5.45MB/s]\n"}
,{"stream_name":"stderr","time":358.963205911,"data":"\r 83%|████████▎ | 2.19G/2.64G [04:31\u003c01:23, 5.45MB/s]\r 83%|████████▎ | 2.19G/2.64G [04:31\u003c01:21, 5.52MB/s]\n"}
,{"stream_name":"stderr","time":359.101653261,"data":"\r 83%|████████▎ | 2.19G/2.64G [04:31\u003c01:21, 5.52MB/s]\r 83%|████████▎ | 2.19G/2.64G [04:31\u003c01:22, 5.49MB/s]\n"}
,{"stream_name":"stderr","time":359.239635894,"data":"\r 83%|████████▎ | 2.19G/2.64G [04:31\u003c01:22, 5.49MB/s]\r 83%|████████▎ | 2.19G/2.64G [04:31\u003c01:21, 5.55MB/s]\n"}
,{"stream_name":"stderr","time":359.376722833,"data":"\r 83%|████████▎ | 2.19G/2.64G [04:31\u003c01:21, 5.55MB/s]\r 83%|████████▎ | 2.19G/2.64G [04:31\u003c01:21, 5.53MB/s]\n"}
,{"stream_name":"stderr","time":359.514596525,"data":"\r 83%|████████▎ | 2.19G/2.64G [04:31\u003c01:21, 5.53MB/s]\r 83%|████████▎ | 2.19G/2.64G [04:31\u003c01:20, 5.59MB/s]\n"}
,{"stream_name":"stderr","time":359.617538342,"data":"\r 83%|████████▎ | 2.19G/2.64G [04:31\u003c01:20, 5.59MB/s]\r 83%|████████▎ | 2.19G/2.64G [04:32\u003c01:14, 6.01MB/s]\n"}
,{"stream_name":"stderr","time":359.748254933,"data":"\r 83%|████████▎ | 2.19G/2.64G [04:32\u003c01:14, 6.01MB/s]\r 83%|████████▎ | 2.19G/2.64G [04:32\u003c01:19, 5.63MB/s]\n"}
,{"stream_name":"stderr","time":359.882473751,"data":"\r 83%|████████▎ | 2.19G/2.64G [04:32\u003c01:19, 5.63MB/s]\r 83%|████████▎ | 2.19G/2.64G [04:32\u003c01:21, 5.47MB/s]\n"}
,{"stream_name":"stderr","time":360.021122246,"data":"\r 83%|████████▎ | 2.19G/2.64G [04:32\u003c01:21, 5.47MB/s]\r 83%|████████▎ | 2.19G/2.64G [04:32\u003c01:20, 5.54MB/s]\n"}
,{"stream_name":"stderr","time":360.160212135,"data":"\r 83%|████████▎ | 2.19G/2.64G [04:32\u003c01:20, 5.54MB/s]\r 83%|████████▎ | 2.19G/2.64G [04:32\u003c01:19, 5.58MB/s]\n"}
,{"stream_name":"stderr","time":360.299614384,"data":"\r 83%|████████▎ | 2.19G/2.64G [04:32\u003c01:19, 5.58MB/s]\r 83%|████████▎ | 2.20G/2.64G [04:32\u003c01:19, 5.59MB/s]\n"}
,{"stream_name":"stderr","time":360.438305158,"data":"\r 83%|████████▎ | 2.20G/2.64G [04:32\u003c01:19, 5.59MB/s]\r 83%|████████▎ | 2.20G/2.64G [04:32\u003c01:18, 5.62MB/s]\n"}
,{"stream_name":"stderr","time":360.577790061,"data":"\r 83%|████████▎ | 2.20G/2.64G [04:32\u003c01:18, 5.62MB/s]\r 83%|████████▎ | 2.20G/2.64G [04:32\u003c01:18, 5.62MB/s]\n"}
,{"stream_name":"stderr","time":360.69707092,"data":"\r 83%|████████▎ | 2.20G/2.64G [04:32\u003c01:18, 5.62MB/s]\r 83%|████████▎ | 2.20G/2.64G [04:33\u003c01:16, 5.81MB/s]\n"}
,{"stream_name":"stderr","time":360.810955764,"data":"\r 83%|████████▎ | 2.20G/2.64G [04:33\u003c01:16, 5.81MB/s]\r 83%|████████▎ | 2.20G/2.64G [04:33\u003c01:18, 5.64MB/s]\n"}
,{"stream_name":"stderr","time":360.945896664,"data":"\r 83%|████████▎ | 2.20G/2.64G [04:33\u003c01:18, 5.64MB/s]\r 83%|████████▎ | 2.20G/2.64G [04:33\u003c01:19, 5.55MB/s]\n"}
,{"stream_name":"stderr","time":361.086087072,"data":"\r 83%|████████▎ | 2.20G/2.64G [04:33\u003c01:19, 5.55MB/s]\r 83%|████████▎ | 2.20G/2.64G [04:33\u003c01:19, 5.57MB/s]\n"}
,{"stream_name":"stderr","time":361.223765609,"data":"\r 83%|████████▎ | 2.20G/2.64G [04:33\u003c01:19, 5.57MB/s]\r 83%|████████▎ | 2.20G/2.64G [04:33\u003c01:18, 5.61MB/s]\n"}
,{"stream_name":"stderr","time":361.362087016,"data":"\r 83%|████████▎ | 2.20G/2.64G [04:33\u003c01:18, 5.61MB/s]\r 83%|████████▎ | 2.20G/2.64G [04:33\u003c01:21, 5.42MB/s]\n"}
,{"stream_name":"stderr","time":361.500058002,"data":"\r 83%|████████▎ | 2.20G/2.64G [04:33\u003c01:21, 5.42MB/s]\r 83%|████████▎ | 2.20G/2.64G [04:33\u003c01:27, 5.00MB/s]\n"}
,{"stream_name":"stderr","time":361.638365468,"data":"\r 83%|████████▎ | 2.20G/2.64G [04:33\u003c01:27, 5.00MB/s]\r 83%|████████▎ | 2.20G/2.64G [04:34\u003c01:31, 4.77MB/s]\n"}
,{"stream_name":"stderr","time":361.775237118,"data":"\r 83%|████████▎ | 2.20G/2.64G [04:34\u003c01:31, 4.77MB/s]\r 83%|████████▎ | 2.20G/2.64G [04:34\u003c01:34, 4.64MB/s]\n"}
,{"stream_name":"stderr","time":361.913445417,"data":"\r 83%|████████▎ | 2.20G/2.64G [04:34\u003c01:34, 4.64MB/s]\r 83%|████████▎ | 2.20G/2.64G [04:34\u003c01:34, 4.59MB/s]\n"}
,{"stream_name":"stderr","time":362.051035665,"data":"\r 83%|████████▎ | 2.20G/2.64G [04:34\u003c01:34, 4.59MB/s]\r 83%|████████▎ | 2.20G/2.64G [04:34\u003c01:35, 4.58MB/s]\n"}
,{"stream_name":"stderr","time":362.174084559,"data":"\r 83%|████████▎ | 2.20G/2.64G [04:34\u003c01:35, 4.58MB/s]\r 84%|████████▎ | 2.21G/2.64G [04:34\u003c01:32, 4.71MB/s]\n"}
,{"stream_name":"stderr","time":362.282279755,"data":"\r 84%|████████▎ | 2.21G/2.64G [04:34\u003c01:32, 4.71MB/s]\r 84%|████████▎ | 2.21G/2.64G [04:34\u003c01:33, 4.67MB/s]\n"}
,{"stream_name":"stderr","time":362.419413262,"data":"\r 84%|████████▎ | 2.21G/2.64G [04:34\u003c01:33, 4.67MB/s]\r 84%|████████▎ | 2.21G/2.64G [04:34\u003c01:33, 4.63MB/s]\n"}
,{"stream_name":"stderr","time":362.541519919,"data":"\r 84%|████████▎ | 2.21G/2.64G [04:34\u003c01:33, 4.63MB/s]\r 84%|████████▎ | 2.21G/2.64G [04:34\u003c01:29, 4.84MB/s]\n"}
,{"stream_name":"stderr","time":362.649320224,"data":"\r 84%|████████▎ | 2.21G/2.64G [04:34\u003c01:29, 4.84MB/s]\r 84%|████████▎ | 2.21G/2.64G [04:35\u003c01:30, 4.76MB/s]\n"}
,{"stream_name":"stderr","time":362.7705571,"data":"\r 84%|████████▎ | 2.21G/2.64G [04:35\u003c01:30, 4.76MB/s]\r 84%|████████▎ | 2.21G/2.64G [04:35\u003c01:27, 4.96MB/s]\n"}
,{"stream_name":"stderr","time":362.879257586,"data":"\r 84%|████████▎ | 2.21G/2.64G [04:35\u003c01:27, 4.96MB/s]\r 84%|████████▎ | 2.21G/2.64G [04:35\u003c01:27, 4.92MB/s]\n"}
,{"stream_name":"stderr","time":363.015539261,"data":"\r 84%|████████▎ | 2.21G/2.64G [04:35\u003c01:27, 4.92MB/s]\r 84%|████████▎ | 2.21G/2.64G [04:35\u003c01:28, 4.89MB/s]\n"}
,{"stream_name":"stderr","time":363.154069174,"data":"\r 84%|████████▎ | 2.21G/2.64G [04:35\u003c01:28, 4.89MB/s]\r 84%|████████▎ | 2.21G/2.64G [04:35\u003c01:26, 4.99MB/s]\n"}
,{"stream_name":"stderr","time":363.291409236,"data":"\r 84%|████████▎ | 2.21G/2.64G [04:35\u003c01:26, 4.99MB/s]\r 84%|████████▎ | 2.21G/2.64G [04:35\u003c01:24, 5.07MB/s]\n"}
,{"stream_name":"stderr","time":363.428467144,"data":"\r 84%|████████▎ | 2.21G/2.64G [04:35\u003c01:24, 5.07MB/s]\r 84%|████████▍ | 2.21G/2.64G [04:35\u003c01:23, 5.13MB/s]\n"}
,{"stream_name":"stderr","time":363.550871784,"data":"\r 84%|████████▍ | 2.21G/2.64G [04:35\u003c01:23, 5.13MB/s]\r 84%|████████▍ | 2.21G/2.64G [04:35\u003c01:20, 5.34MB/s]\n"}
,{"stream_name":"stderr","time":363.658966604,"data":"\r 84%|████████▍ | 2.21G/2.64G [04:35\u003c01:20, 5.34MB/s]\r 84%|████████▍ | 2.21G/2.64G [04:36\u003c01:20, 5.29MB/s]\n"}
,{"stream_name":"stderr","time":363.780722562,"data":"\r 84%|████████▍ | 2.21G/2.64G [04:36\u003c01:20, 5.29MB/s]\r 84%|████████▍ | 2.21G/2.64G [04:36\u003c01:19, 5.39MB/s]\n"}
,{"stream_name":"stderr","time":363.888209807,"data":"\r 84%|████████▍ | 2.21G/2.64G [04:36\u003c01:19, 5.39MB/s]\r 84%|████████▍ | 2.21G/2.64G [04:36\u003c01:19, 5.34MB/s]\n"}
,{"stream_name":"stderr","time":364.025097582,"data":"\r 84%|████████▍ | 2.21G/2.64G [04:36\u003c01:19, 5.34MB/s]\r 84%|████████▍ | 2.21G/2.64G [04:36\u003c01:20, 5.32MB/s]\n"}
,{"stream_name":"stderr","time":364.162482677,"data":"\r 84%|████████▍ | 2.21G/2.64G [04:36\u003c01:20, 5.32MB/s]\r 84%|████████▍ | 2.22G/2.64G [04:36\u003c01:19, 5.37MB/s]\n"}
,{"stream_name":"stderr","time":364.301609475,"data":"\r 84%|████████▍ | 2.22G/2.64G [04:36\u003c01:19, 5.37MB/s]\r 84%|████████▍ | 2.22G/2.64G [04:36\u003c01:24, 5.01MB/s]\n"}
,{"stream_name":"stderr","time":364.438988269,"data":"\r 84%|████████▍ | 2.22G/2.64G [04:36\u003c01:24, 5.01MB/s]\r 84%|████████▍ | 2.22G/2.64G [04:36\u003c01:29, 4.71MB/s]\n"}
,{"stream_name":"stderr","time":364.577170876,"data":"\r 84%|████████▍ | 2.22G/2.64G [04:36\u003c01:29, 4.71MB/s]\r 84%|████████▍ | 2.22G/2.64G [04:36\u003c01:33, 4.51MB/s]\n"}
,{"stream_name":"stderr","time":364.716870288,"data":"\r 84%|████████▍ | 2.22G/2.64G [04:36\u003c01:33, 4.51MB/s]\r 84%|████████▍ | 2.22G/2.64G [04:37\u003c01:38, 4.27MB/s]\n"}
,{"stream_name":"stderr","time":364.839821533,"data":"\r 84%|████████▍ | 2.22G/2.64G [04:37\u003c01:38, 4.27MB/s]\r 84%|████████▍ | 2.22G/2.64G [04:37\u003c01:42, 4.12MB/s]\n"}
,{"stream_name":"stderr","time":364.991812511,"data":"\r 84%|████████▍ | 2.22G/2.64G [04:37\u003c01:42, 4.12MB/s]\r 84%|████████▍ | 2.22G/2.64G [04:37\u003c01:54, 3.69MB/s]\n"}
,{"stream_name":"stderr","time":365.129605324,"data":"\r 84%|████████▍ | 2.22G/2.64G [04:37\u003c01:54, 3.69MB/s]\r 84%|████████▍ | 2.22G/2.64G [04:37\u003c02:00, 3.51MB/s]\n"}
,{"stream_name":"stderr","time":365.253830618,"data":"\r 84%|████████▍ | 2.22G/2.64G [04:37\u003c02:00, 3.51MB/s]\r 84%|████████▍ | 2.22G/2.64G [04:37\u003c02:00, 3.48MB/s]\n"}
,{"stream_name":"stderr","time":365.360322969,"data":"\r 84%|████████▍ | 2.22G/2.64G [04:37\u003c02:00, 3.48MB/s]\r 84%|████████▍ | 2.22G/2.64G [04:37\u003c02:01, 3.46MB/s]\n"}
,{"stream_name":"stderr","time":365.498852733,"data":"\r 84%|████████▍ | 2.22G/2.64G [04:37\u003c02:01, 3.46MB/s]\r 84%|████████▍ | 2.22G/2.64G [04:37\u003c02:08, 3.26MB/s]\n"}
,{"stream_name":"stderr","time":365.621278172,"data":"\r 84%|████████▍ | 2.22G/2.64G [04:37\u003c02:08, 3.26MB/s]\r 84%|████████▍ | 2.22G/2.64G [04:38\u003c02:06, 3.33MB/s]\n"}
,{"stream_name":"stderr","time":365.774662698,"data":"\r 84%|████████▍ | 2.22G/2.64G [04:38\u003c02:06, 3.33MB/s]\r 84%|████████▍ | 2.22G/2.64G [04:38\u003c02:20, 2.99MB/s]\n"}
,{"stream_name":"stderr","time":365.91107678,"data":"\r 84%|████████▍ | 2.22G/2.64G [04:38\u003c02:20, 2.99MB/s]\r 84%|████████▍ | 2.22G/2.64G [04:38\u003c02:18, 3.03MB/s]\n"}
,{"stream_name":"stderr","time":366.049696171,"data":"\r 84%|████████▍ | 2.22G/2.64G [04:38\u003c02:18, 3.03MB/s]\r 84%|████████▍ | 2.22G/2.64G [04:38\u003c02:28, 2.83MB/s]\n"}
,{"stream_name":"stderr","time":366.189983517,"data":"\r 84%|████████▍ | 2.22G/2.64G [04:38\u003c02:28, 2.83MB/s]\r 84%|████████▍ | 2.22G/2.64G [04:38\u003c02:40, 2.61MB/s]\n"}
,{"stream_name":"stderr","time":366.37192543,"data":"\r 84%|████████▍ | 2.22G/2.64G [04:38\u003c02:40, 2.61MB/s]\r 84%|████████▍ | 2.22G/2.64G [04:38\u003c03:05, 2.25MB/s]\n"}
,{"stream_name":"stderr","time":366.511543936,"data":"\r 84%|████████▍ | 2.22G/2.64G [04:38\u003c03:05, 2.25MB/s]\r 84%|████████▍ | 2.22G/2.64G [04:38\u003c03:14, 2.14MB/s]\n"}
,{"stream_name":"stderr","time":366.693474086,"data":"\r 84%|████████▍ | 2.22G/2.64G [04:38\u003c03:14, 2.14MB/s]\r 84%|████████▍ | 2.22G/2.64G [04:39\u003c03:47, 1.84MB/s]\n"}
,{"stream_name":"stderr","time":366.830559247,"data":"\r 84%|████████▍ | 2.22G/2.64G [04:39\u003c03:47, 1.84MB/s]\r 84%|████████▍ | 2.22G/2.64G [04:39\u003c04:01, 1.73MB/s]\n"}
,{"stream_name":"stderr","time":366.969095042,"data":"\r 84%|████████▍ | 2.22G/2.64G [04:39\u003c04:01, 1.73MB/s]\r 84%|████████▍ | 2.22G/2.64G [04:39\u003c04:13, 1.64MB/s]\n"}
,{"stream_name":"stderr","time":367.106101858,"data":"\r 84%|████████▍ | 2.22G/2.64G [04:39\u003c04:13, 1.64MB/s]\r 84%|████████▍ | 2.22G/2.64G [04:39\u003c04:23, 1.58MB/s]\n"}
,{"stream_name":"stderr","time":367.243982453,"data":"\r 84%|████████▍ | 2.22G/2.64G [04:39\u003c04:23, 1.58MB/s]\r 84%|████████▍ | 2.22G/2.64G [04:39\u003c04:31, 1.54MB/s]\n"}
,{"stream_name":"stderr","time":367.367639549,"data":"\r 84%|████████▍ | 2.22G/2.64G [04:39\u003c04:31, 1.54MB/s]\r 84%|████████▍ | 2.22G/2.64G [04:39\u003c04:28, 1.55MB/s]\n"}
,{"stream_name":"stderr","time":367.472951238,"data":"\r 84%|████████▍ | 2.22G/2.64G [04:39\u003c04:28, 1.55MB/s]\r 84%|████████▍ | 2.22G/2.64G [04:39\u003c04:28, 1.55MB/s]\n"}
,{"stream_name":"stderr","time":367.596947117,"data":"\r 84%|████████▍ | 2.22G/2.64G [04:39\u003c04:28, 1.55MB/s]\r 84%|████████▍ | 2.22G/2.64G [04:40\u003c04:26, 1.56MB/s]\n"}
,{"stream_name":"stderr","time":367.702821473,"data":"\r 84%|████████▍ | 2.22G/2.64G [04:40\u003c04:26, 1.56MB/s]\r 84%|████████▍ | 2.22G/2.64G [04:40\u003c04:26, 1.56MB/s]\n"}
,{"stream_name":"stderr","time":367.826469975,"data":"\r 84%|████████▍ | 2.22G/2.64G [04:40\u003c04:26, 1.56MB/s]\r 84%|████████▍ | 2.22G/2.64G [04:40\u003c04:25, 1.57MB/s]\n"}
,{"stream_name":"stderr","time":367.932176527,"data":"\r 84%|████████▍ | 2.22G/2.64G [04:40\u003c04:25, 1.57MB/s]\r 84%|████████▍ | 2.22G/2.64G [04:40\u003c04:25, 1.56MB/s]\n"}
,{"stream_name":"stderr","time":368.056066038,"data":"\r 84%|████████▍ | 2.22G/2.64G [04:40\u003c04:25, 1.56MB/s]\r 84%|████████▍ | 2.22G/2.64G [04:40\u003c04:24, 1.57MB/s]\n"}
,{"stream_name":"stderr","time":368.161989058,"data":"\r 84%|████████▍ | 2.22G/2.64G [04:40\u003c04:24, 1.57MB/s]\r 84%|████████▍ | 2.23G/2.64G [04:40\u003c04:25, 1.57MB/s]\n"}
,{"stream_name":"stderr","time":368.2857426,"data":"\r 84%|████████▍ | 2.23G/2.64G [04:40\u003c04:25, 1.57MB/s]\r 84%|████████▍ | 2.23G/2.64G [04:40\u003c04:24, 1.57MB/s]\n"}
,{"stream_name":"stderr","time":368.390334897,"data":"\r 84%|████████▍ | 2.23G/2.64G [04:40\u003c04:24, 1.57MB/s]\r 84%|████████▍ | 2.23G/2.64G [04:40\u003c04:24, 1.57MB/s]\n"}
,{"stream_name":"stderr","time":368.514287095,"data":"\r 84%|████████▍ | 2.23G/2.64G [04:40\u003c04:24, 1.57MB/s]\r 84%|████████▍ | 2.23G/2.64G [04:40\u003c04:23, 1.57MB/s]\n"}
,{"stream_name":"stderr","time":368.61999991,"data":"\r 84%|████████▍ | 2.23G/2.64G [04:40\u003c04:23, 1.57MB/s]\r 84%|████████▍ | 2.23G/2.64G [04:41\u003c04:24, 1.57MB/s]\n"}
,{"stream_name":"stderr","time":368.743005452,"data":"\r 84%|████████▍ | 2.23G/2.64G [04:41\u003c04:24, 1.57MB/s]\r 84%|████████▍ | 2.23G/2.64G [04:41\u003c04:22, 1.58MB/s]\n"}
,{"stream_name":"stderr","time":368.849559178,"data":"\r 84%|████████▍ | 2.23G/2.64G [04:41\u003c04:22, 1.58MB/s]\r 84%|████████▍ | 2.23G/2.64G [04:41\u003c04:24, 1.57MB/s]\n"}
,{"stream_name":"stderr","time":368.972866197,"data":"\r 84%|████████▍ | 2.23G/2.64G [04:41\u003c04:24, 1.57MB/s]\r 84%|████████▍ | 2.23G/2.64G [04:41\u003c04:22, 1.58MB/s]\n"}
,{"stream_name":"stderr","time":369.078809147,"data":"\r 84%|████████▍ | 2.23G/2.64G [04:41\u003c04:22, 1.58MB/s]\r 84%|████████▍ | 2.23G/2.64G [04:41\u003c04:24, 1.57MB/s]\n"}
,{"stream_name":"stderr","time":369.249308172,"data":"\r 84%|████████▍ | 2.23G/2.64G [04:41\u003c04:24, 1.57MB/s]\r 84%|████████▍ | 2.23G/2.64G [04:41\u003c04:54, 1.40MB/s]\n"}
,{"stream_name":"stderr","time":369.355818997,"data":"\r 84%|████████▍ | 2.23G/2.64G [04:41\u003c04:54, 1.40MB/s]\r 84%|████████▍ | 2.23G/2.64G [04:41\u003c04:32, 1.52MB/s]\n"}
,{"stream_name":"stderr","time":369.493338042,"data":"\r 84%|████████▍ | 2.23G/2.64G [04:41\u003c04:32, 1.52MB/s]\r 84%|████████▍ | 2.23G/2.64G [04:41\u003c04:52, 1.41MB/s]\n"}
,{"stream_name":"stderr","time":369.630359538,"data":"\r 84%|████████▍ | 2.23G/2.64G [04:41\u003c04:52, 1.41MB/s]\r 84%|████████▍ | 2.23G/2.64G [04:42\u003c05:07, 1.34MB/s]\n"}
,{"stream_name":"stderr","time":369.754257173,"data":"\r 84%|████████▍ | 2.23G/2.64G [04:42\u003c05:07, 1.34MB/s]\r 84%|████████▍ | 2.23G/2.64G [04:42\u003c05:08, 1.34MB/s]\n"}
,{"stream_name":"stderr","time":369.860371804,"data":"\r 84%|████████▍ | 2.23G/2.64G [04:42\u003c05:08, 1.34MB/s]\r 84%|████████▍ | 2.23G/2.64G [04:42\u003c04:56, 1.39MB/s]\n"}
,{"stream_name":"stderr","time":369.997297835,"data":"\r 84%|████████▍ | 2.23G/2.64G [04:42\u003c04:56, 1.39MB/s]\r 84%|████████▍ | 2.23G/2.64G [04:42\u003c05:10, 1.33MB/s]\n"}
,{"stream_name":"stderr","time":370.121910912,"data":"\r 84%|████████▍ | 2.23G/2.64G [04:42\u003c05:10, 1.33MB/s]\r 84%|████████▍ | 2.23G/2.64G [04:42\u003c05:11, 1.32MB/s]\n"}
,{"stream_name":"stderr","time":370.227000457,"data":"\r 84%|████████▍ | 2.23G/2.64G [04:42\u003c05:11, 1.32MB/s]\r 84%|████████▍ | 2.23G/2.64G [04:42\u003c04:57, 1.39MB/s]\n"}
,{"stream_name":"stderr","time":370.364270557,"data":"\r 84%|████████▍ | 2.23G/2.64G [04:42\u003c04:57, 1.39MB/s]\r 84%|████████▍ | 2.23G/2.64G [04:42\u003c04:54, 1.40MB/s]\n"}
,{"stream_name":"stderr","time":370.489429579,"data":"\r 84%|████████▍ | 2.23G/2.64G [04:42\u003c04:54, 1.40MB/s]\r 84%|████████▍ | 2.23G/2.64G [04:42\u003c04:43, 1.45MB/s]\n"}
,{"stream_name":"stderr","time":370.594461272,"data":"\r 84%|████████▍ | 2.23G/2.64G [04:42\u003c04:43, 1.45MB/s]\r 84%|████████▍ | 2.23G/2.64G [04:43\u003c04:38, 1.48MB/s]\n"}
,{"stream_name":"stderr","time":370.718795496,"data":"\r 84%|████████▍ | 2.23G/2.64G [04:43\u003c04:38, 1.48MB/s]\r 84%|████████▍ | 2.23G/2.64G [04:43\u003c04:47, 1.43MB/s]\n"}
,{"stream_name":"stderr","time":370.822481508,"data":"\r 84%|████████▍ | 2.23G/2.64G [04:43\u003c04:47, 1.43MB/s]\r 84%|████████▍ | 2.23G/2.64G [04:43\u003c04:39, 1.47MB/s]\n"}
,{"stream_name":"stderr","time":370.948321834,"data":"\r 84%|████████▍ | 2.23G/2.64G [04:43\u003c04:39, 1.47MB/s]\r 84%|████████▍ | 2.23G/2.64G [04:43\u003c04:34, 1.50MB/s]\n"}
,{"stream_name":"stderr","time":371.05268541,"data":"\r 84%|████████▍ | 2.23G/2.64G [04:43\u003c04:34, 1.50MB/s]\r 84%|████████▍ | 2.23G/2.64G [04:43\u003c04:30, 1.52MB/s]\n"}
,{"stream_name":"stderr","time":371.177738664,"data":"\r 84%|████████▍ | 2.23G/2.64G [04:43\u003c04:30, 1.52MB/s]\r 84%|████████▍ | 2.23G/2.64G [04:43\u003c04:27, 1.54MB/s]\n"}
,{"stream_name":"stderr","time":371.281794468,"data":"\r 84%|████████▍ | 2.23G/2.64G [04:43\u003c04:27, 1.54MB/s]\r 84%|████████▍ | 2.23G/2.64G [04:43\u003c04:25, 1.55MB/s]\n"}
,{"stream_name":"stderr","time":371.407555345,"data":"\r 84%|████████▍ | 2.23G/2.64G [04:43\u003c04:25, 1.55MB/s]\r 84%|████████▍ | 2.23G/2.64G [04:43\u003c04:24, 1.55MB/s]\n"}
,{"stream_name":"stderr","time":371.546963776,"data":"\r 84%|████████▍ | 2.23G/2.64G [04:43\u003c04:24, 1.55MB/s]\r 84%|████████▍ | 2.23G/2.64G [04:43\u003c04:48, 1.42MB/s]\n"}
,{"stream_name":"stderr","time":371.684320454,"data":"\r 84%|████████▍ | 2.23G/2.64G [04:43\u003c04:48, 1.42MB/s]\r 84%|████████▍ | 2.23G/2.64G [04:44\u003c05:03, 1.35MB/s]\n"}
,{"stream_name":"stderr","time":371.82214965,"data":"\r 84%|████████▍ | 2.23G/2.64G [04:44\u003c05:03, 1.35MB/s]\r 84%|████████▍ | 2.23G/2.64G [04:44\u003c05:15, 1.30MB/s]\n"}
,{"stream_name":"stderr","time":371.924965169,"data":"\r 84%|████████▍ | 2.23G/2.64G [04:44\u003c05:15, 1.30MB/s]\r 84%|████████▍ | 2.23G/2.64G [04:44\u003c04:58, 1.37MB/s]\n"}
,{"stream_name":"stderr","time":372.051976894,"data":"\r 84%|████████▍ | 2.23G/2.64G [04:44\u003c04:58, 1.37MB/s]\r 84%|████████▍ | 2.23G/2.64G [04:44\u003c05:03, 1.35MB/s]\n"}
,{"stream_name":"stderr","time":372.189460325,"data":"\r 84%|████████▍ | 2.23G/2.64G [04:44\u003c05:03, 1.35MB/s]\r 84%|████████▍ | 2.23G/2.64G [04:44\u003c05:15, 1.30MB/s]\n"}
,{"stream_name":"stderr","time":372.293140896,"data":"\r 84%|████████▍ | 2.23G/2.64G [04:44\u003c05:15, 1.30MB/s]\r 84%|████████▍ | 2.23G/2.64G [04:44\u003c04:58, 1.37MB/s]\n"}
,{"stream_name":"stderr","time":372.419058214,"data":"\r 84%|████████▍ | 2.23G/2.64G [04:44\u003c04:58, 1.37MB/s]\r 85%|████████▍ | 2.23G/2.64G [04:44\u003c05:03, 1.35MB/s]\n"}
,{"stream_name":"stderr","time":372.523105196,"data":"\r 85%|████████▍ | 2.23G/2.64G [04:44\u003c05:03, 1.35MB/s]\r 85%|████████▍ | 2.23G/2.64G [04:44\u003c04:50, 1.41MB/s]\n"}
,{"stream_name":"stderr","time":372.648675444,"data":"\r 85%|████████▍ | 2.23G/2.64G [04:44\u003c04:50, 1.41MB/s]\r 85%|████████▍ | 2.23G/2.64G [04:45\u003c04:56, 1.38MB/s]\n"}
,{"stream_name":"stderr","time":372.752664437,"data":"\r 85%|████████▍ | 2.23G/2.64G [04:45\u003c04:56, 1.38MB/s]\r 85%|████████▍ | 2.23G/2.64G [04:45\u003c04:45, 1.43MB/s]\n"}
,{"stream_name":"stderr","time":372.877557514,"data":"\r 85%|████████▍ | 2.23G/2.64G [04:45\u003c04:45, 1.43MB/s]\r 85%|████████▍ | 2.23G/2.64G [04:45\u003c04:53, 1.39MB/s]\n"}
,{"stream_name":"stderr","time":373.015367905,"data":"\r 85%|████████▍ | 2.23G/2.64G [04:45\u003c04:53, 1.39MB/s]\r 85%|████████▍ | 2.23G/2.64G [04:45\u003c04:50, 1.40MB/s]\n"}
,{"stream_name":"stderr","time":373.119754665,"data":"\r 85%|████████▍ | 2.23G/2.64G [04:45\u003c04:50, 1.40MB/s]\r 85%|████████▍ | 2.23G/2.64G [04:45\u003c04:26, 1.53MB/s]\n"}
,{"stream_name":"stderr","time":373.244598768,"data":"\r 85%|████████▍ | 2.23G/2.64G [04:45\u003c04:26, 1.53MB/s]\r 85%|████████▍ | 2.23G/2.64G [04:45\u003c04:38, 1.46MB/s]\n"}
,{"stream_name":"stderr","time":373.349476419,"data":"\r 85%|████████▍ | 2.23G/2.64G [04:45\u003c04:38, 1.46MB/s]\r 85%|████████▍ | 2.23G/2.64G [04:45\u003c04:18, 1.58MB/s]\n"}
,{"stream_name":"stderr","time":373.473849132,"data":"\r 85%|████████▍ | 2.23G/2.64G [04:45\u003c04:18, 1.58MB/s]\r 85%|████████▍ | 2.23G/2.64G [04:45\u003c04:33, 1.49MB/s]\n"}
,{"stream_name":"stderr","time":373.578985048,"data":"\r 85%|████████▍ | 2.23G/2.64G [04:45\u003c04:33, 1.49MB/s]\r 85%|████████▍ | 2.23G/2.64G [04:46\u003c04:14, 1.60MB/s]\n"}
,{"stream_name":"stderr","time":373.703600307,"data":"\r 85%|████████▍ | 2.23G/2.64G [04:46\u003c04:14, 1.60MB/s]\r 85%|████████▍ | 2.23G/2.64G [04:46\u003c04:30, 1.51MB/s]\n"}
,{"stream_name":"stderr","time":373.808090385,"data":"\r 85%|████████▍ | 2.23G/2.64G [04:46\u003c04:30, 1.51MB/s]\r 85%|████████▍ | 2.23G/2.64G [04:46\u003c04:12, 1.61MB/s]\n"}
,{"stream_name":"stderr","time":373.933403343,"data":"\r 85%|████████▍ | 2.23G/2.64G [04:46\u003c04:12, 1.61MB/s]\r 85%|████████▍ | 2.23G/2.64G [04:46\u003c04:28, 1.51MB/s]\n"}
,{"stream_name":"stderr","time":374.03769239,"data":"\r 85%|████████▍ | 2.23G/2.64G [04:46\u003c04:28, 1.51MB/s]\r 85%|████████▍ | 2.23G/2.64G [04:46\u003c04:11, 1.62MB/s]\n"}
,{"stream_name":"stderr","time":374.163363077,"data":"\r 85%|████████▍ | 2.23G/2.64G [04:46\u003c04:11, 1.62MB/s]\r 85%|████████▍ | 2.23G/2.64G [04:46\u003c04:14, 1.60MB/s]\n"}
,{"stream_name":"stderr","time":374.268033551,"data":"\r 85%|████████▍ | 2.23G/2.64G [04:46\u003c04:14, 1.60MB/s]\r 85%|████████▍ | 2.23G/2.64G [04:46\u003c04:15, 1.59MB/s]\n"}
,{"stream_name":"stderr","time":374.392732898,"data":"\r 85%|████████▍ | 2.23G/2.64G [04:46\u003c04:15, 1.59MB/s]\r 85%|████████▍ | 2.23G/2.64G [04:46\u003c04:30, 1.50MB/s]\n"}
,{"stream_name":"stderr","time":374.497446101,"data":"\r 85%|████████▍ | 2.23G/2.64G [04:46\u003c04:30, 1.50MB/s]\r 85%|████████▍ | 2.23G/2.64G [04:46\u003c04:12, 1.61MB/s]\n"}
,{"stream_name":"stderr","time":374.622245012,"data":"\r 85%|████████▍ | 2.23G/2.64G [04:46\u003c04:12, 1.61MB/s]\r 85%|████████▍ | 2.23G/2.64G [04:47\u003c04:28, 1.51MB/s]\n"}
,{"stream_name":"stderr","time":374.72670161,"data":"\r 85%|████████▍ | 2.23G/2.64G [04:47\u003c04:28, 1.51MB/s]\r 85%|████████▍ | 2.23G/2.64G [04:47\u003c04:11, 1.61MB/s]\n"}
,{"stream_name":"stderr","time":374.851917834,"data":"\r 85%|████████▍ | 2.23G/2.64G [04:47\u003c04:11, 1.61MB/s]\r 85%|████████▍ | 2.23G/2.64G [04:47\u003c04:27, 1.52MB/s]\n"}
,{"stream_name":"stderr","time":374.956153876,"data":"\r 85%|████████▍ | 2.23G/2.64G [04:47\u003c04:27, 1.52MB/s]\r 85%|████████▍ | 2.24G/2.64G [04:47\u003c04:10, 1.62MB/s]\n"}
,{"stream_name":"stderr","time":375.082170266,"data":"\r 85%|████████▍ | 2.24G/2.64G [04:47\u003c04:10, 1.62MB/s]\r 85%|████████▍ | 2.24G/2.64G [04:47\u003c04:13, 1.60MB/s]\n"}
,{"stream_name":"stderr","time":375.185679121,"data":"\r 85%|████████▍ | 2.24G/2.64G [04:47\u003c04:13, 1.60MB/s]\r 85%|████████▍ | 2.24G/2.64G [04:47\u003c04:13, 1.59MB/s]\n"}
,{"stream_name":"stderr","time":375.311422325,"data":"\r 85%|████████▍ | 2.24G/2.64G [04:47\u003c04:13, 1.59MB/s]\r 85%|████████▍ | 2.24G/2.64G [04:47\u003c04:15, 1.58MB/s]\n"}
,{"stream_name":"stderr","time":375.449057426,"data":"\r 85%|████████▍ | 2.24G/2.64G [04:47\u003c04:15, 1.58MB/s]\r 85%|████████▍ | 2.24G/2.64G [04:47\u003c04:23, 1.53MB/s]\n"}
,{"stream_name":"stderr","time":375.552590155,"data":"\r 85%|████████▍ | 2.24G/2.64G [04:47\u003c04:23, 1.53MB/s]\r 85%|████████▍ | 2.24G/2.64G [04:47\u003c04:08, 1.63MB/s]\n"}
,{"stream_name":"stderr","time":375.678894807,"data":"\r 85%|████████▍ | 2.24G/2.64G [04:47\u003c04:08, 1.63MB/s]\r 85%|████████▍ | 2.24G/2.64G [04:48\u003c04:11, 1.61MB/s]\n"}
,{"stream_name":"stderr","time":375.782278846,"data":"\r 85%|████████▍ | 2.24G/2.64G [04:48\u003c04:11, 1.61MB/s]\r 85%|████████▍ | 2.24G/2.64G [04:48\u003c04:12, 1.60MB/s]\n"}
,{"stream_name":"stderr","time":375.907870123,"data":"\r 85%|████████▍ | 2.24G/2.64G [04:48\u003c04:12, 1.60MB/s]\r 85%|████████▍ | 2.24G/2.64G [04:48\u003c04:28, 1.51MB/s]\n"}
,{"stream_name":"stderr","time":376.01145,"data":"\r 85%|████████▍ | 2.24G/2.64G [04:48\u003c04:28, 1.51MB/s]\r 85%|████████▍ | 2.24G/2.64G [04:48\u003c04:10, 1.61MB/s]\n"}
,{"stream_name":"stderr","time":376.137243095,"data":"\r 85%|████████▍ | 2.24G/2.64G [04:48\u003c04:10, 1.61MB/s]\r 85%|████████▍ | 2.24G/2.64G [04:48\u003c04:26, 1.51MB/s]\n"}
,{"stream_name":"stderr","time":376.240876865,"data":"\r 85%|████████▍ | 2.24G/2.64G [04:48\u003c04:26, 1.51MB/s]\r 85%|████████▍ | 2.24G/2.64G [04:48\u003c04:09, 1.62MB/s]\n"}
,{"stream_name":"stderr","time":376.367055006,"data":"\r 85%|████████▍ | 2.24G/2.64G [04:48\u003c04:09, 1.62MB/s]\r 85%|████████▍ | 2.24G/2.64G [04:48\u003c04:12, 1.60MB/s]\n"}
,{"stream_name":"stderr","time":376.504923847,"data":"\r 85%|████████▍ | 2.24G/2.64G [04:48\u003c04:12, 1.60MB/s]\r 85%|████████▍ | 2.24G/2.64G [04:48\u003c04:21, 1.54MB/s]\n"}
,{"stream_name":"stderr","time":376.642613781,"data":"\r 85%|████████▍ | 2.24G/2.64G [04:48\u003c04:21, 1.54MB/s]\r 85%|████████▍ | 2.24G/2.64G [04:49\u003c04:14, 1.58MB/s]\n"}
,{"stream_name":"stderr","time":376.780318914,"data":"\r 85%|████████▍ | 2.24G/2.64G [04:49\u003c04:14, 1.58MB/s]\r 85%|████████▍ | 2.24G/2.64G [04:49\u003c04:10, 1.61MB/s]\n"}
,{"stream_name":"stderr","time":376.918190639,"data":"\r 85%|████████▍ | 2.24G/2.64G [04:49\u003c04:10, 1.61MB/s]\r 85%|████████▍ | 2.24G/2.64G [04:49\u003c04:07, 1.63MB/s]\n"}
,{"stream_name":"stderr","time":377.05600352,"data":"\r 85%|████████▍ | 2.24G/2.64G [04:49\u003c04:07, 1.63MB/s]\r 85%|████████▍ | 2.24G/2.64G [04:49\u003c04:05, 1.64MB/s]\n"}
,{"stream_name":"stderr","time":377.159290958,"data":"\r 85%|████████▍ | 2.24G/2.64G [04:49\u003c04:05, 1.64MB/s]\r 85%|████████▍ | 2.24G/2.64G [04:49\u003c03:45, 1.78MB/s]\n"}
,{"stream_name":"stderr","time":377.285697787,"data":"\r 85%|████████▍ | 2.24G/2.64G [04:49\u003c03:45, 1.78MB/s]\r 85%|████████▍ | 2.24G/2.64G [04:49\u003c03:54, 1.71MB/s]\n"}
,{"stream_name":"stderr","time":377.388252559,"data":"\r 85%|████████▍ | 2.24G/2.64G [04:49\u003c03:54, 1.71MB/s]\r 85%|████████▍ | 2.24G/2.64G [04:49\u003c03:47, 1.77MB/s]\n"}
,{"stream_name":"stderr","time":377.515742951,"data":"\r 85%|████████▍ | 2.24G/2.64G [04:49\u003c03:47, 1.77MB/s]\r 85%|████████▍ | 2.24G/2.64G [04:49\u003c03:56, 1.70MB/s]\n"}
,{"stream_name":"stderr","time":377.65342711,"data":"\r 85%|████████▍ | 2.24G/2.64G [04:49\u003c03:56, 1.70MB/s]\r 85%|████████▍ | 2.24G/2.64G [04:50\u003c03:57, 1.69MB/s]\n"}
,{"stream_name":"stderr","time":377.790897624,"data":"\r 85%|████████▍ | 2.24G/2.64G [04:50\u003c03:57, 1.69MB/s]\r 85%|████████▍ | 2.24G/2.64G [04:50\u003c03:48, 1.76MB/s]\n"}
,{"stream_name":"stderr","time":377.928416387,"data":"\r 85%|████████▍ | 2.24G/2.64G [04:50\u003c03:48, 1.76MB/s]\r 85%|████████▍ | 2.24G/2.64G [04:50\u003c03:42, 1.80MB/s]\n"}
,{"stream_name":"stderr","time":378.066583313,"data":"\r 85%|████████▍ | 2.24G/2.64G [04:50\u003c03:42, 1.80MB/s]\r 85%|████████▍ | 2.24G/2.64G [04:50\u003c03:38, 1.83MB/s]\n"}
,{"stream_name":"stderr","time":378.167955213,"data":"\r 85%|████████▍ | 2.24G/2.64G [04:50\u003c03:38, 1.83MB/s]\r 85%|████████▍ | 2.24G/2.64G [04:50\u003c03:18, 2.02MB/s]\n"}
,{"stream_name":"stderr","time":378.295955641,"data":"\r 85%|████████▍ | 2.24G/2.64G [04:50\u003c03:18, 2.02MB/s]\r 85%|████████▍ | 2.24G/2.64G [04:50\u003c03:25, 1.95MB/s]\n"}
,{"stream_name":"stderr","time":378.433413643,"data":"\r 85%|████████▍ | 2.24G/2.64G [04:50\u003c03:25, 1.95MB/s]\r 85%|████████▍ | 2.24G/2.64G [04:50\u003c03:26, 1.94MB/s]\n"}
,{"stream_name":"stderr","time":378.534601775,"data":"\r 85%|████████▍ | 2.24G/2.64G [04:50\u003c03:26, 1.94MB/s]\r 85%|████████▍ | 2.24G/2.64G [04:50\u003c03:02, 2.18MB/s]\n"}
,{"stream_name":"stderr","time":378.663226325,"data":"\r 85%|████████▍ | 2.24G/2.64G [04:50\u003c03:02, 2.18MB/s]\r 85%|████████▍ | 2.24G/2.64G [04:51\u003c03:13, 2.06MB/s]\n"}
,{"stream_name":"stderr","time":378.801375662,"data":"\r 85%|████████▍ | 2.24G/2.64G [04:51\u003c03:13, 2.06MB/s]\r 85%|████████▍ | 2.24G/2.64G [04:51\u003c03:11, 2.09MB/s]\n"}
,{"stream_name":"stderr","time":378.902352498,"data":"\r 85%|████████▍ | 2.24G/2.64G [04:51\u003c03:11, 2.09MB/s]\r 85%|████████▍ | 2.24G/2.64G [04:51\u003c02:53, 2.30MB/s]\n"}
,{"stream_name":"stderr","time":379.031761157,"data":"\r 85%|████████▍ | 2.24G/2.64G [04:51\u003c02:53, 2.30MB/s]\r 85%|████████▍ | 2.24G/2.64G [04:51\u003c03:00, 2.21MB/s]\n"}
,{"stream_name":"stderr","time":379.167711898,"data":"\r 85%|████████▍ | 2.24G/2.64G [04:51\u003c03:00, 2.21MB/s]\r 85%|████████▍ | 2.24G/2.64G [04:51\u003c02:54, 2.27MB/s]\n"}
,{"stream_name":"stderr","time":379.305516259,"data":"\r 85%|████████▍ | 2.24G/2.64G [04:51\u003c02:54, 2.27MB/s]\r 85%|████████▍ | 2.24G/2.64G [04:51\u003c02:46, 2.38MB/s]\n"}
,{"stream_name":"stderr","time":379.407982273,"data":"\r 85%|████████▍ | 2.24G/2.64G [04:51\u003c02:46, 2.38MB/s]\r 85%|████████▍ | 2.24G/2.64G [04:51\u003c02:28, 2.67MB/s]\n"}
,{"stream_name":"stderr","time":379.535637754,"data":"\r 85%|████████▍ | 2.24G/2.64G [04:51\u003c02:28, 2.67MB/s]\r 85%|████████▍ | 2.24G/2.64G [04:51\u003c02:35, 2.56MB/s]\n"}
,{"stream_name":"stderr","time":379.637351459,"data":"\r 85%|████████▍ | 2.24G/2.64G [04:51\u003c02:35, 2.56MB/s]\r 85%|████████▍ | 2.24G/2.64G [04:52\u003c02:20, 2.81MB/s]\n"}
,{"stream_name":"stderr","time":379.764331336,"data":"\r 85%|████████▍ | 2.24G/2.64G [04:52\u003c02:20, 2.81MB/s]\r 85%|████████▌ | 2.24G/2.64G [04:52\u003c02:28, 2.66MB/s]\n"}
,{"stream_name":"stderr","time":379.866778553,"data":"\r 85%|████████▌ | 2.24G/2.64G [04:52\u003c02:28, 2.66MB/s]\r 85%|████████▌ | 2.24G/2.64G [04:52\u003c02:13, 2.97MB/s]\n"}
,{"stream_name":"stderr","time":379.994017893,"data":"\r 85%|████████▌ | 2.24G/2.64G [04:52\u003c02:13, 2.97MB/s]\r 85%|████████▌ | 2.25G/2.64G [04:52\u003c02:18, 2.85MB/s]\n"}
,{"stream_name":"stderr","time":380.096596248,"data":"\r 85%|████████▌ | 2.25G/2.64G [04:52\u003c02:18, 2.85MB/s]\r 85%|████████▌ | 2.25G/2.64G [04:52\u003c02:06, 3.11MB/s]\n"}
,{"stream_name":"stderr","time":380.223075143,"data":"\r 85%|████████▌ | 2.25G/2.64G [04:52\u003c02:06, 3.11MB/s]\r 85%|████████▌ | 2.25G/2.64G [04:52\u003c02:10, 3.03MB/s]\n"}
,{"stream_name":"stderr","time":380.325855064,"data":"\r 85%|████████▌ | 2.25G/2.64G [04:52\u003c02:10, 3.03MB/s]\r 85%|████████▌ | 2.25G/2.64G [04:52\u003c01:55, 3.41MB/s]\n"}
,{"stream_name":"stderr","time":380.451813108,"data":"\r 85%|████████▌ | 2.25G/2.64G [04:52\u003c01:55, 3.41MB/s]\r 85%|████████▌ | 2.25G/2.64G [04:52\u003c02:01, 3.24MB/s]\n"}
,{"stream_name":"stderr","time":380.554627845,"data":"\r 85%|████████▌ | 2.25G/2.64G [04:52\u003c02:01, 3.24MB/s]\r 85%|████████▌ | 2.25G/2.64G [04:52\u003c01:47, 3.66MB/s]\n"}
,{"stream_name":"stderr","time":380.681338636,"data":"\r 85%|████████▌ | 2.25G/2.64G [04:52\u003c01:47, 3.66MB/s]\r 85%|████████▌ | 2.25G/2.64G [04:53\u003c01:52, 3.48MB/s]\n"}
,{"stream_name":"stderr","time":380.78399449,"data":"\r 85%|████████▌ | 2.25G/2.64G [04:53\u003c01:52, 3.48MB/s]\r 85%|████████▌ | 2.25G/2.64G [04:53\u003c01:39, 3.92MB/s]\n"}
,{"stream_name":"stderr","time":380.910987455,"data":"\r 85%|████████▌ | 2.25G/2.64G [04:53\u003c01:39, 3.92MB/s]\r 85%|████████▌ | 2.25G/2.64G [04:53\u003c01:44, 3.74MB/s]\n"}
,{"stream_name":"stderr","time":381.01363545,"data":"\r 85%|████████▌ | 2.25G/2.64G [04:53\u003c01:44, 3.74MB/s]\r 85%|████████▌ | 2.25G/2.64G [04:53\u003c01:33, 4.20MB/s]\n"}
,{"stream_name":"stderr","time":381.187097571,"data":"\r 85%|████████▌ | 2.25G/2.64G [04:53\u003c01:33, 4.20MB/s]\r 85%|████████▌ | 2.25G/2.64G [04:53\u003c01:49, 3.58MB/s]\n"}
,{"stream_name":"stderr","time":381.324722729,"data":"\r 85%|████████▌ | 2.25G/2.64G [04:53\u003c01:49, 3.58MB/s]\r 85%|████████▌ | 2.25G/2.64G [04:53\u003c01:46, 3.65MB/s]\n"}
,{"stream_name":"stderr","time":381.462768723,"data":"\r 85%|████████▌ | 2.25G/2.64G [04:53\u003c01:46, 3.65MB/s]\r 85%|████████▌ | 2.25G/2.64G [04:53\u003c01:49, 3.55MB/s]\n"}
,{"stream_name":"stderr","time":381.601154127,"data":"\r 85%|████████▌ | 2.25G/2.64G [04:53\u003c01:49, 3.55MB/s]\r 85%|████████▌ | 2.25G/2.64G [04:54\u003c01:49, 3.55MB/s]\n"}
,{"stream_name":"stderr","time":381.738035641,"data":"\r 85%|████████▌ | 2.25G/2.64G [04:54\u003c01:49, 3.55MB/s]\r 85%|████████▌ | 2.25G/2.64G [04:54\u003c01:49, 3.56MB/s]\n"}
,{"stream_name":"stderr","time":381.839229259,"data":"\r 85%|████████▌ | 2.25G/2.64G [04:54\u003c01:49, 3.56MB/s]\r 85%|████████▌ | 2.25G/2.64G [04:54\u003c01:40, 3.87MB/s]\n"}
,{"stream_name":"stderr","time":381.968867631,"data":"\r 85%|████████▌ | 2.25G/2.64G [04:54\u003c01:40, 3.87MB/s]\r 85%|████████▌ | 2.25G/2.64G [04:54\u003c01:44, 3.70MB/s]\n"}
,{"stream_name":"stderr","time":382.105559474,"data":"\r 85%|████████▌ | 2.25G/2.64G [04:54\u003c01:44, 3.70MB/s]\r 85%|████████▌ | 2.25G/2.64G [04:54\u003c01:45, 3.66MB/s]\n"}
,{"stream_name":"stderr","time":382.242595397,"data":"\r 85%|████████▌ | 2.25G/2.64G [04:54\u003c01:45, 3.66MB/s]\r 85%|████████▌ | 2.25G/2.64G [04:54\u003c01:44, 3.71MB/s]\n"}
,{"stream_name":"stderr","time":382.343743865,"data":"\r 85%|████████▌ | 2.25G/2.64G [04:54\u003c01:44, 3.71MB/s]\r 85%|████████▌ | 2.25G/2.64G [04:54\u003c01:34, 4.08MB/s]\n"}
,{"stream_name":"stderr","time":382.472514815,"data":"\r 85%|████████▌ | 2.25G/2.64G [04:54\u003c01:34, 4.08MB/s]\r 85%|████████▌ | 2.25G/2.64G [04:54\u003c01:40, 3.84MB/s]\n"}
,{"stream_name":"stderr","time":382.572754193,"data":"\r 85%|████████▌ | 2.25G/2.64G [04:54\u003c01:40, 3.84MB/s]\r 85%|████████▌ | 2.25G/2.64G [04:54\u003c01:31, 4.19MB/s]\n"}
,{"stream_name":"stderr","time":382.70259841,"data":"\r 85%|████████▌ | 2.25G/2.64G [04:54\u003c01:31, 4.19MB/s]\r 85%|████████▌ | 2.26G/2.64G [04:55\u003c01:36, 3.98MB/s]\n"}
,{"stream_name":"stderr","time":382.839722826,"data":"\r 85%|████████▌ | 2.26G/2.64G [04:55\u003c01:36, 3.98MB/s]\r 85%|████████▌ | 2.26G/2.64G [04:55\u003c01:37, 3.93MB/s]\n"}
,{"stream_name":"stderr","time":382.939330263,"data":"\r 85%|████████▌ | 2.26G/2.64G [04:55\u003c01:37, 3.93MB/s]\r 85%|████████▌ | 2.26G/2.64G [04:55\u003c01:28, 4.35MB/s]\n"}
,{"stream_name":"stderr","time":383.070851365,"data":"\r 85%|████████▌ | 2.26G/2.64G [04:55\u003c01:28, 4.35MB/s]\r 85%|████████▌ | 2.26G/2.64G [04:55\u003c01:34, 4.08MB/s]\n"}
,{"stream_name":"stderr","time":383.208295273,"data":"\r 85%|████████▌ | 2.26G/2.64G [04:55\u003c01:34, 4.08MB/s]\r 85%|████████▌ | 2.26G/2.64G [04:55\u003c01:34, 4.07MB/s]\n"}
,{"stream_name":"stderr","time":383.346140872,"data":"\r 85%|████████▌ | 2.26G/2.64G [04:55\u003c01:34, 4.07MB/s]\r 86%|████████▌ | 2.26G/2.64G [04:55\u003c01:30, 4.21MB/s]\n"}
,{"stream_name":"stderr","time":383.484453096,"data":"\r 86%|████████▌ | 2.26G/2.64G [04:55\u003c01:30, 4.21MB/s]\r 86%|████████▌ | 2.26G/2.64G [04:55\u003c01:30, 4.23MB/s]\n"}
,{"stream_name":"stderr","time":383.622330839,"data":"\r 86%|████████▌ | 2.26G/2.64G [04:55\u003c01:30, 4.23MB/s]\r 86%|████████▌ | 2.26G/2.64G [04:56\u003c01:28, 4.31MB/s]\n"}
,{"stream_name":"stderr","time":383.760024973,"data":"\r 86%|████████▌ | 2.26G/2.64G [04:56\u003c01:28, 4.31MB/s]\r 86%|████████▌ | 2.26G/2.64G [04:56\u003c01:26, 4.38MB/s]\n"}
,{"stream_name":"stderr","time":383.898109201,"data":"\r 86%|████████▌ | 2.26G/2.64G [04:56\u003c01:26, 4.38MB/s]\r 86%|████████▌ | 2.26G/2.64G [04:56\u003c01:25, 4.42MB/s]\n"}
,{"stream_name":"stderr","time":384.035551017,"data":"\r 86%|████████▌ | 2.26G/2.64G [04:56\u003c01:25, 4.42MB/s]\r 86%|████████▌ | 2.26G/2.64G [04:56\u003c01:25, 4.45MB/s]\n"}
,{"stream_name":"stderr","time":384.17309414,"data":"\r 86%|████████▌ | 2.26G/2.64G [04:56\u003c01:25, 4.45MB/s]\r 86%|████████▌ | 2.26G/2.64G [04:56\u003c01:24, 4.47MB/s]\n"}
,{"stream_name":"stderr","time":384.310779871,"data":"\r 86%|████████▌ | 2.26G/2.64G [04:56\u003c01:24, 4.47MB/s]\r 86%|████████▌ | 2.26G/2.64G [04:56\u003c01:24, 4.49MB/s]\n"}
,{"stream_name":"stderr","time":384.448559541,"data":"\r 86%|████████▌ | 2.26G/2.64G [04:56\u003c01:24, 4.49MB/s]\r 86%|████████▌ | 2.26G/2.64G [04:56\u003c01:23, 4.49MB/s]\n"}
,{"stream_name":"stderr","time":384.586590725,"data":"\r 86%|████████▌ | 2.26G/2.64G [04:56\u003c01:23, 4.49MB/s]\r 86%|████████▌ | 2.26G/2.64G [04:57\u003c01:23, 4.50MB/s]\n"}
,{"stream_name":"stderr","time":384.724416494,"data":"\r 86%|████████▌ | 2.26G/2.64G [04:57\u003c01:23, 4.50MB/s]\r 86%|████████▌ | 2.26G/2.64G [04:57\u003c01:23, 4.50MB/s]\n"}
,{"stream_name":"stderr","time":384.863112613,"data":"\r 86%|████████▌ | 2.26G/2.64G [04:57\u003c01:23, 4.50MB/s]\r 86%|████████▌ | 2.26G/2.64G [04:57\u003c01:22, 4.57MB/s]\n"}
,{"stream_name":"stderr","time":384.9993103,"data":"\r 86%|████████▌ | 2.26G/2.64G [04:57\u003c01:22, 4.57MB/s]\r 86%|████████▌ | 2.27G/2.64G [04:57\u003c01:22, 4.57MB/s]\n"}
,{"stream_name":"stderr","time":385.137487679,"data":"\r 86%|████████▌ | 2.27G/2.64G [04:57\u003c01:22, 4.57MB/s]\r 86%|████████▌ | 2.27G/2.64G [04:57\u003c01:20, 4.62MB/s]\n"}
,{"stream_name":"stderr","time":385.274387631,"data":"\r 86%|████████▌ | 2.27G/2.64G [04:57\u003c01:20, 4.62MB/s]\r 86%|████████▌ | 2.27G/2.64G [04:57\u003c01:21, 4.60MB/s]\n"}
,{"stream_name":"stderr","time":385.413010671,"data":"\r 86%|████████▌ | 2.27G/2.64G [04:57\u003c01:21, 4.60MB/s]\r 86%|████████▌ | 2.27G/2.64G [04:57\u003c01:20, 4.64MB/s]\n"}
,{"stream_name":"stderr","time":385.55065216,"data":"\r 86%|████████▌ | 2.27G/2.64G [04:57\u003c01:20, 4.64MB/s]\r 86%|████████▌ | 2.27G/2.64G [04:57\u003c01:20, 4.61MB/s]\n"}
,{"stream_name":"stderr","time":385.689090964,"data":"\r 86%|████████▌ | 2.27G/2.64G [04:57\u003c01:20, 4.61MB/s]\r 86%|████████▌ | 2.27G/2.64G [04:58\u003c01:19, 4.65MB/s]\n"}
,{"stream_name":"stderr","time":385.826236698,"data":"\r 86%|████████▌ | 2.27G/2.64G [04:58\u003c01:19, 4.65MB/s]\r 86%|████████▌ | 2.27G/2.64G [04:58\u003c01:20, 4.61MB/s]\n"}
,{"stream_name":"stderr","time":385.96478833,"data":"\r 86%|████████▌ | 2.27G/2.64G [04:58\u003c01:20, 4.61MB/s]\r 86%|████████▌ | 2.27G/2.64G [04:58\u003c01:19, 4.65MB/s]\n"}
,{"stream_name":"stderr","time":386.102729526,"data":"\r 86%|████████▌ | 2.27G/2.64G [04:58\u003c01:19, 4.65MB/s]\r 86%|████████▌ | 2.27G/2.64G [04:58\u003c01:20, 4.61MB/s]\n"}
,{"stream_name":"stderr","time":386.240642308,"data":"\r 86%|████████▌ | 2.27G/2.64G [04:58\u003c01:20, 4.61MB/s]\r 86%|████████▌ | 2.27G/2.64G [04:58\u003c01:19, 4.65MB/s]\n"}
,{"stream_name":"stderr","time":386.378119533,"data":"\r 86%|████████▌ | 2.27G/2.64G [04:58\u003c01:19, 4.65MB/s]\r 86%|████████▌ | 2.27G/2.64G [04:58\u003c01:19, 4.61MB/s]\n"}
,{"stream_name":"stderr","time":386.516460348,"data":"\r 86%|████████▌ | 2.27G/2.64G [04:58\u003c01:19, 4.61MB/s]\r 86%|████████▌ | 2.27G/2.64G [04:58\u003c01:19, 4.65MB/s]\n"}
,{"stream_name":"stderr","time":386.654134695,"data":"\r 86%|████████▌ | 2.27G/2.64G [04:58\u003c01:19, 4.65MB/s]\r 86%|████████▌ | 2.27G/2.64G [04:59\u003c01:19, 4.61MB/s]\n"}
,{"stream_name":"stderr","time":386.792522759,"data":"\r 86%|████████▌ | 2.27G/2.64G [04:59\u003c01:19, 4.61MB/s]\r 86%|████████▌ | 2.27G/2.64G [04:59\u003c01:21, 4.51MB/s]\n"}
,{"stream_name":"stderr","time":386.930008374,"data":"\r 86%|████████▌ | 2.27G/2.64G [04:59\u003c01:21, 4.51MB/s]\r 86%|████████▌ | 2.27G/2.64G [04:59\u003c01:28, 4.16MB/s]\n"}
,{"stream_name":"stderr","time":387.064700985,"data":"\r 86%|████████▌ | 2.27G/2.64G [04:59\u003c01:28, 4.16MB/s]\r 86%|████████▌ | 2.27G/2.64G [04:59\u003c01:32, 3.93MB/s]\n"}
,{"stream_name":"stderr","time":387.202410996,"data":"\r 86%|████████▌ | 2.27G/2.64G [04:59\u003c01:32, 3.93MB/s]\r 86%|████████▌ | 2.28G/2.64G [04:59\u003c01:35, 3.83MB/s]\n"}
,{"stream_name":"stderr","time":387.339969268,"data":"\r 86%|████████▌ | 2.28G/2.64G [04:59\u003c01:35, 3.83MB/s]\r 86%|████████▌ | 2.28G/2.64G [04:59\u003c01:37, 3.75MB/s]\n"}
,{"stream_name":"stderr","time":387.478011081,"data":"\r 86%|████████▌ | 2.28G/2.64G [04:59\u003c01:37, 3.75MB/s]\r 86%|████████▌ | 2.28G/2.64G [04:59\u003c01:36, 3.76MB/s]\n"}
,{"stream_name":"stderr","time":387.614851406,"data":"\r 86%|████████▌ | 2.28G/2.64G [04:59\u003c01:36, 3.76MB/s]\r 86%|████████▌ | 2.28G/2.64G [05:00\u003c01:36, 3.78MB/s]\n"}
,{"stream_name":"stderr","time":387.753182932,"data":"\r 86%|████████▌ | 2.28G/2.64G [05:00\u003c01:36, 3.78MB/s]\r 86%|████████▌ | 2.28G/2.64G [05:00\u003c01:34, 3.86MB/s]\n"}
,{"stream_name":"stderr","time":387.890110598,"data":"\r 86%|████████▌ | 2.28G/2.64G [05:00\u003c01:34, 3.86MB/s]\r 86%|████████▋ | 2.28G/2.64G [05:00\u003c01:34, 3.85MB/s]\n"}
,{"stream_name":"stderr","time":388.027763938,"data":"\r 86%|████████▋ | 2.28G/2.64G [05:00\u003c01:34, 3.85MB/s]\r 86%|████████▋ | 2.28G/2.64G [05:00\u003c01:32, 3.91MB/s]\n"}
,{"stream_name":"stderr","time":388.16652108,"data":"\r 86%|████████▋ | 2.28G/2.64G [05:00\u003c01:32, 3.91MB/s]\r 86%|████████▋ | 2.28G/2.64G [05:00\u003c01:29, 4.02MB/s]\n"}
,{"stream_name":"stderr","time":388.304282185,"data":"\r 86%|████████▋ | 2.28G/2.64G [05:00\u003c01:29, 4.02MB/s]\r 86%|████████▋ | 2.28G/2.64G [05:00\u003c01:29, 4.02MB/s]\n"}
,{"stream_name":"stderr","time":388.526831191,"data":"\r 86%|████████▋ | 2.28G/2.64G [05:00\u003c01:29, 4.02MB/s]\r 86%|████████▋ | 2.28G/2.64G [05:00\u003c01:27, 4.10MB/s]\n"}
,{"stream_name":"stderr","time":388.580105784,"data":"\r 86%|████████▋ | 2.28G/2.64G [05:00\u003c01:27, 4.10MB/s]\r 86%|████████▋ | 2.28G/2.64G [05:01\u003c01:26, 4.15MB/s]\n"}
,{"stream_name":"stderr","time":388.717884619,"data":"\r 86%|████████▋ | 2.28G/2.64G [05:01\u003c01:26, 4.15MB/s]\r 86%|████████▋ | 2.28G/2.64G [05:01\u003c01:25, 4.19MB/s]\n"}
,{"stream_name":"stderr","time":388.855514972,"data":"\r 86%|████████▋ | 2.28G/2.64G [05:01\u003c01:25, 4.19MB/s]\r 86%|████████▋ | 2.28G/2.64G [05:01\u003c01:24, 4.22MB/s]\n"}
,{"stream_name":"stderr","time":388.993041107,"data":"\r 86%|████████▋ | 2.28G/2.64G [05:01\u003c01:24, 4.22MB/s]\r 86%|████████▋ | 2.28G/2.64G [05:01\u003c01:22, 4.31MB/s]\n"}
,{"stream_name":"stderr","time":389.131324377,"data":"\r 86%|████████▋ | 2.28G/2.64G [05:01\u003c01:22, 4.31MB/s]\r 86%|████████▋ | 2.28G/2.64G [05:01\u003c01:21, 4.37MB/s]\n"}
,{"stream_name":"stderr","time":389.268787496,"data":"\r 86%|████████▋ | 2.28G/2.64G [05:01\u003c01:21, 4.37MB/s]\r 86%|████████▋ | 2.28G/2.64G [05:01\u003c01:22, 4.34MB/s]\n"}
,{"stream_name":"stderr","time":389.40771557,"data":"\r 86%|████████▋ | 2.28G/2.64G [05:01\u003c01:22, 4.34MB/s]\r 87%|████████▋ | 2.28G/2.64G [05:01\u003c01:28, 4.03MB/s]\n"}
,{"stream_name":"stderr","time":389.545109661,"data":"\r 87%|████████▋ | 2.28G/2.64G [05:01\u003c01:28, 4.03MB/s]\r 87%|████████▋ | 2.28G/2.64G [05:01\u003c01:34, 3.75MB/s]\n"}
,{"stream_name":"stderr","time":389.682783049,"data":"\r 87%|████████▋ | 2.28G/2.64G [05:01\u003c01:34, 3.75MB/s]\r 87%|████████▋ | 2.29G/2.64G [05:02\u003c01:42, 3.48MB/s]\n"}
,{"stream_name":"stderr","time":389.820974296,"data":"\r 87%|████████▋ | 2.29G/2.64G [05:02\u003c01:42, 3.48MB/s]\r 87%|████████▋ | 2.29G/2.64G [05:02\u003c01:45, 3.37MB/s]\n"}
,{"stream_name":"stderr","time":389.958479105,"data":"\r 87%|████████▋ | 2.29G/2.64G [05:02\u003c01:45, 3.37MB/s]\r 87%|████████▋ | 2.29G/2.64G [05:02\u003c01:45, 3.36MB/s]\n"}
,{"stream_name":"stderr","time":390.097680117,"data":"\r 87%|████████▋ | 2.29G/2.64G [05:02\u003c01:45, 3.36MB/s]\r 87%|████████▋ | 2.29G/2.64G [05:02\u003c01:43, 3.41MB/s]\n"}
,{"stream_name":"stderr","time":390.235295615,"data":"\r 87%|████████▋ | 2.29G/2.64G [05:02\u003c01:43, 3.41MB/s]\r 87%|████████▋ | 2.29G/2.64G [05:02\u003c01:44, 3.39MB/s]\n"}
,{"stream_name":"stderr","time":390.373043364,"data":"\r 87%|████████▋ | 2.29G/2.64G [05:02\u003c01:44, 3.39MB/s]\r 87%|████████▋ | 2.29G/2.64G [05:02\u003c01:42, 3.44MB/s]\n"}
,{"stream_name":"stderr","time":390.510821548,"data":"\r 87%|████████▋ | 2.29G/2.64G [05:02\u003c01:42, 3.44MB/s]\r 87%|████████▋ | 2.29G/2.64G [05:02\u003c01:41, 3.48MB/s]\n"}
,{"stream_name":"stderr","time":390.64851043,"data":"\r 87%|████████▋ | 2.29G/2.64G [05:02\u003c01:41, 3.48MB/s]\r 87%|████████▋ | 2.29G/2.64G [05:03\u003c01:40, 3.51MB/s]\n"}
,{"stream_name":"stderr","time":390.78625638,"data":"\r 87%|████████▋ | 2.29G/2.64G [05:03\u003c01:40, 3.51MB/s]\r 87%|████████▋ | 2.29G/2.64G [05:03\u003c01:39, 3.53MB/s]\n"}
,{"stream_name":"stderr","time":390.923778478,"data":"\r 87%|████████▋ | 2.29G/2.64G [05:03\u003c01:39, 3.53MB/s]\r 87%|████████▋ | 2.29G/2.64G [05:03\u003c01:39, 3.54MB/s]\n"}
,{"stream_name":"stderr","time":391.062934064,"data":"\r 87%|████████▋ | 2.29G/2.64G [05:03\u003c01:39, 3.54MB/s]\r 87%|████████▋ | 2.29G/2.64G [05:03\u003c01:37, 3.61MB/s]\n"}
,{"stream_name":"stderr","time":391.198643033,"data":"\r 87%|████████▋ | 2.29G/2.64G [05:03\u003c01:37, 3.61MB/s]\r 87%|████████▋ | 2.29G/2.64G [05:03\u003c01:37, 3.61MB/s]\n"}
,{"stream_name":"stderr","time":391.337205831,"data":"\r 87%|████████▋ | 2.29G/2.64G [05:03\u003c01:37, 3.61MB/s]\r 87%|████████▋ | 2.29G/2.64G [05:03\u003c01:35, 3.66MB/s]\n"}
,{"stream_name":"stderr","time":391.474578639,"data":"\r 87%|████████▋ | 2.29G/2.64G [05:03\u003c01:35, 3.66MB/s]\r 87%|████████▋ | 2.29G/2.64G [05:03\u003c01:35, 3.64MB/s]\n"}
,{"stream_name":"stderr","time":391.612272601,"data":"\r 87%|████████▋ | 2.29G/2.64G [05:03\u003c01:35, 3.64MB/s]\r 87%|████████▋ | 2.29G/2.64G [05:04\u003c01:34, 3.69MB/s]\n"}
,{"stream_name":"stderr","time":391.750751521,"data":"\r 87%|████████▋ | 2.29G/2.64G [05:04\u003c01:34, 3.69MB/s]\r 87%|████████▋ | 2.29G/2.64G [05:04\u003c01:33, 3.72MB/s]\n"}
,{"stream_name":"stderr","time":391.887821445,"data":"\r 87%|████████▋ | 2.29G/2.64G [05:04\u003c01:33, 3.72MB/s]\r 87%|████████▋ | 2.29G/2.64G [05:04\u003c01:34, 3.68MB/s]\n"}
,{"stream_name":"stderr","time":392.025463862,"data":"\r 87%|████████▋ | 2.29G/2.64G [05:04\u003c01:34, 3.68MB/s]\r 87%|████████▋ | 2.29G/2.64G [05:04\u003c01:33, 3.72MB/s]\n"}
,{"stream_name":"stderr","time":392.163132419,"data":"\r 87%|████████▋ | 2.29G/2.64G [05:04\u003c01:33, 3.72MB/s]\r 87%|████████▋ | 2.29G/2.64G [05:04\u003c01:32, 3.74MB/s]\n"}
,{"stream_name":"stderr","time":392.300654034,"data":"\r 87%|████████▋ | 2.29G/2.64G [05:04\u003c01:32, 3.74MB/s]\r 87%|████████▋ | 2.29G/2.64G [05:04\u003c01:31, 3.76MB/s]\n"}
,{"stream_name":"stderr","time":392.438373415,"data":"\r 87%|████████▋ | 2.29G/2.64G [05:04\u003c01:31, 3.76MB/s]\r 87%|████████▋ | 2.29G/2.64G [05:04\u003c01:31, 3.78MB/s]\n"}
,{"stream_name":"stderr","time":392.621761805,"data":"\r 87%|████████▋ | 2.29G/2.64G [05:04\u003c01:31, 3.78MB/s]\r 87%|████████▋ | 2.30G/2.64G [05:05\u003c01:40, 3.44MB/s]\n"}
,{"stream_name":"stderr","time":392.759252953,"data":"\r 87%|████████▋ | 2.30G/2.64G [05:05\u003c01:40, 3.44MB/s]\r 87%|████████▋ | 2.30G/2.64G [05:05\u003c01:37, 3.55MB/s]\n"}
,{"stream_name":"stderr","time":392.897260018,"data":"\r 87%|████████▋ | 2.30G/2.64G [05:05\u003c01:37, 3.55MB/s]\r 87%|████████▋ | 2.30G/2.64G [05:05\u003c01:42, 3.35MB/s]\n"}
,{"stream_name":"stderr","time":393.034942355,"data":"\r 87%|████████▋ | 2.30G/2.64G [05:05\u003c01:42, 3.35MB/s]\r 87%|████████▋ | 2.30G/2.64G [05:05\u003c01:47, 3.21MB/s]\n"}
,{"stream_name":"stderr","time":393.173030891,"data":"\r 87%|████████▋ | 2.30G/2.64G [05:05\u003c01:47, 3.21MB/s]\r 87%|████████▋ | 2.30G/2.64G [05:05\u003c01:48, 3.17MB/s]\n"}
,{"stream_name":"stderr","time":393.310283476,"data":"\r 87%|████████▋ | 2.30G/2.64G [05:05\u003c01:48, 3.17MB/s]\r 87%|████████▋ | 2.30G/2.64G [05:05\u003c01:48, 3.15MB/s]\n"}
,{"stream_name":"stderr","time":393.447353421,"data":"\r 87%|████████▋ | 2.30G/2.64G [05:05\u003c01:48, 3.15MB/s]\r 87%|████████▋ | 2.30G/2.64G [05:05\u003c01:49, 3.14MB/s]\n"}
,{"stream_name":"stderr","time":393.584895542,"data":"\r 87%|████████▋ | 2.30G/2.64G [05:05\u003c01:49, 3.14MB/s]\r 87%|████████▋ | 2.30G/2.64G [05:06\u003c01:49, 3.13MB/s]\n"}
,{"stream_name":"stderr","time":393.722157567,"data":"\r 87%|████████▋ | 2.30G/2.64G [05:06\u003c01:49, 3.13MB/s]\r 87%|████████▋ | 2.30G/2.64G [05:06\u003c01:47, 3.19MB/s]\n"}
,{"stream_name":"stderr","time":393.860001207,"data":"\r 87%|████████▋ | 2.30G/2.64G [05:06\u003c01:47, 3.19MB/s]\r 87%|████████▋ | 2.30G/2.64G [05:06\u003c01:45, 3.23MB/s]\n"}
,{"stream_name":"stderr","time":393.998771155,"data":"\r 87%|████████▋ | 2.30G/2.64G [05:06\u003c01:45, 3.23MB/s]\r 87%|████████▋ | 2.30G/2.64G [05:06\u003c01:42, 3.33MB/s]\n"}
,{"stream_name":"stderr","time":394.135903295,"data":"\r 87%|████████▋ | 2.30G/2.64G [05:06\u003c01:42, 3.33MB/s]\r 87%|████████▋ | 2.30G/2.64G [05:06\u003c01:42, 3.33MB/s]\n"}
,{"stream_name":"stderr","time":394.273850871,"data":"\r 87%|████████▋ | 2.30G/2.64G [05:06\u003c01:42, 3.33MB/s]\r 87%|████████▋ | 2.30G/2.64G [05:06\u003c01:39, 3.40MB/s]\n"}
,{"stream_name":"stderr","time":394.410397894,"data":"\r 87%|████████▋ | 2.30G/2.64G [05:06\u003c01:39, 3.40MB/s]\r 87%|████████▋ | 2.30G/2.64G [05:06\u003c01:40, 3.39MB/s]\n"}
,{"stream_name":"stderr","time":394.547794444,"data":"\r 87%|████████▋ | 2.30G/2.64G [05:06\u003c01:40, 3.39MB/s]\r 87%|████████▋ | 2.30G/2.64G [05:06\u003c01:38, 3.44MB/s]\n"}
,{"stream_name":"stderr","time":394.685972201,"data":"\r 87%|████████▋ | 2.30G/2.64G [05:06\u003c01:38, 3.44MB/s]\r 87%|████████▋ | 2.30G/2.64G [05:07\u003c01:37, 3.48MB/s]\n"}
,{"stream_name":"stderr","time":394.824158143,"data":"\r 87%|████████▋ | 2.30G/2.64G [05:07\u003c01:37, 3.48MB/s]\r 87%|████████▋ | 2.30G/2.64G [05:07\u003c01:34, 3.57MB/s]\n"}
,{"stream_name":"stderr","time":394.961342006,"data":"\r 87%|████████▋ | 2.30G/2.64G [05:07\u003c01:34, 3.57MB/s]\r 87%|████████▋ | 2.30G/2.64G [05:07\u003c01:34, 3.58MB/s]\n"}
,{"stream_name":"stderr","time":395.099123846,"data":"\r 87%|████████▋ | 2.30G/2.64G [05:07\u003c01:34, 3.58MB/s]\r 87%|████████▋ | 2.30G/2.64G [05:07\u003c01:34, 3.58MB/s]\n"}
,{"stream_name":"stderr","time":395.237300191,"data":"\r 87%|████████▋ | 2.30G/2.64G [05:07\u003c01:34, 3.58MB/s]\r 87%|████████▋ | 2.30G/2.64G [05:07\u003c01:32, 3.64MB/s]\n"}
,{"stream_name":"stderr","time":395.375388537,"data":"\r 87%|████████▋ | 2.30G/2.64G [05:07\u003c01:32, 3.64MB/s]\r 87%|████████▋ | 2.30G/2.64G [05:07\u003c01:31, 3.68MB/s]\n"}
,{"stream_name":"stderr","time":395.512483098,"data":"\r 87%|████████▋ | 2.30G/2.64G [05:07\u003c01:31, 3.68MB/s]\r 87%|████████▋ | 2.31G/2.64G [05:07\u003c01:31, 3.66MB/s]\n"}
,{"stream_name":"stderr","time":395.650778877,"data":"\r 87%|████████▋ | 2.31G/2.64G [05:07\u003c01:31, 3.66MB/s]\r 87%|████████▋ | 2.31G/2.64G [05:08\u003c01:30, 3.70MB/s]\n"}
,{"stream_name":"stderr","time":395.788017959,"data":"\r 87%|████████▋ | 2.31G/2.64G [05:08\u003c01:30, 3.70MB/s]\r 87%|████████▋ | 2.31G/2.64G [05:08\u003c01:29, 3.73MB/s]\n"}
,{"stream_name":"stderr","time":395.926588383,"data":"\r 87%|████████▋ | 2.31G/2.64G [05:08\u003c01:29, 3.73MB/s]\r 87%|████████▋ | 2.31G/2.64G [05:08\u003c01:28, 3.75MB/s]\n"}
,{"stream_name":"stderr","time":396.063921711,"data":"\r 87%|████████▋ | 2.31G/2.64G [05:08\u003c01:28, 3.75MB/s]\r 87%|████████▋ | 2.31G/2.64G [05:08\u003c01:29, 3.70MB/s]\n"}
,{"stream_name":"stderr","time":396.201380172,"data":"\r 87%|████████▋ | 2.31G/2.64G [05:08\u003c01:29, 3.70MB/s]\r 87%|████████▋ | 2.31G/2.64G [05:08\u003c01:29, 3.73MB/s]\n"}
,{"stream_name":"stderr","time":396.338310488,"data":"\r 87%|████████▋ | 2.31G/2.64G [05:08\u003c01:29, 3.73MB/s]\r 87%|████████▋ | 2.31G/2.64G [05:08\u003c01:28, 3.76MB/s]\n"}
,{"stream_name":"stderr","time":396.476711196,"data":"\r 87%|████████▋ | 2.31G/2.64G [05:08\u003c01:28, 3.76MB/s]\r 87%|████████▋ | 2.31G/2.64G [05:08\u003c01:27, 3.77MB/s]\n"}
,{"stream_name":"stderr","time":396.614836407,"data":"\r 87%|████████▋ | 2.31G/2.64G [05:08\u003c01:27, 3.77MB/s]\r 87%|████████▋ | 2.31G/2.64G [05:09\u003c01:27, 3.78MB/s]\n"}
,{"stream_name":"stderr","time":396.753210321,"data":"\r 87%|████████▋ | 2.31G/2.64G [05:09\u003c01:27, 3.78MB/s]\r 87%|████████▋ | 2.31G/2.64G [05:09\u003c01:27, 3.78MB/s]\n"}
,{"stream_name":"stderr","time":396.890532487,"data":"\r 87%|████████▋ | 2.31G/2.64G [05:09\u003c01:27, 3.78MB/s]\r 88%|████████▊ | 2.31G/2.64G [05:09\u003c01:27, 3.79MB/s]\n"}
,{"stream_name":"stderr","time":397.028872054,"data":"\r 88%|████████▊ | 2.31G/2.64G [05:09\u003c01:27, 3.79MB/s]\r 88%|████████▊ | 2.31G/2.64G [05:09\u003c01:26, 3.79MB/s]\n"}
,{"stream_name":"stderr","time":397.167155653,"data":"\r 88%|████████▊ | 2.31G/2.64G [05:09\u003c01:26, 3.79MB/s]\r 88%|████████▊ | 2.31G/2.64G [05:09\u003c01:26, 3.79MB/s]\n"}
,{"stream_name":"stderr","time":397.306083588,"data":"\r 88%|████████▊ | 2.31G/2.64G [05:09\u003c01:26, 3.79MB/s]\r 88%|████████▊ | 2.31G/2.64G [05:09\u003c01:26, 3.79MB/s]\n"}
,{"stream_name":"stderr","time":397.443803811,"data":"\r 88%|████████▊ | 2.31G/2.64G [05:09\u003c01:26, 3.79MB/s]\r 88%|████████▊ | 2.31G/2.64G [05:09\u003c01:26, 3.79MB/s]\n"}
,{"stream_name":"stderr","time":397.576917845,"data":"\r 88%|████████▊ | 2.31G/2.64G [05:09\u003c01:26, 3.79MB/s]\r 88%|████████▊ | 2.31G/2.64G [05:09\u003c01:26, 3.76MB/s]\n"}
,{"stream_name":"stderr","time":397.714565898,"data":"\r 88%|████████▊ | 2.31G/2.64G [05:09\u003c01:26, 3.76MB/s]\r 88%|████████▊ | 2.31G/2.64G [05:10\u003c01:26, 3.77MB/s]\n"}
,{"stream_name":"stderr","time":397.852253338,"data":"\r 88%|████████▊ | 2.31G/2.64G [05:10\u003c01:26, 3.77MB/s]\r 88%|████████▊ | 2.31G/2.64G [05:10\u003c01:26, 3.79MB/s]\n"}
,{"stream_name":"stderr","time":397.990036005,"data":"\r 88%|████████▊ | 2.31G/2.64G [05:10\u003c01:26, 3.79MB/s]\r 88%|████████▊ | 2.31G/2.64G [05:10\u003c01:25, 3.79MB/s]\n"}
,{"stream_name":"stderr","time":398.128401484,"data":"\r 88%|████████▊ | 2.31G/2.64G [05:10\u003c01:25, 3.79MB/s]\r 88%|████████▊ | 2.32G/2.64G [05:10\u003c01:25, 3.79MB/s]\n"}
,{"stream_name":"stderr","time":398.265975699,"data":"\r 88%|████████▊ | 2.32G/2.64G [05:10\u003c01:25, 3.79MB/s]\r 88%|████████▊ | 2.32G/2.64G [05:10\u003c01:25, 3.80MB/s]\n"}
,{"stream_name":"stderr","time":398.403352043,"data":"\r 88%|████████▊ | 2.32G/2.64G [05:10\u003c01:25, 3.80MB/s]\r 88%|████████▊ | 2.32G/2.64G [05:10\u003c01:25, 3.80MB/s]\n"}
,{"stream_name":"stderr","time":398.54119845,"data":"\r 88%|████████▊ | 2.32G/2.64G [05:10\u003c01:25, 3.80MB/s]\r 88%|████████▊ | 2.32G/2.64G [05:10\u003c01:25, 3.81MB/s]\n"}
,{"stream_name":"stderr","time":398.681375553,"data":"\r 88%|████████▊ | 2.32G/2.64G [05:10\u003c01:25, 3.81MB/s]\r 88%|████████▊ | 2.32G/2.64G [05:11\u003c01:25, 3.78MB/s]\n"}
,{"stream_name":"stderr","time":398.818690207,"data":"\r 88%|████████▊ | 2.32G/2.64G [05:11\u003c01:25, 3.78MB/s]\r 88%|████████▊ | 2.32G/2.64G [05:11\u003c01:24, 3.79MB/s]\n"}
,{"stream_name":"stderr","time":398.953737764,"data":"\r 88%|████████▊ | 2.32G/2.64G [05:11\u003c01:24, 3.79MB/s]\r 88%|████████▊ | 2.32G/2.64G [05:11\u003c01:24, 3.82MB/s]\n"}
,{"stream_name":"stderr","time":399.091362032,"data":"\r 88%|████████▊ | 2.32G/2.64G [05:11\u003c01:24, 3.82MB/s]\r 88%|████████▊ | 2.32G/2.64G [05:11\u003c01:24, 3.82MB/s]\n"}
,{"stream_name":"stderr","time":399.2288194,"data":"\r 88%|████████▊ | 2.32G/2.64G [05:11\u003c01:24, 3.82MB/s]\r 88%|████████▊ | 2.32G/2.64G [05:11\u003c01:24, 3.82MB/s]\n"}
,{"stream_name":"stderr","time":399.36710873,"data":"\r 88%|████████▊ | 2.32G/2.64G [05:11\u003c01:24, 3.82MB/s]\r 88%|████████▊ | 2.32G/2.64G [05:11\u003c01:22, 3.88MB/s]\n"}
,{"stream_name":"stderr","time":399.503733786,"data":"\r 88%|████████▊ | 2.32G/2.64G [05:11\u003c01:22, 3.88MB/s]\r 88%|████████▊ | 2.32G/2.64G [05:11\u003c01:22, 3.86MB/s]\n"}
,{"stream_name":"stderr","time":399.642097725,"data":"\r 88%|████████▊ | 2.32G/2.64G [05:11\u003c01:22, 3.86MB/s]\r 88%|████████▊ | 2.32G/2.64G [05:12\u003c01:21, 3.91MB/s]\n"}
,{"stream_name":"stderr","time":399.779287927,"data":"\r 88%|████████▊ | 2.32G/2.64G [05:12\u003c01:21, 3.91MB/s]\r 88%|████████▊ | 2.32G/2.64G [05:12\u003c01:22, 3.89MB/s]\n"}
,{"stream_name":"stderr","time":399.917484316,"data":"\r 88%|████████▊ | 2.32G/2.64G [05:12\u003c01:22, 3.89MB/s]\r 88%|████████▊ | 2.32G/2.64G [05:12\u003c01:20, 3.93MB/s]\n"}
,{"stream_name":"stderr","time":400.056075593,"data":"\r 88%|████████▊ | 2.32G/2.64G [05:12\u003c01:20, 3.93MB/s]\r 88%|████████▊ | 2.32G/2.64G [05:12\u003c01:24, 3.74MB/s]\n"}
,{"stream_name":"stderr","time":400.193777671,"data":"\r 88%|████████▊ | 2.32G/2.64G [05:12\u003c01:24, 3.74MB/s]\r 88%|████████▊ | 2.32G/2.64G [05:12\u003c01:31, 3.48MB/s]\n"}
,{"stream_name":"stderr","time":400.331200736,"data":"\r 88%|████████▊ | 2.32G/2.64G [05:12\u003c01:31, 3.48MB/s]\r 88%|████████▊ | 2.32G/2.64G [05:12\u003c01:34, 3.36MB/s]\n"}
,{"stream_name":"stderr","time":400.469762379,"data":"\r 88%|████████▊ | 2.32G/2.64G [05:12\u003c01:34, 3.36MB/s]\r 88%|████████▊ | 2.32G/2.64G [05:12\u003c01:34, 3.35MB/s]\n"}
,{"stream_name":"stderr","time":400.607085752,"data":"\r 88%|████████▊ | 2.32G/2.64G [05:12\u003c01:34, 3.35MB/s]\r 88%|████████▊ | 2.32G/2.64G [05:13\u003c01:36, 3.28MB/s]\n"}
,{"stream_name":"stderr","time":400.745174379,"data":"\r 88%|████████▊ | 2.32G/2.64G [05:13\u003c01:36, 3.28MB/s]\r 88%|████████▊ | 2.32G/2.64G [05:13\u003c01:35, 3.29MB/s]\n"}
,{"stream_name":"stderr","time":400.883204431,"data":"\r 88%|████████▊ | 2.32G/2.64G [05:13\u003c01:35, 3.29MB/s]\r 88%|████████▊ | 2.33G/2.64G [05:13\u003c01:33, 3.37MB/s]\n"}
,{"stream_name":"stderr","time":401.020593097,"data":"\r 88%|████████▊ | 2.33G/2.64G [05:13\u003c01:33, 3.37MB/s]\r 88%|████████▊ | 2.33G/2.64G [05:13\u003c01:33, 3.37MB/s]\n"}
,{"stream_name":"stderr","time":401.157434981,"data":"\r 88%|████████▊ | 2.33G/2.64G [05:13\u003c01:33, 3.37MB/s]\r 88%|████████▊ | 2.33G/2.64G [05:13\u003c01:31, 3.43MB/s]\n"}
,{"stream_name":"stderr","time":401.295825315,"data":"\r 88%|████████▊ | 2.33G/2.64G [05:13\u003c01:31, 3.43MB/s]\r 88%|████████▊ | 2.33G/2.64G [05:13\u003c01:30, 3.47MB/s]\n"}
,{"stream_name":"stderr","time":401.433786341,"data":"\r 88%|████████▊ | 2.33G/2.64G [05:13\u003c01:30, 3.47MB/s]\r 88%|████████▊ | 2.33G/2.64G [05:13\u003c01:27, 3.56MB/s]\n"}
,{"stream_name":"stderr","time":401.571992163,"data":"\r 88%|████████▊ | 2.33G/2.64G [05:13\u003c01:27, 3.56MB/s]\r 88%|████████▊ | 2.33G/2.64G [05:13\u003c01:26, 3.63MB/s]\n"}
,{"stream_name":"stderr","time":401.707768931,"data":"\r 88%|████████▊ | 2.33G/2.64G [05:13\u003c01:26, 3.63MB/s]\r 88%|████████▊ | 2.33G/2.64G [05:14\u003c01:26, 3.63MB/s]\n"}
,{"stream_name":"stderr","time":401.846357087,"data":"\r 88%|████████▊ | 2.33G/2.64G [05:14\u003c01:26, 3.63MB/s]\r 88%|████████▊ | 2.33G/2.64G [05:14\u003c01:23, 3.75MB/s]\n"}
,{"stream_name":"stderr","time":401.986254834,"data":"\r 88%|████████▊ | 2.33G/2.64G [05:14\u003c01:23, 3.75MB/s]\r 88%|████████▊ | 2.33G/2.64G [05:14\u003c01:29, 3.47MB/s]\n"}
,{"stream_name":"stderr","time":402.122142564,"data":"\r 88%|████████▊ | 2.33G/2.64G [05:14\u003c01:29, 3.47MB/s]\r 88%|████████▊ | 2.33G/2.64G [05:14\u003c01:36, 3.22MB/s]\n"}
,{"stream_name":"stderr","time":402.259614052,"data":"\r 88%|████████▊ | 2.33G/2.64G [05:14\u003c01:36, 3.22MB/s]\r 88%|████████▊ | 2.33G/2.64G [05:14\u003c01:42, 3.04MB/s]\n"}
,{"stream_name":"stderr","time":402.398103997,"data":"\r 88%|████████▊ | 2.33G/2.64G [05:14\u003c01:42, 3.04MB/s]\r 88%|████████▊ | 2.33G/2.64G [05:14\u003c01:41, 3.05MB/s]\n"}
,{"stream_name":"stderr","time":402.535226712,"data":"\r 88%|████████▊ | 2.33G/2.64G [05:14\u003c01:41, 3.05MB/s]\r 88%|████████▊ | 2.33G/2.64G [05:14\u003c01:43, 3.00MB/s]\n"}
,{"stream_name":"stderr","time":402.672987064,"data":"\r 88%|████████▊ | 2.33G/2.64G [05:14\u003c01:43, 3.00MB/s]\r 88%|████████▊ | 2.33G/2.64G [05:15\u003c01:44, 2.96MB/s]\n"}
,{"stream_name":"stderr","time":402.810388525,"data":"\r 88%|████████▊ | 2.33G/2.64G [05:15\u003c01:44, 2.96MB/s]\r 88%|████████▊ | 2.33G/2.64G [05:15\u003c01:43, 3.00MB/s]\n"}
,{"stream_name":"stderr","time":402.948198397,"data":"\r 88%|████████▊ | 2.33G/2.64G [05:15\u003c01:43, 3.00MB/s]\r 88%|████████▊ | 2.33G/2.64G [05:15\u003c01:41, 3.02MB/s]\n"}
,{"stream_name":"stderr","time":403.086694597,"data":"\r 88%|████████▊ | 2.33G/2.64G [05:15\u003c01:41, 3.02MB/s]\r 88%|████████▊ | 2.33G/2.64G [05:15\u003c01:41, 3.05MB/s]\n"}
,{"stream_name":"stderr","time":403.223584142,"data":"\r 88%|████████▊ | 2.33G/2.64G [05:15\u003c01:41, 3.05MB/s]\r 88%|████████▊ | 2.33G/2.64G [05:15\u003c01:40, 3.06MB/s]\n"}
,{"stream_name":"stderr","time":403.360808401,"data":"\r 88%|████████▊ | 2.33G/2.64G [05:15\u003c01:40, 3.06MB/s]\r 88%|████████▊ | 2.33G/2.64G [05:15\u003c01:39, 3.07MB/s]\n"}
,{"stream_name":"stderr","time":403.499105546,"data":"\r 88%|████████▊ | 2.33G/2.64G [05:15\u003c01:39, 3.07MB/s]\r 88%|████████▊ | 2.33G/2.64G [05:15\u003c01:37, 3.15MB/s]\n"}
,{"stream_name":"stderr","time":403.636598558,"data":"\r 88%|████████▊ | 2.33G/2.64G [05:15\u003c01:37, 3.15MB/s]\r 88%|████████▊ | 2.33G/2.64G [05:16\u003c01:37, 3.14MB/s]\n"}
,{"stream_name":"stderr","time":403.774792881,"data":"\r 88%|████████▊ | 2.33G/2.64G [05:16\u003c01:37, 3.14MB/s]\r 88%|████████▊ | 2.33G/2.64G [05:16\u003c01:35, 3.19MB/s]\n"}
,{"stream_name":"stderr","time":403.911002859,"data":"\r 88%|████████▊ | 2.33G/2.64G [05:16\u003c01:35, 3.19MB/s]\r 88%|████████▊ | 2.34G/2.64G [05:16\u003c01:36, 3.17MB/s]\n"}
,{"stream_name":"stderr","time":404.049138977,"data":"\r 88%|████████▊ | 2.34G/2.64G [05:16\u003c01:36, 3.17MB/s]\r 88%|████████▊ | 2.34G/2.64G [05:16\u003c01:34, 3.21MB/s]\n"}
,{"stream_name":"stderr","time":404.187577406,"data":"\r 88%|████████▊ | 2.34G/2.64G [05:16\u003c01:34, 3.21MB/s]\r 88%|████████▊ | 2.34G/2.64G [05:16\u003c01:33, 3.25MB/s]\n"}
,{"stream_name":"stderr","time":404.32392543,"data":"\r 88%|████████▊ | 2.34G/2.64G [05:16\u003c01:33, 3.25MB/s]\r 88%|████████▊ | 2.34G/2.64G [05:16\u003c01:34, 3.21MB/s]\n"}
,{"stream_name":"stderr","time":404.511375213,"data":"\r 88%|████████▊ | 2.34G/2.64G [05:16\u003c01:34, 3.21MB/s]\r 89%|████████▊ | 2.34G/2.64G [05:16\u003c01:43, 2.93MB/s]\n"}
,{"stream_name":"stderr","time":404.64919025,"data":"\r 89%|████████▊ | 2.34G/2.64G [05:16\u003c01:43, 2.93MB/s]\r 89%|████████▊ | 2.34G/2.64G [05:17\u003c01:49, 2.77MB/s]\n"}
,{"stream_name":"stderr","time":404.831945019,"data":"\r 89%|████████▊ | 2.34G/2.64G [05:17\u003c01:49, 2.77MB/s]\r 89%|████████▊ | 2.34G/2.64G [05:17\u003c02:07, 2.37MB/s]\n"}
,{"stream_name":"stderr","time":404.970676485,"data":"\r 89%|████████▊ | 2.34G/2.64G [05:17\u003c02:07, 2.37MB/s]\r 89%|████████▊ | 2.34G/2.64G [05:17\u003c02:15, 2.24MB/s]\n"}
,{"stream_name":"stderr","time":405.107450291,"data":"\r 89%|████████▊ | 2.34G/2.64G [05:17\u003c02:15, 2.24MB/s]\r 89%|████████▊ | 2.34G/2.64G [05:17\u003c02:25, 2.08MB/s]\n"}
,{"stream_name":"stderr","time":405.242419581,"data":"\r 89%|████████▊ | 2.34G/2.64G [05:17\u003c02:25, 2.08MB/s]\r 89%|████████▊ | 2.34G/2.64G [05:17\u003c02:32, 1.98MB/s]\n"}
,{"stream_name":"stderr","time":405.382789333,"data":"\r 89%|████████▊ | 2.34G/2.64G [05:17\u003c02:32, 1.98MB/s]\r 89%|████████▊ | 2.34G/2.64G [05:17\u003c02:35, 1.94MB/s]\n"}
,{"stream_name":"stderr","time":405.520274601,"data":"\r 89%|████████▊ | 2.34G/2.64G [05:17\u003c02:35, 1.94MB/s]\r 89%|████████▊ | 2.34G/2.64G [05:17\u003c02:36, 1.93MB/s]\n"}
,{"stream_name":"stderr","time":405.658253167,"data":"\r 89%|████████▊ | 2.34G/2.64G [05:17\u003c02:36, 1.93MB/s]\r 89%|████████▊ | 2.34G/2.64G [05:18\u003c02:36, 1.92MB/s]\n"}
,{"stream_name":"stderr","time":405.795518581,"data":"\r 89%|████████▊ | 2.34G/2.64G [05:18\u003c02:36, 1.92MB/s]\r 89%|████████▊ | 2.34G/2.64G [05:18\u003c02:36, 1.92MB/s]\n"}
,{"stream_name":"stderr","time":405.933590028,"data":"\r 89%|████████▊ | 2.34G/2.64G [05:18\u003c02:36, 1.92MB/s]\r 89%|████████▊ | 2.34G/2.64G [05:18\u003c02:37, 1.91MB/s]\n"}
,{"stream_name":"stderr","time":406.067114814,"data":"\r 89%|████████▊ | 2.34G/2.64G [05:18\u003c02:37, 1.91MB/s]\r 89%|████████▊ | 2.34G/2.64G [05:18\u003c02:41, 1.86MB/s]\n"}
,{"stream_name":"stderr","time":406.208548231,"data":"\r 89%|████████▊ | 2.34G/2.64G [05:18\u003c02:41, 1.86MB/s]\r 89%|████████▊ | 2.34G/2.64G [05:18\u003c02:35, 1.93MB/s]\n"}
,{"stream_name":"stderr","time":406.345930261,"data":"\r 89%|████████▊ | 2.34G/2.64G [05:18\u003c02:35, 1.93MB/s]\r 89%|████████▊ | 2.34G/2.64G [05:18\u003c02:36, 1.92MB/s]\n"}
,{"stream_name":"stderr","time":406.479786339,"data":"\r 89%|████████▊ | 2.34G/2.64G [05:18\u003c02:36, 1.92MB/s]\r 89%|████████▊ | 2.34G/2.64G [05:18\u003c02:35, 1.93MB/s]\n"}
,{"stream_name":"stderr","time":406.617238837,"data":"\r 89%|████████▊ | 2.34G/2.64G [05:18\u003c02:35, 1.93MB/s]\r 89%|████████▊ | 2.34G/2.64G [05:19\u003c02:35, 1.92MB/s]\n"}
,{"stream_name":"stderr","time":406.754794341,"data":"\r 89%|████████▊ | 2.34G/2.64G [05:19\u003c02:35, 1.92MB/s]\r 89%|████████▊ | 2.34G/2.64G [05:19\u003c02:36, 1.92MB/s]\n"}
,{"stream_name":"stderr","time":406.895607243,"data":"\r 89%|████████▊ | 2.34G/2.64G [05:19\u003c02:36, 1.92MB/s]\r 89%|████████▊ | 2.34G/2.64G [05:19\u003c02:31, 1.97MB/s]\n"}
,{"stream_name":"stderr","time":407.030621529,"data":"\r 89%|████████▊ | 2.34G/2.64G [05:19\u003c02:31, 1.97MB/s]\r 89%|████████▊ | 2.34G/2.64G [05:19\u003c02:32, 1.96MB/s]\n"}
,{"stream_name":"stderr","time":407.167618138,"data":"\r 89%|████████▊ | 2.34G/2.64G [05:19\u003c02:32, 1.96MB/s]\r 89%|████████▊ | 2.34G/2.64G [05:19\u003c02:33, 1.95MB/s]\n"}
,{"stream_name":"stderr","time":407.305467058,"data":"\r 89%|████████▊ | 2.34G/2.64G [05:19\u003c02:33, 1.95MB/s]\r 89%|████████▊ | 2.34G/2.64G [05:19\u003c02:34, 1.93MB/s]\n"}
,{"stream_name":"stderr","time":407.445662851,"data":"\r 89%|████████▊ | 2.34G/2.64G [05:19\u003c02:34, 1.93MB/s]\r 89%|████████▊ | 2.34G/2.64G [05:19\u003c02:30, 1.99MB/s]\n"}
,{"stream_name":"stderr","time":407.58333687,"data":"\r 89%|████████▊ | 2.34G/2.64G [05:19\u003c02:30, 1.99MB/s]\r 89%|████████▊ | 2.34G/2.64G [05:20\u003c02:31, 1.96MB/s]\n"}
,{"stream_name":"stderr","time":407.718481607,"data":"\r 89%|████████▊ | 2.34G/2.64G [05:20\u003c02:31, 1.96MB/s]\r 89%|████████▊ | 2.34G/2.64G [05:20\u003c02:32, 1.95MB/s]\n"}
,{"stream_name":"stderr","time":407.857379011,"data":"\r 89%|████████▊ | 2.34G/2.64G [05:20\u003c02:32, 1.95MB/s]\r 89%|████████▊ | 2.34G/2.64G [05:20\u003c02:45, 1.79MB/s]\n"}
,{"stream_name":"stderr","time":407.997480036,"data":"\r 89%|████████▊ | 2.34G/2.64G [05:20\u003c02:45, 1.79MB/s]\r 89%|████████▉ | 2.34G/2.64G [05:20\u003c02:57, 1.68MB/s]\n"}
,{"stream_name":"stderr","time":408.135564114,"data":"\r 89%|████████▉ | 2.34G/2.64G [05:20\u003c02:57, 1.68MB/s]\r 89%|████████▉ | 2.34G/2.64G [05:20\u003c03:05, 1.60MB/s]\n"}
,{"stream_name":"stderr","time":408.273505127,"data":"\r 89%|████████▉ | 2.34G/2.64G [05:20\u003c03:05, 1.60MB/s]\r 89%|████████▉ | 2.34G/2.64G [05:20\u003c03:03, 1.62MB/s]\n"}
,{"stream_name":"stderr","time":408.41135007,"data":"\r 89%|████████▉ | 2.34G/2.64G [05:20\u003c03:03, 1.62MB/s]\r 89%|████████▉ | 2.34G/2.64G [05:20\u003c03:09, 1.56MB/s]\n"}
,{"stream_name":"stderr","time":408.548887394,"data":"\r 89%|████████▉ | 2.34G/2.64G [05:20\u003c03:09, 1.56MB/s]\r 89%|████████▉ | 2.34G/2.64G [05:20\u003c03:05, 1.59MB/s]\n"}
,{"stream_name":"stderr","time":408.686633163,"data":"\r 89%|████████▉ | 2.34G/2.64G [05:20\u003c03:05, 1.59MB/s]\r 89%|████████▉ | 2.34G/2.64G [05:21\u003c03:03, 1.61MB/s]\n"}
,{"stream_name":"stderr","time":408.824517544,"data":"\r 89%|████████▉ | 2.34G/2.64G [05:21\u003c03:03, 1.61MB/s]\r 89%|████████▉ | 2.34G/2.64G [05:21\u003c03:01, 1.63MB/s]\n"}
,{"stream_name":"stderr","time":408.96243106,"data":"\r 89%|████████▉ | 2.34G/2.64G [05:21\u003c03:01, 1.63MB/s]\r 89%|████████▉ | 2.34G/2.64G [05:21\u003c02:52, 1.71MB/s]\n"}
,{"stream_name":"stderr","time":409.100471091,"data":"\r 89%|████████▉ | 2.34G/2.64G [05:21\u003c02:52, 1.71MB/s]\r 89%|████████▉ | 2.35G/2.64G [05:21\u003c02:53, 1.70MB/s]\n"}
,{"stream_name":"stderr","time":409.238000677,"data":"\r 89%|████████▉ | 2.35G/2.64G [05:21\u003c02:53, 1.70MB/s]\r 89%|████████▉ | 2.35G/2.64G [05:21\u003c02:47, 1.76MB/s]\n"}
,{"stream_name":"stderr","time":409.37563579,"data":"\r 89%|████████▉ | 2.35G/2.64G [05:21\u003c02:47, 1.76MB/s]\r 89%|████████▉ | 2.35G/2.64G [05:21\u003c02:50, 1.73MB/s]\n"}
,{"stream_name":"stderr","time":409.513249748,"data":"\r 89%|████████▉ | 2.35G/2.64G [05:21\u003c02:50, 1.73MB/s]\r 89%|████████▉ | 2.35G/2.64G [05:21\u003c02:45, 1.78MB/s]\n"}
,{"stream_name":"stderr","time":409.650923681,"data":"\r 89%|████████▉ | 2.35G/2.64G [05:21\u003c02:45, 1.78MB/s]\r 89%|████████▉ | 2.35G/2.64G [05:22\u003c02:41, 1.82MB/s]\n"}
,{"stream_name":"stderr","time":409.788737779,"data":"\r 89%|████████▉ | 2.35G/2.64G [05:22\u003c02:41, 1.82MB/s]\r 89%|████████▉ | 2.35G/2.64G [05:22\u003c02:39, 1.84MB/s]\n"}
,{"stream_name":"stderr","time":409.926292825,"data":"\r 89%|████████▉ | 2.35G/2.64G [05:22\u003c02:39, 1.84MB/s]\r 89%|████████▉ | 2.35G/2.64G [05:22\u003c02:37, 1.86MB/s]\n"}
,{"stream_name":"stderr","time":410.064176537,"data":"\r 89%|████████▉ | 2.35G/2.64G [05:22\u003c02:37, 1.86MB/s]\r 89%|████████▉ | 2.35G/2.64G [05:22\u003c02:36, 1.88MB/s]\n"}
,{"stream_name":"stderr","time":410.201729735,"data":"\r 89%|████████▉ | 2.35G/2.64G [05:22\u003c02:36, 1.88MB/s]\r 89%|████████▉ | 2.35G/2.64G [05:22\u003c02:35, 1.88MB/s]\n"}
,{"stream_name":"stderr","time":410.339966434,"data":"\r 89%|████████▉ | 2.35G/2.64G [05:22\u003c02:35, 1.88MB/s]\r 89%|████████▉ | 2.35G/2.64G [05:22\u003c02:35, 1.89MB/s]\n"}
,{"stream_name":"stderr","time":410.477710802,"data":"\r 89%|████████▉ | 2.35G/2.64G [05:22\u003c02:35, 1.89MB/s]\r 89%|████████▉ | 2.35G/2.64G [05:22\u003c02:29, 1.96MB/s]\n"}
,{"stream_name":"stderr","time":410.61638094,"data":"\r 89%|████████▉ | 2.35G/2.64G [05:22\u003c02:29, 1.96MB/s]\r 89%|████████▉ | 2.35G/2.64G [05:23\u003c02:42, 1.80MB/s]\n"}
,{"stream_name":"stderr","time":410.753954468,"data":"\r 89%|████████▉ | 2.35G/2.64G [05:23\u003c02:42, 1.80MB/s]\r 89%|████████▉ | 2.35G/2.64G [05:23\u003c02:53, 1.69MB/s]\n"}
,{"stream_name":"stderr","time":410.89193313,"data":"\r 89%|████████▉ | 2.35G/2.64G [05:23\u003c02:53, 1.69MB/s]\r 89%|████████▉ | 2.35G/2.64G [05:23\u003c03:01, 1.61MB/s]\n"}
,{"stream_name":"stderr","time":411.030866057,"data":"\r 89%|████████▉ | 2.35G/2.64G [05:23\u003c03:01, 1.61MB/s]\r 89%|████████▉ | 2.35G/2.64G [05:23\u003c02:59, 1.63MB/s]\n"}
,{"stream_name":"stderr","time":411.167851816,"data":"\r 89%|████████▉ | 2.35G/2.64G [05:23\u003c02:59, 1.63MB/s]\r 89%|████████▉ | 2.35G/2.64G [05:23\u003c03:06, 1.57MB/s]\n"}
,{"stream_name":"stderr","time":411.305739013,"data":"\r 89%|████████▉ | 2.35G/2.64G [05:23\u003c03:06, 1.57MB/s]\r 89%|████████▉ | 2.35G/2.64G [05:23\u003c03:02, 1.60MB/s]\n"}
,{"stream_name":"stderr","time":411.489376262,"data":"\r 89%|████████▉ | 2.35G/2.64G [05:23\u003c03:02, 1.60MB/s]\r 89%|████████▉ | 2.35G/2.64G [05:23\u003c03:18, 1.47MB/s]\n"}
,{"stream_name":"stderr","time":411.627353633,"data":"\r 89%|████████▉ | 2.35G/2.64G [05:23\u003c03:18, 1.47MB/s]\r 89%|████████▉ | 2.35G/2.64G [05:24\u003c03:10, 1.52MB/s]\n"}
,{"stream_name":"stderr","time":411.766032704,"data":"\r 89%|████████▉ | 2.35G/2.64G [05:24\u003c03:10, 1.52MB/s]\r 89%|████████▉ | 2.35G/2.64G [05:24\u003c03:14, 1.49MB/s]\n"}
,{"stream_name":"stderr","time":411.903769541,"data":"\r 89%|████████▉ | 2.35G/2.64G [05:24\u003c03:14, 1.49MB/s]\r 89%|████████▉ | 2.35G/2.64G [05:24\u003c03:26, 1.41MB/s]\n"}
,{"stream_name":"stderr","time":412.042032794,"data":"\r 89%|████████▉ | 2.35G/2.64G [05:24\u003c03:26, 1.41MB/s]\r 89%|████████▉ | 2.35G/2.64G [05:24\u003c03:25, 1.41MB/s]\n"}
,{"stream_name":"stderr","time":412.178831974,"data":"\r 89%|████████▉ | 2.35G/2.64G [05:24\u003c03:25, 1.41MB/s]\r 89%|████████▉ | 2.35G/2.64G [05:24\u003c03:35, 1.35MB/s]\n"}
,{"stream_name":"stderr","time":412.316748768,"data":"\r 89%|████████▉ | 2.35G/2.64G [05:24\u003c03:35, 1.35MB/s]\r 89%|████████▉ | 2.35G/2.64G [05:24\u003c03:31, 1.37MB/s]\n"}
,{"stream_name":"stderr","time":412.454524144,"data":"\r 89%|████████▉ | 2.35G/2.64G [05:24\u003c03:31, 1.37MB/s]\r 89%|████████▉ | 2.35G/2.64G [05:24\u003c03:28, 1.39MB/s]\n"}
,{"stream_name":"stderr","time":412.592969369,"data":"\r 89%|████████▉ | 2.35G/2.64G [05:24\u003c03:28, 1.39MB/s]\r 89%|████████▉ | 2.35G/2.64G [05:25\u003c03:27, 1.40MB/s]\n"}
,{"stream_name":"stderr","time":412.73047686,"data":"\r 89%|████████▉ | 2.35G/2.64G [05:25\u003c03:27, 1.40MB/s]\r 89%|████████▉ | 2.35G/2.64G [05:25\u003c03:25, 1.41MB/s]\n"}
,{"stream_name":"stderr","time":412.867653975,"data":"\r 89%|████████▉ | 2.35G/2.64G [05:25\u003c03:25, 1.41MB/s]\r 89%|████████▉ | 2.35G/2.64G [05:25\u003c03:24, 1.41MB/s]\n"}
,{"stream_name":"stderr","time":413.004839233,"data":"\r 89%|████████▉ | 2.35G/2.64G [05:25\u003c03:24, 1.41MB/s]\r 89%|████████▉ | 2.35G/2.64G [05:25\u003c03:23, 1.42MB/s]\n"}
,{"stream_name":"stderr","time":413.142765745,"data":"\r 89%|████████▉ | 2.35G/2.64G [05:25\u003c03:23, 1.42MB/s]\r 89%|████████▉ | 2.35G/2.64G [05:25\u003c03:23, 1.42MB/s]\n"}
,{"stream_name":"stderr","time":413.280626012,"data":"\r 89%|████████▉ | 2.35G/2.64G [05:25\u003c03:23, 1.42MB/s]\r 89%|████████▉ | 2.35G/2.64G [05:25\u003c03:22, 1.42MB/s]\n"}
,{"stream_name":"stderr","time":413.418255844,"data":"\r 89%|████████▉ | 2.35G/2.64G [05:25\u003c03:22, 1.42MB/s]\r 89%|████████▉ | 2.35G/2.64G [05:25\u003c03:22, 1.42MB/s]\n"}
,{"stream_name":"stderr","time":413.555677606,"data":"\r 89%|████████▉ | 2.35G/2.64G [05:25\u003c03:22, 1.42MB/s]\r 89%|████████▉ | 2.35G/2.64G [05:25\u003c03:22, 1.43MB/s]\n"}
,{"stream_name":"stderr","time":413.693166807,"data":"\r 89%|████████▉ | 2.35G/2.64G [05:25\u003c03:22, 1.43MB/s]\r 89%|████████▉ | 2.35G/2.64G [05:26\u003c03:21, 1.43MB/s]\n"}
,{"stream_name":"stderr","time":413.830982663,"data":"\r 89%|████████▉ | 2.35G/2.64G [05:26\u003c03:21, 1.43MB/s]\r 89%|████████▉ | 2.35G/2.64G [05:26\u003c03:21, 1.43MB/s]\n"}
,{"stream_name":"stderr","time":413.969770186,"data":"\r 89%|████████▉ | 2.35G/2.64G [05:26\u003c03:21, 1.43MB/s]\r 89%|████████▉ | 2.35G/2.64G [05:26\u003c03:12, 1.50MB/s]\n"}
,{"stream_name":"stderr","time":414.106543965,"data":"\r 89%|████████▉ | 2.35G/2.64G [05:26\u003c03:12, 1.50MB/s]\r 89%|████████▉ | 2.35G/2.64G [05:26\u003c03:14, 1.48MB/s]\n"}
,{"stream_name":"stderr","time":414.243946159,"data":"\r 89%|████████▉ | 2.35G/2.64G [05:26\u003c03:14, 1.48MB/s]\r 89%|████████▉ | 2.35G/2.64G [05:26\u003c03:16, 1.46MB/s]\n"}
,{"stream_name":"stderr","time":414.381220168,"data":"\r 89%|████████▉ | 2.35G/2.64G [05:26\u003c03:16, 1.46MB/s]\r 89%|████████▉ | 2.35G/2.64G [05:26\u003c03:17, 1.45MB/s]\n"}
,{"stream_name":"stderr","time":414.518933514,"data":"\r 89%|████████▉ | 2.35G/2.64G [05:26\u003c03:17, 1.45MB/s]\r 89%|████████▉ | 2.35G/2.64G [05:26\u003c03:18, 1.45MB/s]\n"}
,{"stream_name":"stderr","time":414.656229772,"data":"\r 89%|████████▉ | 2.35G/2.64G [05:26\u003c03:18, 1.45MB/s]\r 89%|████████▉ | 2.35G/2.64G [05:27\u003c03:18, 1.44MB/s]\n"}
,{"stream_name":"stderr","time":414.79478623,"data":"\r 89%|████████▉ | 2.35G/2.64G [05:27\u003c03:18, 1.44MB/s]\r 89%|████████▉ | 2.35G/2.64G [05:27\u003c03:19, 1.44MB/s]\n"}
,{"stream_name":"stderr","time":414.932861123,"data":"\r 89%|████████▉ | 2.35G/2.64G [05:27\u003c03:19, 1.44MB/s]\r 89%|████████▉ | 2.35G/2.64G [05:27\u003c03:19, 1.43MB/s]\n"}
,{"stream_name":"stderr","time":415.070535163,"data":"\r 89%|████████▉ | 2.35G/2.64G [05:27\u003c03:19, 1.43MB/s]\r 89%|████████▉ | 2.35G/2.64G [05:27\u003c03:19, 1.43MB/s]\n"}
,{"stream_name":"stderr","time":415.208406633,"data":"\r 89%|████████▉ | 2.35G/2.64G [05:27\u003c03:19, 1.43MB/s]\r 89%|████████▉ | 2.35G/2.64G [05:27\u003c03:19, 1.43MB/s]\n"}
,{"stream_name":"stderr","time":415.346830173,"data":"\r 89%|████████▉ | 2.35G/2.64G [05:27\u003c03:19, 1.43MB/s]\r 89%|████████▉ | 2.35G/2.64G [05:27\u003c03:10, 1.50MB/s]\n"}
,{"stream_name":"stderr","time":415.484286362,"data":"\r 89%|████████▉ | 2.35G/2.64G [05:27\u003c03:10, 1.50MB/s]\r 89%|████████▉ | 2.36G/2.64G [05:27\u003c03:13, 1.48MB/s]\n"}
,{"stream_name":"stderr","time":415.621634285,"data":"\r 89%|████████▉ | 2.36G/2.64G [05:27\u003c03:13, 1.48MB/s]\r 89%|████████▉ | 2.36G/2.64G [05:28\u003c03:14, 1.46MB/s]\n"}
,{"stream_name":"stderr","time":415.759870629,"data":"\r 89%|████████▉ | 2.36G/2.64G [05:28\u003c03:14, 1.46MB/s]\r 89%|████████▉ | 2.36G/2.64G [05:28\u003c03:16, 1.45MB/s]\n"}
,{"stream_name":"stderr","time":415.897631304,"data":"\r 89%|████████▉ | 2.36G/2.64G [05:28\u003c03:16, 1.45MB/s]\r 89%|████████▉ | 2.36G/2.64G [05:28\u003c03:17, 1.44MB/s]\n"}
,{"stream_name":"stderr","time":416.036026087,"data":"\r 89%|████████▉ | 2.36G/2.64G [05:28\u003c03:17, 1.44MB/s]\r 89%|████████▉ | 2.36G/2.64G [05:28\u003c03:17, 1.44MB/s]\n"}
,{"stream_name":"stderr","time":416.173140096,"data":"\r 89%|████████▉ | 2.36G/2.64G [05:28\u003c03:17, 1.44MB/s]\r 89%|████████▉ | 2.36G/2.64G [05:28\u003c03:08, 1.51MB/s]\n"}
,{"stream_name":"stderr","time":416.310381403,"data":"\r 89%|████████▉ | 2.36G/2.64G [05:28\u003c03:08, 1.51MB/s]\r 89%|████████▉ | 2.36G/2.64G [05:28\u003c03:11, 1.48MB/s]\n"}
,{"stream_name":"stderr","time":416.448571255,"data":"\r 89%|████████▉ | 2.36G/2.64G [05:28\u003c03:11, 1.48MB/s]\r 89%|████████▉ | 2.36G/2.64G [05:28\u003c03:04, 1.54MB/s]\n"}
,{"stream_name":"stderr","time":416.585947453,"data":"\r 89%|████████▉ | 2.36G/2.64G [05:28\u003c03:04, 1.54MB/s]\r 89%|████████▉ | 2.36G/2.64G [05:29\u003c03:08, 1.51MB/s]\n"}
,{"stream_name":"stderr","time":416.723417048,"data":"\r 89%|████████▉ | 2.36G/2.64G [05:29\u003c03:08, 1.51MB/s]\r 89%|████████▉ | 2.36G/2.64G [05:29\u003c03:02, 1.55MB/s]\n"}
,{"stream_name":"stderr","time":416.860632253,"data":"\r 89%|████████▉ | 2.36G/2.64G [05:29\u003c03:02, 1.55MB/s]\r 89%|████████▉ | 2.36G/2.64G [05:29\u003c02:58, 1.59MB/s]\n"}
,{"stream_name":"stderr","time":416.998942028,"data":"\r 89%|████████▉ | 2.36G/2.64G [05:29\u003c02:58, 1.59MB/s]\r 89%|████████▉ | 2.36G/2.64G [05:29\u003c02:55, 1.61MB/s]\n"}
,{"stream_name":"stderr","time":417.137876638,"data":"\r 89%|████████▉ | 2.36G/2.64G [05:29\u003c02:55, 1.61MB/s]\r 89%|████████▉ | 2.36G/2.64G [05:29\u003c02:46, 1.70MB/s]\n"}
,{"stream_name":"stderr","time":417.274632355,"data":"\r 89%|████████▉ | 2.36G/2.64G [05:29\u003c02:46, 1.70MB/s]\r 89%|████████▉ | 2.36G/2.64G [05:29\u003c02:47, 1.69MB/s]\n"}
,{"stream_name":"stderr","time":417.412189452,"data":"\r 89%|████████▉ | 2.36G/2.64G [05:29\u003c02:47, 1.69MB/s]\r 89%|████████▉ | 2.36G/2.64G [05:29\u003c02:40, 1.75MB/s]\n"}
,{"stream_name":"stderr","time":417.550215867,"data":"\r 89%|████████▉ | 2.36G/2.64G [05:29\u003c02:40, 1.75MB/s]\r 89%|████████▉ | 2.36G/2.64G [05:29\u003c02:36, 1.80MB/s]\n"}
,{"stream_name":"stderr","time":417.687628584,"data":"\r 89%|████████▉ | 2.36G/2.64G [05:29\u003c02:36, 1.80MB/s]\r 89%|████████▉ | 2.36G/2.64G [05:30\u003c02:34, 1.83MB/s]\n"}
,{"stream_name":"stderr","time":417.825266492,"data":"\r 89%|████████▉ | 2.36G/2.64G [05:30\u003c02:34, 1.83MB/s]\r 89%|████████▉ | 2.36G/2.64G [05:30\u003c02:32, 1.85MB/s]\n"}
,{"stream_name":"stderr","time":417.963145843,"data":"\r 89%|████████▉ | 2.36G/2.64G [05:30\u003c02:32, 1.85MB/s]\r 89%|████████▉ | 2.36G/2.64G [05:30\u003c02:25, 1.94MB/s]\n"}
,{"stream_name":"stderr","time":418.100869528,"data":"\r 89%|████████▉ | 2.36G/2.64G [05:30\u003c02:25, 1.94MB/s]\r 89%|████████▉ | 2.36G/2.64G [05:30\u003c02:20, 2.00MB/s]\n"}
,{"stream_name":"stderr","time":418.238028167,"data":"\r 89%|████████▉ | 2.36G/2.64G [05:30\u003c02:20, 2.00MB/s]\r 89%|████████▉ | 2.36G/2.64G [05:30\u003c02:17, 2.04MB/s]\n"}
,{"stream_name":"stderr","time":418.375557265,"data":"\r 89%|████████▉ | 2.36G/2.64G [05:30\u003c02:17, 2.04MB/s]\r 89%|████████▉ | 2.36G/2.64G [05:30\u003c02:10, 2.15MB/s]\n"}
,{"stream_name":"stderr","time":418.513445025,"data":"\r 89%|████████▉ | 2.36G/2.64G [05:30\u003c02:10, 2.15MB/s]\r 89%|████████▉ | 2.36G/2.64G [05:30\u003c02:06, 2.22MB/s]\n"}
,{"stream_name":"stderr","time":418.827557754,"data":"\r 89%|████████▉ | 2.36G/2.64G [05:30\u003c02:06, 2.22MB/s]\r 89%|████████▉ | 2.36G/2.64G [05:31\u003c01:59, 2.33MB/s]\n"}
,{"stream_name":"stderr","time":418.828540961,"data":"\r 89%|████████▉ | 2.36G/2.64G [05:31\u003c01:59, 2.33MB/s]\r 89%|████████▉ | 2.36G/2.64G [05:31\u003c01:55, 2.42MB/s]\n"}
,{"stream_name":"stderr","time":418.925977884,"data":"\r 89%|████████▉ | 2.36G/2.64G [05:31\u003c01:55, 2.42MB/s]\r 89%|████████▉ | 2.36G/2.64G [05:31\u003c01:52, 2.48MB/s]\n"}
,{"stream_name":"stderr","time":419.063757748,"data":"\r 89%|████████▉ | 2.36G/2.64G [05:31\u003c01:52, 2.48MB/s]\r 89%|████████▉ | 2.36G/2.64G [05:31\u003c01:47, 2.60MB/s]\n"}
,{"stream_name":"stderr","time":419.202602207,"data":"\r 89%|████████▉ | 2.36G/2.64G [05:31\u003c01:47, 2.60MB/s]\r 89%|████████▉ | 2.36G/2.64G [05:31\u003c01:41, 2.74MB/s]\n"}
,{"stream_name":"stderr","time":419.339142251,"data":"\r 89%|████████▉ | 2.36G/2.64G [05:31\u003c01:41, 2.74MB/s]\r 89%|████████▉ | 2.36G/2.64G [05:31\u003c01:39, 2.78MB/s]\n"}
,{"stream_name":"stderr","time":419.477477458,"data":"\r 89%|████████▉ | 2.36G/2.64G [05:31\u003c01:39, 2.78MB/s]\r 90%|████████▉ | 2.36G/2.64G [05:31\u003c01:34, 2.94MB/s]\n"}
,{"stream_name":"stderr","time":419.614627098,"data":"\r 90%|████████▉ | 2.36G/2.64G [05:31\u003c01:34, 2.94MB/s]\r 90%|████████▉ | 2.36G/2.64G [05:32\u003c01:30, 3.06MB/s]\n"}
,{"stream_name":"stderr","time":419.751962172,"data":"\r 90%|████████▉ | 2.36G/2.64G [05:32\u003c01:30, 3.06MB/s]\r 90%|████████▉ | 2.36G/2.64G [05:32\u003c01:25, 3.22MB/s]\n"}
,{"stream_name":"stderr","time":419.891188097,"data":"\r 90%|████████▉ | 2.36G/2.64G [05:32\u003c01:25, 3.22MB/s]\r 90%|████████▉ | 2.36G/2.64G [05:32\u003c01:21, 3.38MB/s]\n"}
,{"stream_name":"stderr","time":420.02697782,"data":"\r 90%|████████▉ | 2.36G/2.64G [05:32\u003c01:21, 3.38MB/s]\r 90%|████████▉ | 2.37G/2.64G [05:32\u003c01:18, 3.53MB/s]\n"}
,{"stream_name":"stderr","time":420.164445189,"data":"\r 90%|████████▉ | 2.37G/2.64G [05:32\u003c01:18, 3.53MB/s]\r 90%|████████▉ | 2.37G/2.64G [05:32\u003c01:14, 3.68MB/s]\n"}
,{"stream_name":"stderr","time":420.302876474,"data":"\r 90%|████████▉ | 2.37G/2.64G [05:32\u003c01:14, 3.68MB/s]\r 90%|████████▉ | 2.37G/2.64G [05:32\u003c01:11, 3.86MB/s]\n"}
,{"stream_name":"stderr","time":420.4401715,"data":"\r 90%|████████▉ | 2.37G/2.64G [05:32\u003c01:11, 3.86MB/s]\r 90%|████████▉ | 2.37G/2.64G [05:32\u003c01:08, 3.99MB/s]\n"}
,{"stream_name":"stderr","time":420.577256234,"data":"\r 90%|████████▉ | 2.37G/2.64G [05:32\u003c01:08, 3.99MB/s]\r 90%|████████▉ | 2.37G/2.64G [05:32\u003c01:05, 4.15MB/s]\n"}
,{"stream_name":"stderr","time":420.715461816,"data":"\r 90%|████████▉ | 2.37G/2.64G [05:32\u003c01:05, 4.15MB/s]\r 90%|████████▉ | 2.37G/2.64G [05:33\u003c01:01, 4.40MB/s]\n"}
,{"stream_name":"stderr","time":420.853475989,"data":"\r 90%|████████▉ | 2.37G/2.64G [05:33\u003c01:01, 4.40MB/s]\r 90%|████████▉ | 2.37G/2.64G [05:33\u003c00:59, 4.58MB/s]\n"}
,{"stream_name":"stderr","time":420.990716276,"data":"\r 90%|████████▉ | 2.37G/2.64G [05:33\u003c00:59, 4.58MB/s]\r 90%|████████▉ | 2.37G/2.64G [05:33\u003c00:56, 4.78MB/s]\n"}
,{"stream_name":"stderr","time":421.12864606,"data":"\r 90%|████████▉ | 2.37G/2.64G [05:33\u003c00:56, 4.78MB/s]\r 90%|████████▉ | 2.37G/2.64G [05:33\u003c00:53, 5.05MB/s]\n"}
,{"stream_name":"stderr","time":421.265824172,"data":"\r 90%|████████▉ | 2.37G/2.64G [05:33\u003c00:53, 5.05MB/s]\r 90%|████████▉ | 2.37G/2.64G [05:33\u003c00:51, 5.26MB/s]\n"}
,{"stream_name":"stderr","time":421.403181638,"data":"\r 90%|████████▉ | 2.37G/2.64G [05:33\u003c00:51, 5.26MB/s]\r 90%|████████▉ | 2.37G/2.64G [05:33\u003c00:49, 5.47MB/s]\n"}
,{"stream_name":"stderr","time":421.5408372,"data":"\r 90%|████████▉ | 2.37G/2.64G [05:33\u003c00:49, 5.47MB/s]\r 90%|████████▉ | 2.37G/2.64G [05:33\u003c00:46, 5.76MB/s]\n"}
,{"stream_name":"stderr","time":421.678589365,"data":"\r 90%|████████▉ | 2.37G/2.64G [05:33\u003c00:46, 5.76MB/s]\r 90%|████████▉ | 2.37G/2.64G [05:34\u003c00:44, 6.03MB/s]\n"}
,{"stream_name":"stderr","time":421.816219573,"data":"\r 90%|████████▉ | 2.37G/2.64G [05:34\u003c00:44, 6.03MB/s]\r 90%|████████▉ | 2.37G/2.64G [05:34\u003c00:42, 6.22MB/s]\n"}
,{"stream_name":"stderr","time":421.954559003,"data":"\r 90%|████████▉ | 2.37G/2.64G [05:34\u003c00:42, 6.22MB/s]\r 90%|████████▉ | 2.38G/2.64G [05:34\u003c00:40, 6.49MB/s]\n"}
,{"stream_name":"stderr","time":422.093256524,"data":"\r 90%|████████▉ | 2.38G/2.64G [05:34\u003c00:40, 6.49MB/s]\r 90%|█████████ | 2.38G/2.64G [05:34\u003c00:38, 6.81MB/s]\n"}
,{"stream_name":"stderr","time":422.228824368,"data":"\r 90%|█████████ | 2.38G/2.64G [05:34\u003c00:38, 6.81MB/s]\r 90%|█████████ | 2.38G/2.64G [05:34\u003c00:37, 7.08MB/s]\n"}
,{"stream_name":"stderr","time":422.367919301,"data":"\r 90%|█████████ | 2.38G/2.64G [05:34\u003c00:37, 7.08MB/s]\r 90%|█████████ | 2.38G/2.64G [05:34\u003c00:35, 7.44MB/s]\n"}
,{"stream_name":"stderr","time":422.504877133,"data":"\r 90%|█████████ | 2.38G/2.64G [05:34\u003c00:35, 7.44MB/s]\r 90%|█████████ | 2.38G/2.64G [05:34\u003c00:33, 7.72MB/s]\n"}
,{"stream_name":"stderr","time":422.642757663,"data":"\r 90%|█████████ | 2.38G/2.64G [05:34\u003c00:33, 7.72MB/s]\r 90%|█████████ | 2.38G/2.64G [05:35\u003c00:32, 8.04MB/s]\n"}
,{"stream_name":"stderr","time":422.780853157,"data":"\r 90%|█████████ | 2.38G/2.64G [05:35\u003c00:32, 8.04MB/s]\r 90%|█████████ | 2.38G/2.64G [05:35\u003c00:30, 8.41MB/s]\n"}
,{"stream_name":"stderr","time":422.918126099,"data":"\r 90%|█████████ | 2.38G/2.64G [05:35\u003c00:30, 8.41MB/s]\r 90%|█████████ | 2.38G/2.64G [05:35\u003c00:29, 8.75MB/s]\n"}
,{"stream_name":"stderr","time":423.056288531,"data":"\r 90%|█████████ | 2.38G/2.64G [05:35\u003c00:29, 8.75MB/s]\r 90%|█████████ | 2.39G/2.64G [05:35\u003c00:27, 9.13MB/s]\n"}
,{"stream_name":"stderr","time":423.193249843,"data":"\r 90%|█████████ | 2.39G/2.64G [05:35\u003c00:27, 9.13MB/s]\r 90%|█████████ | 2.39G/2.64G [05:35\u003c00:26, 9.46MB/s]\n"}
,{"stream_name":"stderr","time":423.331639341,"data":"\r 90%|█████████ | 2.39G/2.64G [05:35\u003c00:26, 9.46MB/s]\r 90%|█████████ | 2.39G/2.64G [05:35\u003c00:25, 9.88MB/s]\n"}
,{"stream_name":"stderr","time":423.468832552,"data":"\r 90%|█████████ | 2.39G/2.64G [05:35\u003c00:25, 9.88MB/s]\r 91%|█████████ | 2.39G/2.64G [05:35\u003c00:24, 10.3MB/s]\n"}
,{"stream_name":"stderr","time":423.606589666,"data":"\r 91%|█████████ | 2.39G/2.64G [05:35\u003c00:24, 10.3MB/s]\r 91%|█████████ | 2.39G/2.64G [05:36\u003c00:23, 10.7MB/s]\n"}
,{"stream_name":"stderr","time":423.744295417,"data":"\r 91%|█████████ | 2.39G/2.64G [05:36\u003c00:23, 10.7MB/s]\r 91%|█████████ | 2.39G/2.64G [05:36\u003c00:22, 11.1MB/s]\n"}
,{"stream_name":"stderr","time":423.881854242,"data":"\r 91%|█████████ | 2.39G/2.64G [05:36\u003c00:22, 11.1MB/s]\r 91%|█████████ | 2.39G/2.64G [05:36\u003c00:21, 11.6MB/s]\n"}
,{"stream_name":"stderr","time":424.0213537,"data":"\r 91%|█████████ | 2.39G/2.64G [05:36\u003c00:21, 11.6MB/s]\r 91%|█████████ | 2.40G/2.64G [05:36\u003c00:21, 11.5MB/s]\n"}
,{"stream_name":"stderr","time":424.158119441,"data":"\r 91%|█████████ | 2.40G/2.64G [05:36\u003c00:21, 11.5MB/s]\r 91%|█████████ | 2.40G/2.64G [05:36\u003c00:22, 10.7MB/s]\n"}
,{"stream_name":"stderr","time":424.297202603,"data":"\r 91%|█████████ | 2.40G/2.64G [05:36\u003c00:22, 10.7MB/s]\r 91%|█████████ | 2.40G/2.64G [05:36\u003c00:24, 9.82MB/s]\n"}
,{"stream_name":"stderr","time":424.435806483,"data":"\r 91%|█████████ | 2.40G/2.64G [05:36\u003c00:24, 9.82MB/s]\r 91%|█████████ | 2.40G/2.64G [05:36\u003c00:26, 9.00MB/s]\n"}
,{"stream_name":"stderr","time":424.571654276,"data":"\r 91%|█████████ | 2.40G/2.64G [05:36\u003c00:26, 9.00MB/s]\r 91%|█████████ | 2.40G/2.64G [05:36\u003c00:28, 8.33MB/s]\n"}
,{"stream_name":"stderr","time":424.70871974,"data":"\r 91%|█████████ | 2.40G/2.64G [05:36\u003c00:28, 8.33MB/s]\r 91%|█████████ | 2.40G/2.64G [05:37\u003c00:31, 7.70MB/s]\n"}
,{"stream_name":"stderr","time":424.845946048,"data":"\r 91%|█████████ | 2.40G/2.64G [05:37\u003c00:31, 7.70MB/s]\r 91%|█████████ | 2.40G/2.64G [05:37\u003c00:32, 7.39MB/s]\n"}
,{"stream_name":"stderr","time":424.98520842,"data":"\r 91%|█████████ | 2.40G/2.64G [05:37\u003c00:32, 7.39MB/s]\r 91%|█████████ | 2.40G/2.64G [05:37\u003c00:32, 7.31MB/s]\n"}
,{"stream_name":"stderr","time":425.122079802,"data":"\r 91%|█████████ | 2.40G/2.64G [05:37\u003c00:32, 7.31MB/s]\r 91%|█████████ | 2.40G/2.64G [05:37\u003c00:32, 7.33MB/s]\n"}
,{"stream_name":"stderr","time":425.259598232,"data":"\r 91%|█████████ | 2.40G/2.64G [05:37\u003c00:32, 7.33MB/s]\r 91%|█████████ | 2.41G/2.64G [05:37\u003c00:32, 7.28MB/s]\n"}
,{"stream_name":"stderr","time":425.397946286,"data":"\r 91%|█████████ | 2.41G/2.64G [05:37\u003c00:32, 7.28MB/s]\r 91%|█████████ | 2.41G/2.64G [05:37\u003c00:33, 7.08MB/s]\n"}
,{"stream_name":"stderr","time":425.535932606,"data":"\r 91%|█████████ | 2.41G/2.64G [05:37\u003c00:33, 7.08MB/s]\r 91%|█████████ | 2.41G/2.64G [05:37\u003c00:35, 6.52MB/s]\n"}
,{"stream_name":"stderr","time":425.673598123,"data":"\r 91%|█████████ | 2.41G/2.64G [05:37\u003c00:35, 6.52MB/s]\r 91%|█████████ | 2.41G/2.64G [05:38\u003c00:37, 6.14MB/s]\n"}
,{"stream_name":"stderr","time":425.81119858,"data":"\r 91%|█████████ | 2.41G/2.64G [05:38\u003c00:37, 6.14MB/s]\r 91%|█████████ | 2.41G/2.64G [05:38\u003c00:39, 5.94MB/s]\n"}
,{"stream_name":"stderr","time":425.949216851,"data":"\r 91%|█████████ | 2.41G/2.64G [05:38\u003c00:39, 5.94MB/s]\r 91%|█████████ | 2.41G/2.64G [05:38\u003c00:39, 5.87MB/s]\n"}
,{"stream_name":"stderr","time":426.086551202,"data":"\r 91%|█████████ | 2.41G/2.64G [05:38\u003c00:39, 5.87MB/s]\r 91%|█████████▏| 2.41G/2.64G [05:38\u003c00:40, 5.75MB/s]\n"}
,{"stream_name":"stderr","time":426.224302866,"data":"\r 91%|█████████▏| 2.41G/2.64G [05:38\u003c00:40, 5.75MB/s]\r 91%|█████████▏| 2.41G/2.64G [05:38\u003c00:39, 5.74MB/s]\n"}
,{"stream_name":"stderr","time":426.362458448,"data":"\r 91%|█████████▏| 2.41G/2.64G [05:38\u003c00:39, 5.74MB/s]\r 91%|█████████▏| 2.41G/2.64G [05:38\u003c00:39, 5.80MB/s]\n"}
,{"stream_name":"stderr","time":426.498748171,"data":"\r 91%|█████████▏| 2.41G/2.64G [05:38\u003c00:39, 5.80MB/s]\r 91%|█████████▏| 2.41G/2.64G [05:38\u003c00:39, 5.79MB/s]\n"}
,{"stream_name":"stderr","time":426.636048177,"data":"\r 91%|█████████▏| 2.41G/2.64G [05:38\u003c00:39, 5.79MB/s]\r 91%|█████████▏| 2.41G/2.64G [05:39\u003c00:38, 5.84MB/s]\n"}
,{"stream_name":"stderr","time":426.774154749,"data":"\r 91%|█████████▏| 2.41G/2.64G [05:39\u003c00:38, 5.84MB/s]\r 91%|█████████▏| 2.41G/2.64G [05:39\u003c00:38, 5.87MB/s]\n"}
,{"stream_name":"stderr","time":426.91184574,"data":"\r 91%|█████████▏| 2.41G/2.64G [05:39\u003c00:38, 5.87MB/s]\r 91%|█████████▏| 2.41G/2.64G [05:39\u003c00:38, 5.89MB/s]\n"}
,{"stream_name":"stderr","time":427.050712694,"data":"\r 91%|█████████▏| 2.41G/2.64G [05:39\u003c00:38, 5.89MB/s]\r 91%|█████████▏| 2.42G/2.64G [05:39\u003c00:38, 5.90MB/s]\n"}
,{"stream_name":"stderr","time":427.188993378,"data":"\r 91%|█████████▏| 2.42G/2.64G [05:39\u003c00:38, 5.90MB/s]\r 92%|█████████▏| 2.42G/2.64G [05:39\u003c00:37, 5.98MB/s]\n"}
,{"stream_name":"stderr","time":427.325422287,"data":"\r 92%|█████████▏| 2.42G/2.64G [05:39\u003c00:37, 5.98MB/s]\r 92%|█████████▏| 2.42G/2.64G [05:39\u003c00:37, 5.98MB/s]\n"}
,{"stream_name":"stderr","time":427.463317456,"data":"\r 92%|█████████▏| 2.42G/2.64G [05:39\u003c00:37, 5.98MB/s]\r 92%|█████████▏| 2.42G/2.64G [05:39\u003c00:36, 6.04MB/s]\n"}
,{"stream_name":"stderr","time":427.601037037,"data":"\r 92%|█████████▏| 2.42G/2.64G [05:39\u003c00:36, 6.04MB/s]\r 92%|█████████▏| 2.42G/2.64G [05:40\u003c00:36, 6.08MB/s]\n"}
,{"stream_name":"stderr","time":427.739367179,"data":"\r 92%|█████████▏| 2.42G/2.64G [05:40\u003c00:36, 6.08MB/s]\r 92%|█████████▏| 2.42G/2.64G [05:40\u003c00:36, 6.11MB/s]\n"}
,{"stream_name":"stderr","time":427.876084707,"data":"\r 92%|█████████▏| 2.42G/2.64G [05:40\u003c00:36, 6.11MB/s]\r 92%|█████████▏| 2.42G/2.64G [05:40\u003c00:35, 6.14MB/s]\n"}
,{"stream_name":"stderr","time":428.014489579,"data":"\r 92%|█████████▏| 2.42G/2.64G [05:40\u003c00:35, 6.14MB/s]\r 92%|█████████▏| 2.42G/2.64G [05:40\u003c00:35, 6.15MB/s]\n"}
,{"stream_name":"stderr","time":428.152817567,"data":"\r 92%|█████████▏| 2.42G/2.64G [05:40\u003c00:35, 6.15MB/s]\r 92%|█████████▏| 2.42G/2.64G [05:40\u003c00:35, 6.16MB/s]\n"}
,{"stream_name":"stderr","time":428.290814634,"data":"\r 92%|█████████▏| 2.42G/2.64G [05:40\u003c00:35, 6.16MB/s]\r 92%|█████████▏| 2.42G/2.64G [05:40\u003c00:34, 6.24MB/s]\n"}
,{"stream_name":"stderr","time":428.428348128,"data":"\r 92%|█████████▏| 2.42G/2.64G [05:40\u003c00:34, 6.24MB/s]\r 92%|█████████▏| 2.42G/2.64G [05:40\u003c00:34, 6.22MB/s]\n"}
,{"stream_name":"stderr","time":428.566153313,"data":"\r 92%|█████████▏| 2.42G/2.64G [05:40\u003c00:34, 6.22MB/s]\r 92%|█████████▏| 2.42G/2.64G [05:40\u003c00:34, 6.28MB/s]\n"}
,{"stream_name":"stderr","time":428.703642152,"data":"\r 92%|█████████▏| 2.42G/2.64G [05:40\u003c00:34, 6.28MB/s]\r 92%|█████████▏| 2.43G/2.64G [05:41\u003c00:34, 6.25MB/s]\n"}
,{"stream_name":"stderr","time":428.840955729,"data":"\r 92%|█████████▏| 2.43G/2.64G [05:41\u003c00:34, 6.25MB/s]\r 92%|█████████▏| 2.43G/2.64G [05:41\u003c00:33, 6.30MB/s]\n"}
,{"stream_name":"stderr","time":428.978776199,"data":"\r 92%|█████████▏| 2.43G/2.64G [05:41\u003c00:33, 6.30MB/s]\r 92%|█████████▏| 2.43G/2.64G [05:41\u003c00:33, 6.27MB/s]\n"}
,{"stream_name":"stderr","time":429.117753835,"data":"\r 92%|█████████▏| 2.43G/2.64G [05:41\u003c00:33, 6.27MB/s]\r 92%|█████████▏| 2.43G/2.64G [05:41\u003c00:33, 6.30MB/s]\n"}
,{"stream_name":"stderr","time":429.254039781,"data":"\r 92%|█████████▏| 2.43G/2.64G [05:41\u003c00:33, 6.30MB/s]\r 92%|█████████▏| 2.43G/2.64G [05:41\u003c00:33, 6.29MB/s]\n"}
,{"stream_name":"stderr","time":429.392408362,"data":"\r 92%|█████████▏| 2.43G/2.64G [05:41\u003c00:33, 6.29MB/s]\r 92%|█████████▏| 2.43G/2.64G [05:41\u003c00:33, 6.32MB/s]\n"}
,{"stream_name":"stderr","time":429.529690539,"data":"\r 92%|█████████▏| 2.43G/2.64G [05:41\u003c00:33, 6.32MB/s]\r 92%|█████████▏| 2.43G/2.64G [05:41\u003c00:33, 6.28MB/s]\n"}
,{"stream_name":"stderr","time":429.6671969,"data":"\r 92%|█████████▏| 2.43G/2.64G [05:41\u003c00:33, 6.28MB/s]\r 92%|█████████▏| 2.43G/2.64G [05:42\u003c00:32, 6.33MB/s]\n"}
,{"stream_name":"stderr","time":429.804766429,"data":"\r 92%|█████████▏| 2.43G/2.64G [05:42\u003c00:32, 6.33MB/s]\r 92%|█████████▏| 2.43G/2.64G [05:42\u003c00:33, 6.29MB/s]\n"}
,{"stream_name":"stderr","time":429.941959992,"data":"\r 92%|█████████▏| 2.43G/2.64G [05:42\u003c00:33, 6.29MB/s]\r 92%|█████████▏| 2.43G/2.64G [05:42\u003c00:32, 6.33MB/s]\n"}
,{"stream_name":"stderr","time":430.079909282,"data":"\r 92%|█████████▏| 2.43G/2.64G [05:42\u003c00:32, 6.33MB/s]\r 92%|█████████▏| 2.43G/2.64G [05:42\u003c00:32, 6.29MB/s]\n"}
,{"stream_name":"stderr","time":430.218814623,"data":"\r 92%|█████████▏| 2.43G/2.64G [05:42\u003c00:32, 6.29MB/s]\r 92%|█████████▏| 2.44G/2.64G [05:42\u003c00:34, 5.88MB/s]\n"}
,{"stream_name":"stderr","time":430.356109654,"data":"\r 92%|█████████▏| 2.44G/2.64G [05:42\u003c00:34, 5.88MB/s]\r 92%|█████████▏| 2.44G/2.64G [05:42\u003c00:35, 5.77MB/s]\n"}
,{"stream_name":"stderr","time":430.493546238,"data":"\r 92%|█████████▏| 2.44G/2.64G [05:42\u003c00:35, 5.77MB/s]\r 92%|█████████▏| 2.44G/2.64G [05:42\u003c00:37, 5.40MB/s]\n"}
,{"stream_name":"stderr","time":430.631068852,"data":"\r 92%|█████████▏| 2.44G/2.64G [05:42\u003c00:37, 5.40MB/s]\r 92%|█████████▏| 2.44G/2.64G [05:43\u003c00:38, 5.21MB/s]\n"}
,{"stream_name":"stderr","time":430.768256681,"data":"\r 92%|█████████▏| 2.44G/2.64G [05:43\u003c00:38, 5.21MB/s]\r 92%|█████████▏| 2.44G/2.64G [05:43\u003c00:39, 5.08MB/s]\n"}
,{"stream_name":"stderr","time":430.905758874,"data":"\r 92%|█████████▏| 2.44G/2.64G [05:43\u003c00:39, 5.08MB/s]\r 92%|█████████▏| 2.44G/2.64G [05:43\u003c00:39, 5.05MB/s]\n"}
,{"stream_name":"stderr","time":431.044772955,"data":"\r 92%|█████████▏| 2.44G/2.64G [05:43\u003c00:39, 5.05MB/s]\r 92%|█████████▏| 2.44G/2.64G [05:43\u003c00:39, 5.11MB/s]\n"}
,{"stream_name":"stderr","time":431.181165052,"data":"\r 92%|█████████▏| 2.44G/2.64G [05:43\u003c00:39, 5.11MB/s]\r 92%|█████████▏| 2.44G/2.64G [05:43\u003c00:38, 5.15MB/s]\n"}
,{"stream_name":"stderr","time":431.318426798,"data":"\r 92%|█████████▏| 2.44G/2.64G [05:43\u003c00:38, 5.15MB/s]\r 92%|█████████▏| 2.44G/2.64G [05:43\u003c00:38, 5.18MB/s]\n"}
,{"stream_name":"stderr","time":431.456564624,"data":"\r 92%|█████████▏| 2.44G/2.64G [05:43\u003c00:38, 5.18MB/s]\r 92%|█████████▏| 2.44G/2.64G [05:43\u003c00:37, 5.26MB/s]\n"}
,{"stream_name":"stderr","time":431.593553906,"data":"\r 92%|█████████▏| 2.44G/2.64G [05:43\u003c00:37, 5.26MB/s]\r 92%|█████████▏| 2.44G/2.64G [05:44\u003c00:37, 5.33MB/s]\n"}
,{"stream_name":"stderr","time":431.732206926,"data":"\r 92%|█████████▏| 2.44G/2.64G [05:44\u003c00:37, 5.33MB/s]\r 93%|█████████▎| 2.44G/2.64G [05:44\u003c00:36, 5.37MB/s]\n"}
,{"stream_name":"stderr","time":431.869857512,"data":"\r 93%|█████████▎| 2.44G/2.64G [05:44\u003c00:36, 5.37MB/s]\r 93%|█████████▎| 2.44G/2.64G [05:44\u003c00:35, 5.48MB/s]\n"}
,{"stream_name":"stderr","time":432.007759302,"data":"\r 93%|█████████▎| 2.44G/2.64G [05:44\u003c00:35, 5.48MB/s]\r 93%|█████████▎| 2.44G/2.64G [05:44\u003c00:35, 5.55MB/s]\n"}
,{"stream_name":"stderr","time":432.14524209,"data":"\r 93%|█████████▎| 2.44G/2.64G [05:44\u003c00:35, 5.55MB/s]\r 93%|█████████▎| 2.45G/2.64G [05:44\u003c00:34, 5.60MB/s]\n"}
,{"stream_name":"stderr","time":432.282653312,"data":"\r 93%|█████████▎| 2.45G/2.64G [05:44\u003c00:34, 5.60MB/s]\r 93%|█████████▎| 2.45G/2.64G [05:44\u003c00:34, 5.70MB/s]\n"}
,{"stream_name":"stderr","time":432.421525316,"data":"\r 93%|█████████▎| 2.45G/2.64G [05:44\u003c00:34, 5.70MB/s]\r 93%|█████████▎| 2.45G/2.64G [05:44\u003c00:33, 5.76MB/s]\n"}
,{"stream_name":"stderr","time":432.55938922,"data":"\r 93%|█████████▎| 2.45G/2.64G [05:44\u003c00:33, 5.76MB/s]\r 93%|█████████▎| 2.45G/2.64G [05:44\u003c00:33, 5.82MB/s]\n"}
,{"stream_name":"stderr","time":432.696565404,"data":"\r 93%|█████████▎| 2.45G/2.64G [05:44\u003c00:33, 5.82MB/s]\r 93%|█████████▎| 2.45G/2.64G [05:45\u003c00:32, 5.87MB/s]\n"}
,{"stream_name":"stderr","time":432.83443047,"data":"\r 93%|█████████▎| 2.45G/2.64G [05:45\u003c00:32, 5.87MB/s]\r 93%|█████████▎| 2.45G/2.64G [05:45\u003c00:32, 5.95MB/s]\n"}
,{"stream_name":"stderr","time":432.972086464,"data":"\r 93%|█████████▎| 2.45G/2.64G [05:45\u003c00:32, 5.95MB/s]\r 93%|█████████▎| 2.45G/2.64G [05:45\u003c00:31, 5.96MB/s]\n"}
,{"stream_name":"stderr","time":433.109727589,"data":"\r 93%|█████████▎| 2.45G/2.64G [05:45\u003c00:31, 5.96MB/s]\r 93%|█████████▎| 2.45G/2.64G [05:45\u003c00:31, 5.96MB/s]\n"}
,{"stream_name":"stderr","time":433.247258089,"data":"\r 93%|█████████▎| 2.45G/2.64G [05:45\u003c00:31, 5.96MB/s]\r 93%|█████████▎| 2.45G/2.64G [05:45\u003c00:31, 6.03MB/s]\n"}
,{"stream_name":"stderr","time":433.384946119,"data":"\r 93%|█████████▎| 2.45G/2.64G [05:45\u003c00:31, 6.03MB/s]\r 93%|█████████▎| 2.45G/2.64G [05:45\u003c00:30, 6.07MB/s]\n"}
,{"stream_name":"stderr","time":433.522422978,"data":"\r 93%|█████████▎| 2.45G/2.64G [05:45\u003c00:30, 6.07MB/s]\r 93%|█████████▎| 2.45G/2.64G [05:45\u003c00:30, 6.11MB/s]\n"}
,{"stream_name":"stderr","time":433.65973061,"data":"\r 93%|█████████▎| 2.45G/2.64G [05:45\u003c00:30, 6.11MB/s]\r 93%|█████████▎| 2.45G/2.64G [05:46\u003c00:30, 6.13MB/s]\n"}
,{"stream_name":"stderr","time":433.798060151,"data":"\r 93%|█████████▎| 2.45G/2.64G [05:46\u003c00:30, 6.13MB/s]\r 93%|█████████▎| 2.46G/2.64G [05:46\u003c00:32, 5.64MB/s]\n"}
,{"stream_name":"stderr","time":433.936577621,"data":"\r 93%|█████████▎| 2.46G/2.64G [05:46\u003c00:32, 5.64MB/s]\r 93%|█████████▎| 2.46G/2.64G [05:46\u003c00:34, 5.30MB/s]\n"}
,{"stream_name":"stderr","time":434.074249261,"data":"\r 93%|█████████▎| 2.46G/2.64G [05:46\u003c00:34, 5.30MB/s]\r 93%|█████████▎| 2.46G/2.64G [05:46\u003c00:36, 5.07MB/s]\n"}
,{"stream_name":"stderr","time":434.213207799,"data":"\r 93%|█████████▎| 2.46G/2.64G [05:46\u003c00:36, 5.07MB/s]\r 93%|█████████▎| 2.46G/2.64G [05:46\u003c00:39, 4.67MB/s]\n"}
,{"stream_name":"stderr","time":434.351818228,"data":"\r 93%|█████████▎| 2.46G/2.64G [05:46\u003c00:39, 4.67MB/s]\r 93%|█████████▎| 2.46G/2.64G [05:46\u003c00:42, 4.34MB/s]\n"}
,{"stream_name":"stderr","time":434.489077235,"data":"\r 93%|█████████▎| 2.46G/2.64G [05:46\u003c00:42, 4.34MB/s]\r 93%|█████████▎| 2.46G/2.64G [05:46\u003c00:45, 4.04MB/s]\n"}
,{"stream_name":"stderr","time":434.626114641,"data":"\r 93%|█████████▎| 2.46G/2.64G [05:46\u003c00:45, 4.04MB/s]\r 93%|█████████▎| 2.46G/2.64G [05:47\u003c00:48, 3.77MB/s]\n"}
,{"stream_name":"stderr","time":434.762853165,"data":"\r 93%|█████████▎| 2.46G/2.64G [05:47\u003c00:48, 3.77MB/s]\r 93%|█████████▎| 2.46G/2.64G [05:47\u003c00:49, 3.64MB/s]\n"}
,{"stream_name":"stderr","time":434.900361965,"data":"\r 93%|█████████▎| 2.46G/2.64G [05:47\u003c00:49, 3.64MB/s]\r 93%|█████████▎| 2.46G/2.64G [05:47\u003c00:50, 3.62MB/s]\n"}
,{"stream_name":"stderr","time":435.038205387,"data":"\r 93%|█████████▎| 2.46G/2.64G [05:47\u003c00:50, 3.62MB/s]\r 93%|█████████▎| 2.46G/2.64G [05:47\u003c00:50, 3.60MB/s]\n"}
,{"stream_name":"stderr","time":435.175780492,"data":"\r 93%|█████████▎| 2.46G/2.64G [05:47\u003c00:50, 3.60MB/s]\r 93%|█████████▎| 2.46G/2.64G [05:47\u003c00:50, 3.59MB/s]\n"}
,{"stream_name":"stderr","time":435.314234144,"data":"\r 93%|█████████▎| 2.46G/2.64G [05:47\u003c00:50, 3.59MB/s]\r 93%|█████████▎| 2.46G/2.64G [05:47\u003c00:49, 3.65MB/s]\n"}
,{"stream_name":"stderr","time":435.451442284,"data":"\r 93%|█████████▎| 2.46G/2.64G [05:47\u003c00:49, 3.65MB/s]\r 93%|█████████▎| 2.46G/2.64G [05:47\u003c00:49, 3.63MB/s]\n"}
,{"stream_name":"stderr","time":435.589461113,"data":"\r 93%|█████████▎| 2.46G/2.64G [05:47\u003c00:49, 3.63MB/s]\r 93%|█████████▎| 2.46G/2.64G [05:48\u003c00:48, 3.68MB/s]\n"}
,{"stream_name":"stderr","time":435.726874348,"data":"\r 93%|█████████▎| 2.46G/2.64G [05:48\u003c00:48, 3.68MB/s]\r 93%|█████████▎| 2.46G/2.64G [05:48\u003c00:47, 3.72MB/s]\n"}
,{"stream_name":"stderr","time":435.86486923,"data":"\r 93%|█████████▎| 2.46G/2.64G [05:48\u003c00:47, 3.72MB/s]\r 93%|█████████▎| 2.46G/2.64G [05:48\u003c00:47, 3.74MB/s]\n"}
,{"stream_name":"stderr","time":436.002628008,"data":"\r 93%|█████████▎| 2.46G/2.64G [05:48\u003c00:47, 3.74MB/s]\r 93%|█████████▎| 2.46G/2.64G [05:48\u003c00:47, 3.77MB/s]\n"}
,{"stream_name":"stderr","time":436.140027516,"data":"\r 93%|█████████▎| 2.46G/2.64G [05:48\u003c00:47, 3.77MB/s]\r 93%|█████████▎| 2.46G/2.64G [05:48\u003c00:46, 3.78MB/s]\n"}
,{"stream_name":"stderr","time":436.277257297,"data":"\r 93%|█████████▎| 2.46G/2.64G [05:48\u003c00:46, 3.78MB/s]\r 93%|█████████▎| 2.46G/2.64G [05:48\u003c00:46, 3.79MB/s]\n"}
,{"stream_name":"stderr","time":436.414367312,"data":"\r 93%|█████████▎| 2.46G/2.64G [05:48\u003c00:46, 3.79MB/s]\r 93%|█████████▎| 2.46G/2.64G [05:48\u003c00:46, 3.80MB/s]\n"}
,{"stream_name":"stderr","time":436.552256396,"data":"\r 93%|█████████▎| 2.46G/2.64G [05:48\u003c00:46, 3.80MB/s]\r 93%|█████████▎| 2.47G/2.64G [05:48\u003c00:46, 3.80MB/s]\n"}
,{"stream_name":"stderr","time":436.690315532,"data":"\r 93%|█████████▎| 2.47G/2.64G [05:48\u003c00:46, 3.80MB/s]\r 93%|█████████▎| 2.47G/2.64G [05:49\u003c00:45, 3.87MB/s]\n"}
,{"stream_name":"stderr","time":436.827840171,"data":"\r 93%|█████████▎| 2.47G/2.64G [05:49\u003c00:45, 3.87MB/s]\r 93%|█████████▎| 2.47G/2.64G [05:49\u003c00:45, 3.85MB/s]\n"}
,{"stream_name":"stderr","time":436.965849465,"data":"\r 93%|█████████▎| 2.47G/2.64G [05:49\u003c00:45, 3.85MB/s]\r 93%|█████████▎| 2.47G/2.64G [05:49\u003c00:45, 3.84MB/s]\n"}
,{"stream_name":"stderr","time":437.103300547,"data":"\r 93%|█████████▎| 2.47G/2.64G [05:49\u003c00:45, 3.84MB/s]\r 93%|█████████▎| 2.47G/2.64G [05:49\u003c00:44, 3.90MB/s]\n"}
,{"stream_name":"stderr","time":437.240676339,"data":"\r 93%|█████████▎| 2.47G/2.64G [05:49\u003c00:44, 3.90MB/s]\r 93%|█████████▎| 2.47G/2.64G [05:49\u003c00:44, 3.88MB/s]\n"}
,{"stream_name":"stderr","time":437.378753674,"data":"\r 93%|█████████▎| 2.47G/2.64G [05:49\u003c00:44, 3.88MB/s]\r 93%|█████████▎| 2.47G/2.64G [05:49\u003c00:43, 3.92MB/s]\n"}
,{"stream_name":"stderr","time":437.515949183,"data":"\r 93%|█████████▎| 2.47G/2.64G [05:49\u003c00:43, 3.92MB/s]\r 94%|█████████▎| 2.47G/2.64G [05:49\u003c00:43, 3.89MB/s]\n"}
,{"stream_name":"stderr","time":437.655008148,"data":"\r 94%|█████████▎| 2.47G/2.64G [05:49\u003c00:43, 3.89MB/s]\r 94%|█████████▎| 2.47G/2.64G [05:50\u003c00:43, 3.93MB/s]\n"}
,{"stream_name":"stderr","time":437.790477412,"data":"\r 94%|█████████▎| 2.47G/2.64G [05:50\u003c00:43, 3.93MB/s]\r 94%|█████████▎| 2.47G/2.64G [05:50\u003c00:43, 3.91MB/s]\n"}
,{"stream_name":"stderr","time":437.929267867,"data":"\r 94%|█████████▎| 2.47G/2.64G [05:50\u003c00:43, 3.91MB/s]\r 94%|█████████▎| 2.47G/2.64G [05:50\u003c00:43, 3.94MB/s]\n"}
,{"stream_name":"stderr","time":438.065472532,"data":"\r 94%|█████████▎| 2.47G/2.64G [05:50\u003c00:43, 3.94MB/s]\r 94%|█████████▎| 2.47G/2.64G [05:50\u003c00:43, 3.91MB/s]\n"}
,{"stream_name":"stderr","time":438.203400419,"data":"\r 94%|█████████▎| 2.47G/2.64G [05:50\u003c00:43, 3.91MB/s]\r 94%|█████████▎| 2.47G/2.64G [05:50\u003c00:43, 3.89MB/s]\n"}
,{"stream_name":"stderr","time":438.34158086,"data":"\r 94%|█████████▎| 2.47G/2.64G [05:50\u003c00:43, 3.89MB/s]\r 94%|█████████▎| 2.47G/2.64G [05:50\u003c00:42, 3.92MB/s]\n"}
,{"stream_name":"stderr","time":438.478788323,"data":"\r 94%|█████████▎| 2.47G/2.64G [05:50\u003c00:42, 3.92MB/s]\r 94%|█████████▎| 2.47G/2.64G [05:50\u003c00:46, 3.61MB/s]\n"}
,{"stream_name":"stderr","time":438.617574054,"data":"\r 94%|█████████▎| 2.47G/2.64G [05:50\u003c00:46, 3.61MB/s]\r 94%|█████████▎| 2.47G/2.64G [05:51\u003c00:48, 3.44MB/s]\n"}
,{"stream_name":"stderr","time":438.75585804,"data":"\r 94%|█████████▎| 2.47G/2.64G [05:51\u003c00:48, 3.44MB/s]\r 94%|█████████▎| 2.47G/2.64G [05:51\u003c00:52, 3.19MB/s]\n"}
,{"stream_name":"stderr","time":438.894565421,"data":"\r 94%|█████████▎| 2.47G/2.64G [05:51\u003c00:52, 3.19MB/s]\r 94%|█████████▎| 2.47G/2.64G [05:51\u003c00:56, 2.94MB/s]\n"}
,{"stream_name":"stderr","time":439.03200443,"data":"\r 94%|█████████▎| 2.47G/2.64G [05:51\u003c00:56, 2.94MB/s]\r 94%|█████████▎| 2.47G/2.64G [05:51\u003c01:01, 2.70MB/s]\n"}
,{"stream_name":"stderr","time":439.170021717,"data":"\r 94%|█████████▎| 2.47G/2.64G [05:51\u003c01:01, 2.70MB/s]\r 94%|█████████▎| 2.47G/2.64G [05:51\u003c01:05, 2.54MB/s]\n"}
,{"stream_name":"stderr","time":439.303096266,"data":"\r 94%|█████████▎| 2.47G/2.64G [05:51\u003c01:05, 2.54MB/s]\r 94%|█████████▎| 2.47G/2.64G [05:51\u003c01:09, 2.37MB/s]\n"}
,{"stream_name":"stderr","time":439.443831781,"data":"\r 94%|█████████▎| 2.47G/2.64G [05:51\u003c01:09, 2.37MB/s]\r 94%|█████████▎| 2.48G/2.64G [05:51\u003c01:10, 2.36MB/s]\n"}
,{"stream_name":"stderr","time":439.577997188,"data":"\r 94%|█████████▎| 2.48G/2.64G [05:51\u003c01:10, 2.36MB/s]\r 94%|█████████▍| 2.48G/2.64G [05:51\u003c01:11, 2.31MB/s]\n"}
,{"stream_name":"stderr","time":439.718306357,"data":"\r 94%|█████████▍| 2.48G/2.64G [05:51\u003c01:11, 2.31MB/s]\r 94%|█████████▍| 2.48G/2.64G [05:52\u003c01:11, 2.32MB/s]\n"}
,{"stream_name":"stderr","time":439.855661769,"data":"\r 94%|█████████▍| 2.48G/2.64G [05:52\u003c01:11, 2.32MB/s]\r 94%|█████████▍| 2.48G/2.64G [05:52\u003c01:10, 2.34MB/s]\n"}
,{"stream_name":"stderr","time":439.990916622,"data":"\r 94%|█████████▍| 2.48G/2.64G [05:52\u003c01:10, 2.34MB/s]\r 94%|█████████▍| 2.48G/2.64G [05:52\u003c01:11, 2.29MB/s]\n"}
,{"stream_name":"stderr","time":440.128592257,"data":"\r 94%|█████████▍| 2.48G/2.64G [05:52\u003c01:11, 2.29MB/s]\r 94%|█████████▍| 2.48G/2.64G [05:52\u003c01:10, 2.32MB/s]\n"}
,{"stream_name":"stderr","time":440.266637776,"data":"\r 94%|█████████▍| 2.48G/2.64G [05:52\u003c01:10, 2.32MB/s]\r 94%|█████████▍| 2.48G/2.64G [05:52\u003c01:09, 2.34MB/s]\n"}
,{"stream_name":"stderr","time":440.405232594,"data":"\r 94%|█████████▍| 2.48G/2.64G [05:52\u003c01:09, 2.34MB/s]\r 94%|█████████▍| 2.48G/2.64G [05:52\u003c01:07, 2.41MB/s]\n"}
,{"stream_name":"stderr","time":440.542454284,"data":"\r 94%|█████████▍| 2.48G/2.64G [05:52\u003c01:07, 2.41MB/s]\r 94%|█████████▍| 2.48G/2.64G [05:52\u003c01:07, 2.41MB/s]\n"}
,{"stream_name":"stderr","time":440.679824377,"data":"\r 94%|█████████▍| 2.48G/2.64G [05:52\u003c01:07, 2.41MB/s]\r 94%|█████████▍| 2.48G/2.64G [05:53\u003c01:07, 2.40MB/s]\n"}
,{"stream_name":"stderr","time":440.817478141,"data":"\r 94%|█████████▍| 2.48G/2.64G [05:53\u003c01:07, 2.40MB/s]\r 94%|█████████▍| 2.48G/2.64G [05:53\u003c01:07, 2.39MB/s]\n"}
,{"stream_name":"stderr","time":440.955046775,"data":"\r 94%|█████████▍| 2.48G/2.64G [05:53\u003c01:07, 2.39MB/s]\r 94%|█████████▍| 2.48G/2.64G [05:53\u003c01:07, 2.39MB/s]\n"}
,{"stream_name":"stderr","time":441.093380669,"data":"\r 94%|█████████▍| 2.48G/2.64G [05:53\u003c01:07, 2.39MB/s]\r 94%|█████████▍| 2.48G/2.64G [05:53\u003c01:05, 2.46MB/s]\n"}
,{"stream_name":"stderr","time":441.230570847,"data":"\r 94%|█████████▍| 2.48G/2.64G [05:53\u003c01:05, 2.46MB/s]\r 94%|█████████▍| 2.48G/2.64G [05:53\u003c01:06, 2.44MB/s]\n"}
,{"stream_name":"stderr","time":441.368164634,"data":"\r 94%|█████████▍| 2.48G/2.64G [05:53\u003c01:06, 2.44MB/s]\r 94%|█████████▍| 2.48G/2.64G [05:53\u003c01:06, 2.42MB/s]\n"}
,{"stream_name":"stderr","time":441.505627993,"data":"\r 94%|█████████▍| 2.48G/2.64G [05:53\u003c01:06, 2.42MB/s]\r 94%|█████████▍| 2.48G/2.64G [05:53\u003c01:04, 2.48MB/s]\n"}
,{"stream_name":"stderr","time":441.643375608,"data":"\r 94%|█████████▍| 2.48G/2.64G [05:53\u003c01:04, 2.48MB/s]\r 94%|█████████▍| 2.48G/2.64G [05:54\u003c01:05, 2.45MB/s]\n"}
,{"stream_name":"stderr","time":441.781057053,"data":"\r 94%|█████████▍| 2.48G/2.64G [05:54\u003c01:05, 2.45MB/s]\r 94%|█████████▍| 2.48G/2.64G [05:54\u003c01:05, 2.43MB/s]\n"}
,{"stream_name":"stderr","time":441.918588691,"data":"\r 94%|█████████▍| 2.48G/2.64G [05:54\u003c01:05, 2.43MB/s]\r 94%|█████████▍| 2.48G/2.64G [05:54\u003c01:04, 2.48MB/s]\n"}
,{"stream_name":"stderr","time":442.056446111,"data":"\r 94%|█████████▍| 2.48G/2.64G [05:54\u003c01:04, 2.48MB/s]\r 94%|█████████▍| 2.48G/2.64G [05:54\u003c01:04, 2.45MB/s]\n"}
,{"stream_name":"stderr","time":442.194789029,"data":"\r 94%|█████████▍| 2.48G/2.64G [05:54\u003c01:04, 2.45MB/s]\r 94%|█████████▍| 2.48G/2.64G [05:54\u003c01:03, 2.50MB/s]\n"}
,{"stream_name":"stderr","time":442.331714942,"data":"\r 94%|█████████▍| 2.48G/2.64G [05:54\u003c01:03, 2.50MB/s]\r 94%|█████████▍| 2.48G/2.64G [05:54\u003c01:04, 2.47MB/s]\n"}
,{"stream_name":"stderr","time":442.469048055,"data":"\r 94%|█████████▍| 2.48G/2.64G [05:54\u003c01:04, 2.47MB/s]\r 94%|█████████▍| 2.48G/2.64G [05:54\u003c01:04, 2.44MB/s]\n"}
,{"stream_name":"stderr","time":442.607281779,"data":"\r 94%|█████████▍| 2.48G/2.64G [05:54\u003c01:04, 2.44MB/s]\r 94%|█████████▍| 2.48G/2.64G [05:55\u003c01:03, 2.49MB/s]\n"}
,{"stream_name":"stderr","time":442.744187016,"data":"\r 94%|█████████▍| 2.48G/2.64G [05:55\u003c01:03, 2.49MB/s]\r 94%|█████████▍| 2.48G/2.64G [05:55\u003c01:03, 2.46MB/s]\n"}
,{"stream_name":"stderr","time":442.881680188,"data":"\r 94%|█████████▍| 2.48G/2.64G [05:55\u003c01:03, 2.46MB/s]\r 94%|█████████▍| 2.48G/2.64G [05:55\u003c01:04, 2.44MB/s]\n"}
,{"stream_name":"stderr","time":443.019796535,"data":"\r 94%|█████████▍| 2.48G/2.64G [05:55\u003c01:04, 2.44MB/s]\r 94%|█████████▍| 2.48G/2.64G [05:55\u003c01:02, 2.49MB/s]\n"}
,{"stream_name":"stderr","time":443.157374254,"data":"\r 94%|█████████▍| 2.48G/2.64G [05:55\u003c01:02, 2.49MB/s]\r 94%|█████████▍| 2.48G/2.64G [05:55\u003c01:03, 2.46MB/s]\n"}
,{"stream_name":"stderr","time":443.295035687,"data":"\r 94%|█████████▍| 2.48G/2.64G [05:55\u003c01:03, 2.46MB/s]\r 94%|█████████▍| 2.48G/2.64G [05:55\u003c01:04, 2.43MB/s]\n"}
,{"stream_name":"stderr","time":443.433091963,"data":"\r 94%|█████████▍| 2.48G/2.64G [05:55\u003c01:04, 2.43MB/s]\r 94%|█████████▍| 2.48G/2.64G [05:55\u003c01:02, 2.49MB/s]\n"}
,{"stream_name":"stderr","time":443.570540562,"data":"\r 94%|█████████▍| 2.48G/2.64G [05:55\u003c01:02, 2.49MB/s]\r 94%|█████████▍| 2.49G/2.64G [05:55\u003c01:03, 2.46MB/s]\n"}
,{"stream_name":"stderr","time":443.70778129,"data":"\r 94%|█████████▍| 2.49G/2.64G [05:55\u003c01:03, 2.46MB/s]\r 94%|█████████▍| 2.49G/2.64G [05:56\u003c01:03, 2.44MB/s]\n"}
,{"stream_name":"stderr","time":443.845474245,"data":"\r 94%|█████████▍| 2.49G/2.64G [05:56\u003c01:03, 2.44MB/s]\r 94%|█████████▍| 2.49G/2.64G [05:56\u003c01:02, 2.49MB/s]\n"}
,{"stream_name":"stderr","time":443.983610323,"data":"\r 94%|█████████▍| 2.49G/2.64G [05:56\u003c01:02, 2.49MB/s]\r 94%|█████████▍| 2.49G/2.64G [05:56\u003c01:01, 2.53MB/s]\n"}
,{"stream_name":"stderr","time":444.120992707,"data":"\r 94%|█████████▍| 2.49G/2.64G [05:56\u003c01:01, 2.53MB/s]\r 94%|█████████▍| 2.49G/2.64G [05:56\u003c01:01, 2.48MB/s]\n"}
,{"stream_name":"stderr","time":444.258903876,"data":"\r 94%|█████████▍| 2.49G/2.64G [05:56\u003c01:01, 2.48MB/s]\r 94%|█████████▍| 2.49G/2.64G [05:56\u003c01:00, 2.52MB/s]\n"}
,{"stream_name":"stderr","time":444.39603502800003,"data":"\r 94%|█████████▍| 2.49G/2.64G [05:56\u003c01:00, 2.52MB/s]\r 94%|█████████▍| 2.49G/2.64G [05:56\u003c00:59, 2.55MB/s]\n"}
,{"stream_name":"stderr","time":444.533554282,"data":"\r 94%|█████████▍| 2.49G/2.64G [05:56\u003c00:59, 2.55MB/s]\r 94%|█████████▍| 2.49G/2.64G [05:56\u003c00:59, 2.57MB/s]\n"}
,{"stream_name":"stderr","time":444.670896477,"data":"\r 94%|█████████▍| 2.49G/2.64G [05:56\u003c00:59, 2.57MB/s]\r 94%|█████████▍| 2.49G/2.64G [05:57\u003c00:58, 2.59MB/s]\n"}
,{"stream_name":"stderr","time":444.808331608,"data":"\r 94%|█████████▍| 2.49G/2.64G [05:57\u003c00:58, 2.59MB/s]\r 94%|█████████▍| 2.49G/2.64G [05:57\u003c00:58, 2.60MB/s]\n"}
,{"stream_name":"stderr","time":444.946793883,"data":"\r 94%|█████████▍| 2.49G/2.64G [05:57\u003c00:58, 2.60MB/s]\r 94%|█████████▍| 2.49G/2.64G [05:57\u003c00:56, 2.68MB/s]\n"}
,{"stream_name":"stderr","time":445.084580721,"data":"\r 94%|█████████▍| 2.49G/2.64G [05:57\u003c00:56, 2.68MB/s]\r 94%|█████████▍| 2.49G/2.64G [05:57\u003c00:55, 2.73MB/s]\n"}
,{"stream_name":"stderr","time":445.223894877,"data":"\r 94%|█████████▍| 2.49G/2.64G [05:57\u003c00:55, 2.73MB/s]\r 94%|█████████▍| 2.49G/2.64G [05:57\u003c00:56, 2.68MB/s]\n"}
,{"stream_name":"stderr","time":445.362286336,"data":"\r 94%|█████████▍| 2.49G/2.64G [05:57\u003c00:56, 2.68MB/s]\r 94%|█████████▍| 2.49G/2.64G [05:57\u003c00:59, 2.52MB/s]\n"}
,{"stream_name":"stderr","time":445.496805829,"data":"\r 94%|█████████▍| 2.49G/2.64G [05:57\u003c00:59, 2.52MB/s]\r 94%|█████████▍| 2.49G/2.64G [05:57\u003c01:03, 2.35MB/s]\n"}
,{"stream_name":"stderr","time":445.637489733,"data":"\r 94%|█████████▍| 2.49G/2.64G [05:57\u003c01:03, 2.35MB/s]\r 94%|█████████▍| 2.49G/2.64G [05:58\u003c01:03, 2.34MB/s]\n"}
,{"stream_name":"stderr","time":445.773045425,"data":"\r 94%|█████████▍| 2.49G/2.64G [05:58\u003c01:03, 2.34MB/s]\r 94%|█████████▍| 2.49G/2.64G [05:58\u003c01:05, 2.29MB/s]\n"}
,{"stream_name":"stderr","time":445.911541203,"data":"\r 94%|█████████▍| 2.49G/2.64G [05:58\u003c01:05, 2.29MB/s]\r 94%|█████████▍| 2.49G/2.64G [05:58\u003c01:04, 2.32MB/s]\n"}
,{"stream_name":"stderr","time":446.049371998,"data":"\r 94%|█████████▍| 2.49G/2.64G [05:58\u003c01:04, 2.32MB/s]\r 94%|█████████▍| 2.49G/2.64G [05:58\u003c01:03, 2.34MB/s]\n"}
,{"stream_name":"stderr","time":446.186907256,"data":"\r 94%|█████████▍| 2.49G/2.64G [05:58\u003c01:03, 2.34MB/s]\r 94%|█████████▍| 2.49G/2.64G [05:58\u003c01:03, 2.35MB/s]\n"}
,{"stream_name":"stderr","time":446.324697818,"data":"\r 94%|█████████▍| 2.49G/2.64G [05:58\u003c01:03, 2.35MB/s]\r 94%|█████████▍| 2.49G/2.64G [05:58\u003c01:01, 2.43MB/s]\n"}
,{"stream_name":"stderr","time":446.462334788,"data":"\r 94%|█████████▍| 2.49G/2.64G [05:58\u003c01:01, 2.43MB/s]\r 94%|█████████▍| 2.49G/2.64G [05:58\u003c00:59, 2.49MB/s]\n"}
,{"stream_name":"stderr","time":446.599959407,"data":"\r 94%|█████████▍| 2.49G/2.64G [05:58\u003c00:59, 2.49MB/s]\r 94%|█████████▍| 2.49G/2.64G [05:59\u003c00:58, 2.53MB/s]\n"}
,{"stream_name":"stderr","time":446.737398437,"data":"\r 94%|█████████▍| 2.49G/2.64G [05:59\u003c00:58, 2.53MB/s]\r 94%|█████████▍| 2.49G/2.64G [05:59\u003c00:57, 2.56MB/s]\n"}
,{"stream_name":"stderr","time":446.875010377,"data":"\r 94%|█████████▍| 2.49G/2.64G [05:59\u003c00:57, 2.56MB/s]\r 94%|█████████▍| 2.49G/2.64G [05:59\u003c00:57, 2.57MB/s]\n"}
,{"stream_name":"stderr","time":447.013557208,"data":"\r 94%|█████████▍| 2.49G/2.64G [05:59\u003c00:57, 2.57MB/s]\r 94%|█████████▍| 2.49G/2.64G [05:59\u003c00:56, 2.58MB/s]\n"}
,{"stream_name":"stderr","time":447.151402017,"data":"\r 94%|█████████▍| 2.49G/2.64G [05:59\u003c00:56, 2.58MB/s]\r 94%|█████████▍| 2.49G/2.64G [05:59\u003c00:54, 2.66MB/s]\n"}
,{"stream_name":"stderr","time":447.288998131,"data":"\r 94%|█████████▍| 2.49G/2.64G [05:59\u003c00:54, 2.66MB/s]\r 94%|█████████▍| 2.49G/2.64G [05:59\u003c00:55, 2.65MB/s]\n"}
,{"stream_name":"stderr","time":447.426869694,"data":"\r 94%|█████████▍| 2.49G/2.64G [05:59\u003c00:55, 2.65MB/s]\r 94%|█████████▍| 2.49G/2.64G [05:59\u003c00:53, 2.71MB/s]\n"}
,{"stream_name":"stderr","time":447.564560533,"data":"\r 94%|█████████▍| 2.49G/2.64G [05:59\u003c00:53, 2.71MB/s]\r 95%|█████████▍| 2.50G/2.64G [05:59\u003c00:52, 2.75MB/s]\n"}
,{"stream_name":"stderr","time":447.702579908,"data":"\r 95%|█████████▍| 2.50G/2.64G [05:59\u003c00:52, 2.75MB/s]\r 95%|█████████▍| 2.50G/2.64G [06:00\u003c00:51, 2.78MB/s]\n"}
,{"stream_name":"stderr","time":447.840360458,"data":"\r 95%|█████████▍| 2.50G/2.64G [06:00\u003c00:51, 2.78MB/s]\r 95%|█████████▍| 2.50G/2.64G [06:00\u003c00:51, 2.80MB/s]\n"}
,{"stream_name":"stderr","time":447.978906382,"data":"\r 95%|█████████▍| 2.50G/2.64G [06:00\u003c00:51, 2.80MB/s]\r 95%|█████████▍| 2.50G/2.64G [06:00\u003c00:55, 2.60MB/s]\n"}
,{"stream_name":"stderr","time":448.116210384,"data":"\r 95%|█████████▍| 2.50G/2.64G [06:00\u003c00:55, 2.60MB/s]\r 95%|█████████▍| 2.50G/2.64G [06:00\u003c00:55, 2.61MB/s]\n"}
,{"stream_name":"stderr","time":448.256296099,"data":"\r 95%|█████████▍| 2.50G/2.64G [06:00\u003c00:55, 2.61MB/s]\r 95%|█████████▍| 2.50G/2.64G [06:00\u003c01:00, 2.38MB/s]\n"}
,{"stream_name":"stderr","time":448.438461204,"data":"\r 95%|█████████▍| 2.50G/2.64G [06:00\u003c01:00, 2.38MB/s]\r 95%|█████████▍| 2.50G/2.64G [06:00\u003c01:09, 2.04MB/s]\n"}
,{"stream_name":"stderr","time":448.577044895,"data":"\r 95%|█████████▍| 2.50G/2.64G [06:00\u003c01:09, 2.04MB/s]\r 95%|█████████▍| 2.50G/2.64G [06:00\u003c01:13, 1.93MB/s]\n"}
,{"stream_name":"stderr","time":448.713917422,"data":"\r 95%|█████████▍| 2.50G/2.64G [06:00\u003c01:13, 1.93MB/s]\r 95%|█████████▍| 2.50G/2.64G [06:01\u003c01:16, 1.86MB/s]\n"}
,{"stream_name":"stderr","time":448.953357565,"data":"\r 95%|█████████▍| 2.50G/2.64G [06:01\u003c01:16, 1.86MB/s]\r 95%|█████████▍| 2.50G/2.64G [06:01\u003c01:22, 1.74MB/s]\n"}
,{"stream_name":"stderr","time":448.989339976,"data":"\r 95%|█████████▍| 2.50G/2.64G [06:01\u003c01:22, 1.74MB/s]\r 95%|█████████▍| 2.50G/2.64G [06:01\u003c01:22, 1.71MB/s]\n"}
,{"stream_name":"stderr","time":449.127060296,"data":"\r 95%|█████████▍| 2.50G/2.64G [06:01\u003c01:22, 1.71MB/s]\r 95%|█████████▍| 2.50G/2.64G [06:01\u003c01:23, 1.70MB/s]\n"}
,{"stream_name":"stderr","time":449.264883271,"data":"\r 95%|█████████▍| 2.50G/2.64G [06:01\u003c01:23, 1.70MB/s]\r 95%|█████████▍| 2.50G/2.64G [06:01\u003c01:23, 1.69MB/s]\n"}
,{"stream_name":"stderr","time":449.402894925,"data":"\r 95%|█████████▍| 2.50G/2.64G [06:01\u003c01:23, 1.69MB/s]\r 95%|█████████▍| 2.50G/2.64G [06:01\u003c01:20, 1.75MB/s]\n"}
,{"stream_name":"stderr","time":449.541023072,"data":"\r 95%|█████████▍| 2.50G/2.64G [06:01\u003c01:20, 1.75MB/s]\r 95%|█████████▍| 2.50G/2.64G [06:01\u003c01:21, 1.73MB/s]\n"}
,{"stream_name":"stderr","time":449.678277143,"data":"\r 95%|█████████▍| 2.50G/2.64G [06:01\u003c01:21, 1.73MB/s]\r 95%|█████████▍| 2.50G/2.64G [06:02\u003c01:22, 1.71MB/s]\n"}
,{"stream_name":"stderr","time":449.816617734,"data":"\r 95%|█████████▍| 2.50G/2.64G [06:02\u003c01:22, 1.71MB/s]\r 95%|█████████▍| 2.50G/2.64G [06:02\u003c01:19, 1.76MB/s]\n"}
,{"stream_name":"stderr","time":449.953910957,"data":"\r 95%|█████████▍| 2.50G/2.64G [06:02\u003c01:19, 1.76MB/s]\r 95%|█████████▍| 2.50G/2.64G [06:02\u003c01:20, 1.74MB/s]\n"}
,{"stream_name":"stderr","time":450.092341785,"data":"\r 95%|█████████▍| 2.50G/2.64G [06:02\u003c01:20, 1.74MB/s]\r 95%|█████████▍| 2.50G/2.64G [06:02\u003c01:18, 1.78MB/s]\n"}
,{"stream_name":"stderr","time":450.229526986,"data":"\r 95%|█████████▍| 2.50G/2.64G [06:02\u003c01:18, 1.78MB/s]\r 95%|█████████▍| 2.50G/2.64G [06:02\u003c01:19, 1.75MB/s]\n"}
,{"stream_name":"stderr","time":450.368020369,"data":"\r 95%|█████████▍| 2.50G/2.64G [06:02\u003c01:19, 1.75MB/s]\r 95%|█████████▍| 2.50G/2.64G [06:02\u003c01:17, 1.79MB/s]\n"}
,{"stream_name":"stderr","time":450.504889202,"data":"\r 95%|█████████▍| 2.50G/2.64G [06:02\u003c01:17, 1.79MB/s]\r 95%|█████████▍| 2.50G/2.64G [06:02\u003c01:19, 1.76MB/s]\n"}
,{"stream_name":"stderr","time":450.645292249,"data":"\r 95%|█████████▍| 2.50G/2.64G [06:02\u003c01:19, 1.76MB/s]\r 95%|█████████▍| 2.50G/2.64G [06:03\u003c01:24, 1.65MB/s]\n"}
,{"stream_name":"stderr","time":450.783528753,"data":"\r 95%|█████████▍| 2.50G/2.64G [06:03\u003c01:24, 1.65MB/s]\r 95%|█████████▍| 2.50G/2.64G [06:03\u003c01:28, 1.58MB/s]\n"}
,{"stream_name":"stderr","time":450.919436229,"data":"\r 95%|█████████▍| 2.50G/2.64G [06:03\u003c01:28, 1.58MB/s]\r 95%|█████████▍| 2.50G/2.64G [06:03\u003c01:34, 1.47MB/s]\n"}
,{"stream_name":"stderr","time":451.057223628,"data":"\r 95%|█████████▍| 2.50G/2.64G [06:03\u003c01:34, 1.47MB/s]\r 95%|█████████▍| 2.50G/2.64G [06:03\u003c01:39, 1.39MB/s]\n"}
,{"stream_name":"stderr","time":451.19399654,"data":"\r 95%|█████████▍| 2.50G/2.64G [06:03\u003c01:39, 1.39MB/s]\r 95%|█████████▍| 2.50G/2.64G [06:03\u003c01:38, 1.40MB/s]\n"}
,{"stream_name":"stderr","time":451.333083122,"data":"\r 95%|█████████▍| 2.50G/2.64G [06:03\u003c01:38, 1.40MB/s]\r 95%|█████████▍| 2.50G/2.64G [06:03\u003c01:33, 1.48MB/s]\n"}
,{"stream_name":"stderr","time":451.469326603,"data":"\r 95%|█████████▍| 2.50G/2.64G [06:03\u003c01:33, 1.48MB/s]\r 95%|█████████▍| 2.50G/2.64G [06:03\u003c01:34, 1.47MB/s]\n"}
,{"stream_name":"stderr","time":451.607721155,"data":"\r 95%|█████████▍| 2.50G/2.64G [06:03\u003c01:34, 1.47MB/s]\r 95%|█████████▍| 2.50G/2.64G [06:04\u003c01:30, 1.52MB/s]\n"}
,{"stream_name":"stderr","time":451.745559969,"data":"\r 95%|█████████▍| 2.50G/2.64G [06:04\u003c01:30, 1.52MB/s]\r 95%|█████████▍| 2.50G/2.64G [06:04\u003c01:27, 1.56MB/s]\n"}
,{"stream_name":"stderr","time":451.883536564,"data":"\r 95%|█████████▍| 2.50G/2.64G [06:04\u003c01:27, 1.56MB/s]\r 95%|█████████▍| 2.50G/2.64G [06:04\u003c01:26, 1.59MB/s]\n"}
,{"stream_name":"stderr","time":452.020148375,"data":"\r 95%|█████████▍| 2.50G/2.64G [06:04\u003c01:26, 1.59MB/s]\r 95%|█████████▍| 2.50G/2.64G [06:04\u003c01:24, 1.62MB/s]\n"}
,{"stream_name":"stderr","time":452.15796747,"data":"\r 95%|█████████▍| 2.50G/2.64G [06:04\u003c01:24, 1.62MB/s]\r 95%|█████████▍| 2.50G/2.64G [06:04\u003c01:23, 1.63MB/s]\n"}
,{"stream_name":"stderr","time":452.295367322,"data":"\r 95%|█████████▍| 2.50G/2.64G [06:04\u003c01:23, 1.63MB/s]\r 95%|█████████▍| 2.50G/2.64G [06:04\u003c01:23, 1.64MB/s]\n"}
,{"stream_name":"stderr","time":452.433106123,"data":"\r 95%|█████████▍| 2.50G/2.64G [06:04\u003c01:23, 1.64MB/s]\r 95%|█████████▍| 2.50G/2.64G [06:04\u003c01:22, 1.65MB/s]\n"}
,{"stream_name":"stderr","time":452.570959904,"data":"\r 95%|█████████▍| 2.50G/2.64G [06:04\u003c01:22, 1.65MB/s]\r 95%|█████████▍| 2.50G/2.64G [06:04\u003c01:18, 1.73MB/s]\n"}
,{"stream_name":"stderr","time":452.707832077,"data":"\r 95%|█████████▍| 2.50G/2.64G [06:04\u003c01:18, 1.73MB/s]\r 95%|█████████▍| 2.50G/2.64G [06:05\u003c01:19, 1.71MB/s]\n"}
,{"stream_name":"stderr","time":452.846229739,"data":"\r 95%|█████████▍| 2.50G/2.64G [06:05\u003c01:19, 1.71MB/s]\r 95%|█████████▍| 2.50G/2.64G [06:05\u003c01:16, 1.77MB/s]\n"}
,{"stream_name":"stderr","time":452.983441675,"data":"\r 95%|█████████▍| 2.50G/2.64G [06:05\u003c01:16, 1.77MB/s]\r 95%|█████████▍| 2.50G/2.64G [06:05\u003c01:17, 1.74MB/s]\n"}
,{"stream_name":"stderr","time":453.120684704,"data":"\r 95%|█████████▍| 2.50G/2.64G [06:05\u003c01:17, 1.74MB/s]\r 95%|█████████▍| 2.51G/2.64G [06:05\u003c01:18, 1.72MB/s]\n"}
,{"stream_name":"stderr","time":453.258845001,"data":"\r 95%|█████████▍| 2.51G/2.64G [06:05\u003c01:18, 1.72MB/s]\r 95%|█████████▍| 2.51G/2.64G [06:05\u003c01:16, 1.77MB/s]\n"}
,{"stream_name":"stderr","time":453.396791139,"data":"\r 95%|█████████▍| 2.51G/2.64G [06:05\u003c01:16, 1.77MB/s]\r 95%|█████████▍| 2.51G/2.64G [06:05\u003c01:17, 1.74MB/s]\n"}
,{"stream_name":"stderr","time":453.534434493,"data":"\r 95%|█████████▍| 2.51G/2.64G [06:05\u003c01:17, 1.74MB/s]\r 95%|█████████▍| 2.51G/2.64G [06:05\u003c01:15, 1.79MB/s]\n"}
,{"stream_name":"stderr","time":453.671457069,"data":"\r 95%|█████████▍| 2.51G/2.64G [06:05\u003c01:15, 1.79MB/s]\r 95%|█████████▍| 2.51G/2.64G [06:06\u003c01:16, 1.75MB/s]\n"}
,{"stream_name":"stderr","time":453.80877666,"data":"\r 95%|█████████▍| 2.51G/2.64G [06:06\u003c01:16, 1.75MB/s]\r 95%|█████████▍| 2.51G/2.64G [06:06\u003c01:17, 1.73MB/s]\n"}
,{"stream_name":"stderr","time":453.947170379,"data":"\r 95%|█████████▍| 2.51G/2.64G [06:06\u003c01:17, 1.73MB/s]\r 95%|█████████▍| 2.51G/2.64G [06:06\u003c01:15, 1.78MB/s]\n"}
,{"stream_name":"stderr","time":454.084348447,"data":"\r 95%|█████████▍| 2.51G/2.64G [06:06\u003c01:15, 1.78MB/s]\r 95%|█████████▍| 2.51G/2.64G [06:06\u003c01:16, 1.75MB/s]\n"}
,{"stream_name":"stderr","time":454.222610986,"data":"\r 95%|█████████▍| 2.51G/2.64G [06:06\u003c01:16, 1.75MB/s]\r 95%|█████████▍| 2.51G/2.64G [06:06\u003c01:14, 1.79MB/s]\n"}
,{"stream_name":"stderr","time":454.359634227,"data":"\r 95%|█████████▍| 2.51G/2.64G [06:06\u003c01:14, 1.79MB/s]\r 95%|█████████▍| 2.51G/2.64G [06:06\u003c01:15, 1.76MB/s]\n"}
,{"stream_name":"stderr","time":454.498369941,"data":"\r 95%|█████████▍| 2.51G/2.64G [06:06\u003c01:15, 1.76MB/s]\r 95%|█████████▍| 2.51G/2.64G [06:06\u003c01:13, 1.80MB/s]\n"}
,{"stream_name":"stderr","time":454.634989584,"data":"\r 95%|█████████▍| 2.51G/2.64G [06:06\u003c01:13, 1.80MB/s]\r 95%|█████████▍| 2.51G/2.64G [06:07\u003c01:15, 1.76MB/s]\n"}
,{"stream_name":"stderr","time":454.772847652,"data":"\r 95%|█████████▍| 2.51G/2.64G [06:07\u003c01:15, 1.76MB/s]\r 95%|█████████▍| 2.51G/2.64G [06:07\u003c01:16, 1.73MB/s]\n"}
,{"stream_name":"stderr","time":454.910438361,"data":"\r 95%|█████████▍| 2.51G/2.64G [06:07\u003c01:16, 1.73MB/s]\r 95%|█████████▍| 2.51G/2.64G [06:07\u003c01:14, 1.78MB/s]\n"}
,{"stream_name":"stderr","time":455.048469049,"data":"\r 95%|█████████▍| 2.51G/2.64G [06:07\u003c01:14, 1.78MB/s]\r 95%|█████████▌| 2.51G/2.64G [06:07\u003c01:15, 1.75MB/s]\n"}
,{"stream_name":"stderr","time":455.186478245,"data":"\r 95%|█████████▌| 2.51G/2.64G [06:07\u003c01:15, 1.75MB/s]\r 95%|█████████▌| 2.51G/2.64G [06:07\u003c01:13, 1.79MB/s]\n"}
,{"stream_name":"stderr","time":455.324148385,"data":"\r 95%|█████████▌| 2.51G/2.64G [06:07\u003c01:13, 1.79MB/s]\r 95%|█████████▌| 2.51G/2.64G [06:07\u003c01:14, 1.75MB/s]\n"}
,{"stream_name":"stderr","time":455.461601407,"data":"\r 95%|█████████▌| 2.51G/2.64G [06:07\u003c01:14, 1.75MB/s]\r 95%|█████████▌| 2.51G/2.64G [06:07\u003c01:12, 1.80MB/s]\n"}
,{"stream_name":"stderr","time":455.59956205,"data":"\r 95%|█████████▌| 2.51G/2.64G [06:07\u003c01:12, 1.80MB/s]\r 95%|█████████▌| 2.51G/2.64G [06:08\u003c01:14, 1.76MB/s]\n"}
,{"stream_name":"stderr","time":455.737944069,"data":"\r 95%|█████████▌| 2.51G/2.64G [06:08\u003c01:14, 1.76MB/s]\r 95%|█████████▌| 2.51G/2.64G [06:08\u003c01:12, 1.80MB/s]\n"}
,{"stream_name":"stderr","time":455.876077954,"data":"\r 95%|█████████▌| 2.51G/2.64G [06:08\u003c01:12, 1.80MB/s]\r 95%|█████████▌| 2.51G/2.64G [06:08\u003c01:11, 1.83MB/s]\n"}
,{"stream_name":"stderr","time":456.012760517,"data":"\r 95%|█████████▌| 2.51G/2.64G [06:08\u003c01:11, 1.83MB/s]\r 95%|█████████▌| 2.51G/2.64G [06:08\u003c01:12, 1.78MB/s]\n"}
,{"stream_name":"stderr","time":456.150744874,"data":"\r 95%|█████████▌| 2.51G/2.64G [06:08\u003c01:12, 1.78MB/s]\r 95%|█████████▌| 2.51G/2.64G [06:08\u003c01:11, 1.82MB/s]\n"}
,{"stream_name":"stderr","time":456.287667093,"data":"\r 95%|█████████▌| 2.51G/2.64G [06:08\u003c01:11, 1.82MB/s]\r 95%|█████████▌| 2.51G/2.64G [06:08\u003c01:10, 1.85MB/s]\n"}
,{"stream_name":"stderr","time":456.425348843,"data":"\r 95%|█████████▌| 2.51G/2.64G [06:08\u003c01:10, 1.85MB/s]\r 95%|█████████▌| 2.51G/2.64G [06:08\u003c01:09, 1.86MB/s]\n"}
,{"stream_name":"stderr","time":456.562720003,"data":"\r 95%|█████████▌| 2.51G/2.64G [06:08\u003c01:09, 1.86MB/s]\r 95%|█████████▌| 2.51G/2.64G [06:08\u003c01:08, 1.88MB/s]\n"}
,{"stream_name":"stderr","time":456.748323095,"data":"\r 95%|█████████▌| 2.51G/2.64G [06:08\u003c01:08, 1.88MB/s]\r 95%|█████████▌| 2.51G/2.64G [06:09\u003c01:12, 1.77MB/s]\n"}
,{"stream_name":"stderr","time":456.885036352,"data":"\r 95%|█████████▌| 2.51G/2.64G [06:09\u003c01:12, 1.77MB/s]\r 95%|█████████▌| 2.51G/2.64G [06:09\u003c01:10, 1.81MB/s]\n"}
,{"stream_name":"stderr","time":457.02321577,"data":"\r 95%|█████████▌| 2.51G/2.64G [06:09\u003c01:10, 1.81MB/s]\r 95%|█████████▌| 2.51G/2.64G [06:09\u003c01:15, 1.70MB/s]\n"}
,{"stream_name":"stderr","time":457.160807159,"data":"\r 95%|█████████▌| 2.51G/2.64G [06:09\u003c01:15, 1.70MB/s]\r 95%|█████████▌| 2.51G/2.64G [06:09\u003c01:15, 1.69MB/s]\n"}
,{"stream_name":"stderr","time":457.298619389,"data":"\r 95%|█████████▌| 2.51G/2.64G [06:09\u003c01:15, 1.69MB/s]\r 95%|█████████▌| 2.51G/2.64G [06:09\u003c01:16, 1.68MB/s]\n"}
,{"stream_name":"stderr","time":457.437444729,"data":"\r 95%|█████████▌| 2.51G/2.64G [06:09\u003c01:16, 1.68MB/s]\r 95%|█████████▌| 2.51G/2.64G [06:09\u003c01:16, 1.67MB/s]\n"}
,{"stream_name":"stderr","time":457.575180885,"data":"\r 95%|█████████▌| 2.51G/2.64G [06:09\u003c01:16, 1.67MB/s]\r 95%|█████████▌| 2.51G/2.64G [06:09\u003c01:16, 1.67MB/s]\n"}
,{"stream_name":"stderr","time":457.713395334,"data":"\r 95%|█████████▌| 2.51G/2.64G [06:09\u003c01:16, 1.67MB/s]\r 95%|█████████▌| 2.51G/2.64G [06:10\u003c01:16, 1.67MB/s]\n"}
,{"stream_name":"stderr","time":457.850610202,"data":"\r 95%|█████████▌| 2.51G/2.64G [06:10\u003c01:16, 1.67MB/s]\r 95%|█████████▌| 2.51G/2.64G [06:10\u003c01:13, 1.74MB/s]\n"}
,{"stream_name":"stderr","time":457.988597633,"data":"\r 95%|█████████▌| 2.51G/2.64G [06:10\u003c01:13, 1.74MB/s]\r 95%|█████████▌| 2.51G/2.64G [06:10\u003c01:13, 1.72MB/s]\n"}
,{"stream_name":"stderr","time":458.126270657,"data":"\r 95%|█████████▌| 2.51G/2.64G [06:10\u003c01:13, 1.72MB/s]\r 95%|█████████▌| 2.51G/2.64G [06:10\u003c01:11, 1.77MB/s]\n"}
,{"stream_name":"stderr","time":458.265814398,"data":"\r 95%|█████████▌| 2.51G/2.64G [06:10\u003c01:11, 1.77MB/s]\r 95%|█████████▌| 2.51G/2.64G [06:10\u003c01:09, 1.81MB/s]\n"}
,{"stream_name":"stderr","time":458.402021914,"data":"\r 95%|█████████▌| 2.51G/2.64G [06:10\u003c01:09, 1.81MB/s]\r 95%|█████████▌| 2.51G/2.64G [06:10\u003c01:08, 1.84MB/s]\n"}
,{"stream_name":"stderr","time":458.541431839,"data":"\r 95%|█████████▌| 2.51G/2.64G [06:10\u003c01:08, 1.84MB/s]\r 95%|█████████▌| 2.51G/2.64G [06:10\u003c01:07, 1.85MB/s]\n"}
,{"stream_name":"stderr","time":458.678642365,"data":"\r 95%|█████████▌| 2.51G/2.64G [06:10\u003c01:07, 1.85MB/s]\r 95%|█████████▌| 2.51G/2.64G [06:11\u003c01:07, 1.87MB/s]\n"}
,{"stream_name":"stderr","time":458.817040755,"data":"\r 95%|█████████▌| 2.51G/2.64G [06:11\u003c01:07, 1.87MB/s]\r 95%|█████████▌| 2.52G/2.64G [06:11\u003c01:04, 1.95MB/s]\n"}
,{"stream_name":"stderr","time":458.954904612,"data":"\r 95%|█████████▌| 2.52G/2.64G [06:11\u003c01:04, 1.95MB/s]\r 95%|█████████▌| 2.52G/2.64G [06:11\u003c01:09, 1.79MB/s]\n"}
,{"stream_name":"stderr","time":459.093294718,"data":"\r 95%|█████████▌| 2.52G/2.64G [06:11\u003c01:09, 1.79MB/s]\r 95%|█████████▌| 2.52G/2.64G [06:11\u003c01:14, 1.68MB/s]\n"}
,{"stream_name":"stderr","time":459.231229211,"data":"\r 95%|█████████▌| 2.52G/2.64G [06:11\u003c01:14, 1.68MB/s]\r 95%|█████████▌| 2.52G/2.64G [06:11\u003c01:17, 1.60MB/s]\n"}
,{"stream_name":"stderr","time":459.368234647,"data":"\r 95%|█████████▌| 2.52G/2.64G [06:11\u003c01:17, 1.60MB/s]\r 95%|█████████▌| 2.52G/2.64G [06:11\u003c01:23, 1.48MB/s]\n"}
,{"stream_name":"stderr","time":459.505930984,"data":"\r 95%|█████████▌| 2.52G/2.64G [06:11\u003c01:23, 1.48MB/s]\r 95%|█████████▌| 2.52G/2.64G [06:11\u003c01:29, 1.40MB/s]\n"}
,{"stream_name":"stderr","time":459.64337919,"data":"\r 95%|█████████▌| 2.52G/2.64G [06:11\u003c01:29, 1.40MB/s]\r 95%|█████████▌| 2.52G/2.64G [06:12\u003c01:33, 1.33MB/s]\n"}
,{"stream_name":"stderr","time":459.781436615,"data":"\r 95%|█████████▌| 2.52G/2.64G [06:12\u003c01:33, 1.33MB/s]\r 95%|█████████▌| 2.52G/2.64G [06:12\u003c01:30, 1.36MB/s]\n"}
,{"stream_name":"stderr","time":459.918539108,"data":"\r 95%|█████████▌| 2.52G/2.64G [06:12\u003c01:30, 1.36MB/s]\r 95%|█████████▌| 2.52G/2.64G [06:12\u003c01:34, 1.31MB/s]\n"}
,{"stream_name":"stderr","time":460.057134086,"data":"\r 95%|█████████▌| 2.52G/2.64G [06:12\u003c01:34, 1.31MB/s]\r 95%|█████████▌| 2.52G/2.64G [06:12\u003c01:31, 1.34MB/s]\n"}
,{"stream_name":"stderr","time":460.194436432,"data":"\r 95%|█████████▌| 2.52G/2.64G [06:12\u003c01:31, 1.34MB/s]\r 95%|█████████▌| 2.52G/2.64G [06:12\u003c01:29, 1.37MB/s]\n"}
,{"stream_name":"stderr","time":460.332622669,"data":"\r 95%|█████████▌| 2.52G/2.64G [06:12\u003c01:29, 1.37MB/s]\r 95%|█████████▌| 2.52G/2.64G [06:12\u003c01:28, 1.39MB/s]\n"}
,{"stream_name":"stderr","time":460.471455089,"data":"\r 95%|█████████▌| 2.52G/2.64G [06:12\u003c01:28, 1.39MB/s]\r 95%|█████████▌| 2.52G/2.64G [06:12\u003c01:28, 1.40MB/s]\n"}
,{"stream_name":"stderr","time":460.609694062,"data":"\r 95%|█████████▌| 2.52G/2.64G [06:12\u003c01:28, 1.40MB/s]\r 95%|█████████▌| 2.52G/2.64G [06:13\u003c01:27, 1.40MB/s]\n"}
,{"stream_name":"stderr","time":460.744416702,"data":"\r 95%|█████████▌| 2.52G/2.64G [06:13\u003c01:27, 1.40MB/s]\r 95%|█████████▌| 2.52G/2.64G [06:13\u003c01:30, 1.35MB/s]\n"}
,{"stream_name":"stderr","time":460.881473979,"data":"\r 95%|█████████▌| 2.52G/2.64G [06:13\u003c01:30, 1.35MB/s]\r 95%|█████████▌| 2.52G/2.64G [06:13\u003c01:29, 1.37MB/s]\n"}
,{"stream_name":"stderr","time":461.020459105,"data":"\r 95%|█████████▌| 2.52G/2.64G [06:13\u003c01:29, 1.37MB/s]\r 95%|█████████▌| 2.52G/2.64G [06:13\u003c01:28, 1.39MB/s]\n"}
,{"stream_name":"stderr","time":461.157253602,"data":"\r 95%|█████████▌| 2.52G/2.64G [06:13\u003c01:28, 1.39MB/s]\r 95%|█████████▌| 2.52G/2.64G [06:13\u003c01:27, 1.40MB/s]\n"}
,{"stream_name":"stderr","time":461.34187427,"data":"\r 95%|█████████▌| 2.52G/2.64G [06:13\u003c01:27, 1.40MB/s]\r 95%|█████████▌| 2.52G/2.64G [06:13\u003c01:35, 1.28MB/s]\n"}
,{"stream_name":"stderr","time":461.48346442,"data":"\r 95%|█████████▌| 2.52G/2.64G [06:13\u003c01:35, 1.28MB/s]\r 95%|█████████▌| 2.52G/2.64G [06:13\u003c01:32, 1.31MB/s]\n"}
,{"stream_name":"stderr","time":461.620940829,"data":"\r 95%|█████████▌| 2.52G/2.64G [06:13\u003c01:32, 1.31MB/s]\r 95%|█████████▌| 2.52G/2.64G [06:14\u003c01:35, 1.28MB/s]\n"}
,{"stream_name":"stderr","time":461.757848852,"data":"\r 95%|█████████▌| 2.52G/2.64G [06:14\u003c01:35, 1.28MB/s]\r 95%|█████████▌| 2.52G/2.64G [06:14\u003c01:42, 1.18MB/s]\n"}
,{"stream_name":"stderr","time":461.896539115,"data":"\r 95%|█████████▌| 2.52G/2.64G [06:14\u003c01:42, 1.18MB/s]\r 95%|█████████▌| 2.52G/2.64G [06:14\u003c01:42, 1.18MB/s]\n"}
,{"stream_name":"stderr","time":462.033375269,"data":"\r 95%|█████████▌| 2.52G/2.64G [06:14\u003c01:42, 1.18MB/s]\r 95%|█████████▌| 2.52G/2.64G [06:14\u003c01:41, 1.19MB/s]\n"}
,{"stream_name":"stderr","time":462.172918179,"data":"\r 95%|█████████▌| 2.52G/2.64G [06:14\u003c01:41, 1.19MB/s]\r 95%|█████████▌| 2.52G/2.64G [06:14\u003c01:48, 1.11MB/s]\n"}
,{"stream_name":"stderr","time":462.31055285,"data":"\r 95%|█████████▌| 2.52G/2.64G [06:14\u003c01:48, 1.11MB/s]\r 95%|█████████▌| 2.52G/2.64G [06:14\u003c01:53, 1.07MB/s]\n"}
,{"stream_name":"stderr","time":462.448077007,"data":"\r 95%|█████████▌| 2.52G/2.64G [06:14\u003c01:53, 1.07MB/s]\r 95%|█████████▌| 2.52G/2.64G [06:14\u003c01:56, 1.03MB/s]\n"}
,{"stream_name":"stderr","time":462.583263015,"data":"\r 95%|█████████▌| 2.52G/2.64G [06:14\u003c01:56, 1.03MB/s]\r 95%|█████████▌| 2.52G/2.64G [06:15\u003c01:58, 1.01MB/s]\n"}
,{"stream_name":"stderr","time":462.716827892,"data":"\r 95%|█████████▌| 2.52G/2.64G [06:15\u003c01:58, 1.01MB/s]\r 95%|█████████▌| 2.52G/2.64G [06:15\u003c01:59, 1.00MB/s]\n"}
,{"stream_name":"stderr","time":462.860923754,"data":"\r 95%|█████████▌| 2.52G/2.64G [06:15\u003c01:59, 1.00MB/s]\r 95%|█████████▌| 2.52G/2.64G [06:15\u003c01:54, 1.05MB/s]\n"}
,{"stream_name":"stderr","time":462.99865777,"data":"\r 95%|█████████▌| 2.52G/2.64G [06:15\u003c01:54, 1.05MB/s]\r 95%|█████████▌| 2.52G/2.64G [06:15\u003c01:57, 1.02MB/s]\n"}
,{"stream_name":"stderr","time":463.13320521,"data":"\r 95%|█████████▌| 2.52G/2.64G [06:15\u003c01:57, 1.02MB/s]\r 95%|█████████▌| 2.52G/2.64G [06:15\u003c01:59, 1.00MB/s]\n"}
,{"stream_name":"stderr","time":463.273977826,"data":"\r 95%|█████████▌| 2.52G/2.64G [06:15\u003c01:59, 1.00MB/s]\r 95%|█████████▌| 2.52G/2.64G [06:15\u003c01:53, 1.05MB/s]\n"}
,{"stream_name":"stderr","time":463.405026585,"data":"\r 95%|█████████▌| 2.52G/2.64G [06:15\u003c01:53, 1.05MB/s]\r 95%|█████████▌| 2.52G/2.64G [06:15\u003c01:55, 1.04MB/s]\n"}
,{"stream_name":"stderr","time":463.548373054,"data":"\r 95%|█████████▌| 2.52G/2.64G [06:15\u003c01:55, 1.04MB/s]\r 95%|█████████▌| 2.52G/2.64G [06:15\u003c01:51, 1.07MB/s]\n"}
,{"stream_name":"stderr","time":463.680823552,"data":"\r 95%|█████████▌| 2.52G/2.64G [06:15\u003c01:51, 1.07MB/s]\r 95%|█████████▌| 2.52G/2.64G [06:16\u003c01:53, 1.05MB/s]\n"}
,{"stream_name":"stderr","time":463.823468608,"data":"\r 95%|█████████▌| 2.52G/2.64G [06:16\u003c01:53, 1.05MB/s]\r 95%|█████████▌| 2.52G/2.64G [06:16\u003c01:50, 1.08MB/s]\n"}
,{"stream_name":"stderr","time":463.95596419,"data":"\r 95%|█████████▌| 2.52G/2.64G [06:16\u003c01:50, 1.08MB/s]\r 95%|█████████▌| 2.52G/2.64G [06:16\u003c01:53, 1.05MB/s]\n"}
,{"stream_name":"stderr","time":464.098678341,"data":"\r 95%|█████████▌| 2.52G/2.64G [06:16\u003c01:53, 1.05MB/s]\r 95%|█████████▌| 2.52G/2.64G [06:16\u003c01:49, 1.08MB/s]\n"}
,{"stream_name":"stderr","time":464.230816109,"data":"\r 95%|█████████▌| 2.52G/2.64G [06:16\u003c01:49, 1.08MB/s]\r 96%|█████████▌| 2.52G/2.64G [06:16\u003c01:52, 1.06MB/s]\n"}
,{"stream_name":"stderr","time":464.37328923,"data":"\r 96%|█████████▌| 2.52G/2.64G [06:16\u003c01:52, 1.06MB/s]\r 96%|█████████▌| 2.52G/2.64G [06:16\u003c01:49, 1.09MB/s]\n"}
,{"stream_name":"stderr","time":464.506403724,"data":"\r 96%|█████████▌| 2.52G/2.64G [06:16\u003c01:49, 1.09MB/s]\r 96%|█████████▌| 2.52G/2.64G [06:16\u003c01:52, 1.06MB/s]\n"}
,{"stream_name":"stderr","time":464.647915848,"data":"\r 96%|█████████▌| 2.52G/2.64G [06:16\u003c01:52, 1.06MB/s]\r 96%|█████████▌| 2.52G/2.64G [06:17\u003c01:48, 1.09MB/s]\n"}
,{"stream_name":"stderr","time":464.781445718,"data":"\r 96%|█████████▌| 2.52G/2.64G [06:17\u003c01:48, 1.09MB/s]\r 96%|█████████▌| 2.52G/2.64G [06:17\u003c01:51, 1.06MB/s]\n"}
,{"stream_name":"stderr","time":464.923103175,"data":"\r 96%|█████████▌| 2.52G/2.64G [06:17\u003c01:51, 1.06MB/s]\r 96%|█████████▌| 2.52G/2.64G [06:17\u003c01:48, 1.09MB/s]\n"}
,{"stream_name":"stderr","time":465.056146927,"data":"\r 96%|█████████▌| 2.52G/2.64G [06:17\u003c01:48, 1.09MB/s]\r 96%|█████████▌| 2.52G/2.64G [06:17\u003c01:51, 1.06MB/s]\n"}
,{"stream_name":"stderr","time":465.198343898,"data":"\r 96%|█████████▌| 2.52G/2.64G [06:17\u003c01:51, 1.06MB/s]\r 96%|█████████▌| 2.52G/2.64G [06:17\u003c01:48, 1.09MB/s]\n"}
,{"stream_name":"stderr","time":465.335759317,"data":"\r 96%|█████████▌| 2.52G/2.64G [06:17\u003c01:48, 1.09MB/s]\r 96%|█████████▌| 2.52G/2.64G [06:17\u003c01:45, 1.12MB/s]\n"}
,{"stream_name":"stderr","time":465.468828771,"data":"\r 96%|█████████▌| 2.52G/2.64G [06:17\u003c01:45, 1.12MB/s]\r 96%|█████████▌| 2.52G/2.64G [06:17\u003c01:48, 1.08MB/s]\n"}
,{"stream_name":"stderr","time":465.607110878,"data":"\r 96%|█████████▌| 2.52G/2.64G [06:17\u003c01:48, 1.08MB/s]\r 96%|█████████▌| 2.52G/2.64G [06:18\u003c01:45, 1.11MB/s]\n"}
,{"stream_name":"stderr","time":465.748547372,"data":"\r 96%|█████████▌| 2.52G/2.64G [06:18\u003c01:45, 1.11MB/s]\r 96%|█████████▌| 2.52G/2.64G [06:18\u003c01:43, 1.13MB/s]\n"}
,{"stream_name":"stderr","time":465.886262318,"data":"\r 96%|█████████▌| 2.52G/2.64G [06:18\u003c01:43, 1.13MB/s]\r 96%|█████████▌| 2.52G/2.64G [06:18\u003c01:42, 1.15MB/s]\n"}
,{"stream_name":"stderr","time":466.020043704,"data":"\r 96%|█████████▌| 2.52G/2.64G [06:18\u003c01:42, 1.15MB/s]\r 96%|█████████▌| 2.52G/2.64G [06:18\u003c01:46, 1.10MB/s]\n"}
,{"stream_name":"stderr","time":466.157669088,"data":"\r 96%|█████████▌| 2.52G/2.64G [06:18\u003c01:46, 1.10MB/s]\r 96%|█████████▌| 2.52G/2.64G [06:18\u003c01:43, 1.12MB/s]\n"}
,{"stream_name":"stderr","time":466.29557899,"data":"\r 96%|█████████▌| 2.52G/2.64G [06:18\u003c01:43, 1.12MB/s]\r 96%|█████████▌| 2.52G/2.64G [06:18\u003c01:41, 1.14MB/s]\n"}
,{"stream_name":"stderr","time":466.433483609,"data":"\r 96%|█████████▌| 2.52G/2.64G [06:18\u003c01:41, 1.14MB/s]\r 96%|█████████▌| 2.52G/2.64G [06:18\u003c01:40, 1.16MB/s]\n"}
,{"stream_name":"stderr","time":466.571116994,"data":"\r 96%|█████████▌| 2.52G/2.64G [06:18\u003c01:40, 1.16MB/s]\r 96%|█████████▌| 2.52G/2.64G [06:18\u003c01:39, 1.17MB/s]\n"}
,{"stream_name":"stderr","time":466.708435817,"data":"\r 96%|█████████▌| 2.52G/2.64G [06:18\u003c01:39, 1.17MB/s]\r 96%|█████████▌| 2.52G/2.64G [06:19\u003c01:38, 1.17MB/s]\n"}
,{"stream_name":"stderr","time":466.846187297,"data":"\r 96%|█████████▌| 2.52G/2.64G [06:19\u003c01:38, 1.17MB/s]\r 96%|█████████▌| 2.52G/2.64G [06:19\u003c01:38, 1.18MB/s]\n"}
,{"stream_name":"stderr","time":466.984577461,"data":"\r 96%|█████████▌| 2.52G/2.64G [06:19\u003c01:38, 1.18MB/s]\r 96%|█████████▌| 2.52G/2.64G [06:19\u003c01:37, 1.18MB/s]\n"}
,{"stream_name":"stderr","time":467.123212314,"data":"\r 96%|█████████▌| 2.52G/2.64G [06:19\u003c01:37, 1.18MB/s]\r 96%|█████████▌| 2.53G/2.64G [06:19\u003c01:32, 1.25MB/s]\n"}
,{"stream_name":"stderr","time":467.259915228,"data":"\r 96%|█████████▌| 2.53G/2.64G [06:19\u003c01:32, 1.25MB/s]\r 96%|█████████▌| 2.53G/2.64G [06:19\u003c01:33, 1.24MB/s]\n"}
,{"stream_name":"stderr","time":467.398218895,"data":"\r 96%|█████████▌| 2.53G/2.64G [06:19\u003c01:33, 1.24MB/s]\r 96%|█████████▌| 2.53G/2.64G [06:19\u003c01:29, 1.29MB/s]\n"}
,{"stream_name":"stderr","time":467.53600964,"data":"\r 96%|█████████▌| 2.53G/2.64G [06:19\u003c01:29, 1.29MB/s]\r 96%|█████████▌| 2.53G/2.64G [06:19\u003c01:26, 1.33MB/s]\n"}
,{"stream_name":"stderr","time":467.673591815,"data":"\r 96%|█████████▌| 2.53G/2.64G [06:19\u003c01:26, 1.33MB/s]\r 96%|█████████▌| 2.53G/2.64G [06:20\u003c01:24, 1.36MB/s]\n"}
,{"stream_name":"stderr","time":467.811199374,"data":"\r 96%|█████████▌| 2.53G/2.64G [06:20\u003c01:24, 1.36MB/s]\r 96%|█████████▌| 2.53G/2.64G [06:20\u003c01:22, 1.38MB/s]\n"}
,{"stream_name":"stderr","time":467.94896658,"data":"\r 96%|█████████▌| 2.53G/2.64G [06:20\u003c01:22, 1.38MB/s]\r 96%|█████████▌| 2.53G/2.64G [06:20\u003c01:21, 1.40MB/s]\n"}
,{"stream_name":"stderr","time":468.087171428,"data":"\r 96%|█████████▌| 2.53G/2.64G [06:20\u003c01:21, 1.40MB/s]\r 96%|█████████▌| 2.53G/2.64G [06:20\u003c01:17, 1.47MB/s]\n"}
,{"stream_name":"stderr","time":468.224622997,"data":"\r 96%|█████████▌| 2.53G/2.64G [06:20\u003c01:17, 1.47MB/s]\r 96%|█████████▌| 2.53G/2.64G [06:20\u003c01:14, 1.53MB/s]\n"}
,{"stream_name":"stderr","time":468.362915091,"data":"\r 96%|█████████▌| 2.53G/2.64G [06:20\u003c01:14, 1.53MB/s]\r 96%|█████████▌| 2.53G/2.64G [06:20\u003c01:12, 1.57MB/s]\n"}
,{"stream_name":"stderr","time":468.500694142,"data":"\r 96%|█████████▌| 2.53G/2.64G [06:20\u003c01:12, 1.57MB/s]\r 96%|█████████▌| 2.53G/2.64G [06:20\u003c01:07, 1.67MB/s]\n"}
,{"stream_name":"stderr","time":468.638578132,"data":"\r 96%|█████████▌| 2.53G/2.64G [06:20\u003c01:07, 1.67MB/s]\r 96%|█████████▌| 2.53G/2.64G [06:21\u003c01:04, 1.74MB/s]\n"}
,{"stream_name":"stderr","time":468.776465237,"data":"\r 96%|█████████▌| 2.53G/2.64G [06:21\u003c01:04, 1.74MB/s]\r 96%|█████████▌| 2.53G/2.64G [06:21\u003c01:03, 1.79MB/s]\n"}
,{"stream_name":"stderr","time":468.91389604,"data":"\r 96%|█████████▌| 2.53G/2.64G [06:21\u003c01:03, 1.79MB/s]\r 96%|█████████▌| 2.53G/2.64G [06:21\u003c00:59, 1.90MB/s]\n"}
,{"stream_name":"stderr","time":469.051635104,"data":"\r 96%|█████████▌| 2.53G/2.64G [06:21\u003c00:59, 1.90MB/s]\r 96%|█████████▌| 2.53G/2.64G [06:21\u003c00:56, 1.97MB/s]\n"}
,{"stream_name":"stderr","time":469.189142686,"data":"\r 96%|█████████▌| 2.53G/2.64G [06:21\u003c00:56, 1.97MB/s]\r 96%|█████████▌| 2.53G/2.64G [06:21\u003c00:53, 2.09MB/s]\n"}
,{"stream_name":"stderr","time":469.326680779,"data":"\r 96%|█████████▌| 2.53G/2.64G [06:21\u003c00:53, 2.09MB/s]\r 96%|█████████▌| 2.53G/2.64G [06:21\u003c00:51, 2.18MB/s]\n"}
,{"stream_name":"stderr","time":469.464291807,"data":"\r 96%|█████████▌| 2.53G/2.64G [06:21\u003c00:51, 2.18MB/s]\r 96%|█████████▌| 2.53G/2.64G [06:21\u003c00:48, 2.31MB/s]\n"}
,{"stream_name":"stderr","time":469.601913687,"data":"\r 96%|█████████▌| 2.53G/2.64G [06:21\u003c00:48, 2.31MB/s]\r 96%|█████████▌| 2.53G/2.64G [06:22\u003c00:46, 2.40MB/s]\n"}
,{"stream_name":"stderr","time":469.739538547,"data":"\r 96%|█████████▌| 2.53G/2.64G [06:22\u003c00:46, 2.40MB/s]\r 96%|█████████▌| 2.53G/2.64G [06:22\u003c00:43, 2.54MB/s]\n"}
,{"stream_name":"stderr","time":469.877458958,"data":"\r 96%|█████████▌| 2.53G/2.64G [06:22\u003c00:43, 2.54MB/s]\r 96%|█████████▌| 2.53G/2.64G [06:22\u003c00:41, 2.63MB/s]\n"}
,{"stream_name":"stderr","time":470.015001882,"data":"\r 96%|█████████▌| 2.53G/2.64G [06:22\u003c00:41, 2.63MB/s]\r 96%|█████████▌| 2.53G/2.64G [06:22\u003c00:39, 2.77MB/s]\n"}
,{"stream_name":"stderr","time":470.152754759,"data":"\r 96%|█████████▌| 2.53G/2.64G [06:22\u003c00:39, 2.77MB/s]\r 96%|█████████▌| 2.53G/2.64G [06:22\u003c00:37, 2.94MB/s]\n"}
,{"stream_name":"stderr","time":470.290762155,"data":"\r 96%|█████████▌| 2.53G/2.64G [06:22\u003c00:37, 2.94MB/s]\r 96%|█████████▌| 2.53G/2.64G [06:22\u003c00:35, 3.06MB/s]\n"}
,{"stream_name":"stderr","time":470.429221299,"data":"\r 96%|█████████▌| 2.53G/2.64G [06:22\u003c00:35, 3.06MB/s]\r 96%|█████████▌| 2.53G/2.64G [06:22\u003c00:33, 3.20MB/s]\n"}
,{"stream_name":"stderr","time":470.566984171,"data":"\r 96%|█████████▌| 2.53G/2.64G [06:22\u003c00:33, 3.20MB/s]\r 96%|█████████▌| 2.53G/2.64G [06:22\u003c00:31, 3.39MB/s]\n"}
,{"stream_name":"stderr","time":470.704271599,"data":"\r 96%|█████████▌| 2.53G/2.64G [06:22\u003c00:31, 3.39MB/s]\r 96%|█████████▌| 2.53G/2.64G [06:23\u003c00:30, 3.51MB/s]\n"}
,{"stream_name":"stderr","time":470.841971879,"data":"\r 96%|█████████▌| 2.53G/2.64G [06:23\u003c00:30, 3.51MB/s]\r 96%|█████████▌| 2.53G/2.64G [06:23\u003c00:28, 3.75MB/s]\n"}
,{"stream_name":"stderr","time":470.979695332,"data":"\r 96%|█████████▌| 2.53G/2.64G [06:23\u003c00:28, 3.75MB/s]\r 96%|█████████▌| 2.53G/2.64G [06:23\u003c00:27, 3.91MB/s]\n"}
,{"stream_name":"stderr","time":471.117359006,"data":"\r 96%|█████████▌| 2.53G/2.64G [06:23\u003c00:27, 3.91MB/s]\r 96%|█████████▌| 2.54G/2.64G [06:23\u003c00:25, 4.09MB/s]\n"}
,{"stream_name":"stderr","time":471.255186329,"data":"\r 96%|█████████▌| 2.54G/2.64G [06:23\u003c00:25, 4.09MB/s]\r 96%|█████████▌| 2.54G/2.64G [06:23\u003c00:23, 4.36MB/s]\n"}
,{"stream_name":"stderr","time":471.392846275,"data":"\r 96%|█████████▌| 2.54G/2.64G [06:23\u003c00:23, 4.36MB/s]\r 96%|█████████▌| 2.54G/2.64G [06:23\u003c00:22, 4.55MB/s]\n"}
,{"stream_name":"stderr","time":471.530335578,"data":"\r 96%|█████████▌| 2.54G/2.64G [06:23\u003c00:22, 4.55MB/s]\r 96%|█████████▌| 2.54G/2.64G [06:23\u003c00:21, 4.76MB/s]\n"}
,{"stream_name":"stderr","time":471.668181647,"data":"\r 96%|█████████▌| 2.54G/2.64G [06:23\u003c00:21, 4.76MB/s]\r 96%|█████████▌| 2.54G/2.64G [06:24\u003c00:20, 4.97MB/s]\n"}
,{"stream_name":"stderr","time":471.805989832,"data":"\r 96%|█████████▌| 2.54G/2.64G [06:24\u003c00:20, 4.97MB/s]\r 96%|█████████▌| 2.54G/2.64G [06:24\u003c00:19, 5.26MB/s]\n"}
,{"stream_name":"stderr","time":471.943712685,"data":"\r 96%|█████████▌| 2.54G/2.64G [06:24\u003c00:19, 5.26MB/s]\r 96%|█████████▌| 2.54G/2.64G [06:24\u003c00:18, 5.47MB/s]\n"}
,{"stream_name":"stderr","time":472.081358683,"data":"\r 96%|█████████▌| 2.54G/2.64G [06:24\u003c00:18, 5.47MB/s]\r 96%|█████████▌| 2.54G/2.64G [06:24\u003c00:17, 5.76MB/s]\n"}
,{"stream_name":"stderr","time":472.218925822,"data":"\r 96%|█████████▌| 2.54G/2.64G [06:24\u003c00:17, 5.76MB/s]\r 96%|█████████▌| 2.54G/2.64G [06:24\u003c00:16, 6.03MB/s]\n"}
,{"stream_name":"stderr","time":472.357199729,"data":"\r 96%|█████████▌| 2.54G/2.64G [06:24\u003c00:16, 6.03MB/s]\r 96%|█████████▋| 2.54G/2.64G [06:24\u003c00:17, 5.57MB/s]\n"}
,{"stream_name":"stderr","time":472.495249685,"data":"\r 96%|█████████▋| 2.54G/2.64G [06:24\u003c00:17, 5.57MB/s]\r 96%|█████████▋| 2.54G/2.64G [06:24\u003c00:17, 5.61MB/s]\n"}
,{"stream_name":"stderr","time":472.632125109,"data":"\r 96%|█████████▋| 2.54G/2.64G [06:24\u003c00:17, 5.61MB/s]\r 96%|█████████▋| 2.54G/2.64G [06:25\u003c00:17, 5.44MB/s]\n"}
,{"stream_name":"stderr","time":472.770161482,"data":"\r 96%|█████████▋| 2.54G/2.64G [06:25\u003c00:17, 5.44MB/s]\r 96%|█████████▋| 2.54G/2.64G [06:25\u003c00:17, 5.44MB/s]\n"}
,{"stream_name":"stderr","time":472.906911754,"data":"\r 96%|█████████▋| 2.54G/2.64G [06:25\u003c00:17, 5.44MB/s]\r 96%|█████████▋| 2.54G/2.64G [06:25\u003c00:17, 5.39MB/s]\n"}
,{"stream_name":"stderr","time":473.046149957,"data":"\r 96%|█████████▋| 2.54G/2.64G [06:25\u003c00:17, 5.39MB/s]\r 96%|█████████▋| 2.55G/2.64G [06:25\u003c00:17, 5.48MB/s]\n"}
,{"stream_name":"stderr","time":473.182993198,"data":"\r 96%|█████████▋| 2.55G/2.64G [06:25\u003c00:17, 5.48MB/s]\r 96%|█████████▋| 2.55G/2.64G [06:25\u003c00:17, 5.48MB/s]\n"}
,{"stream_name":"stderr","time":473.321753528,"data":"\r 96%|█████████▋| 2.55G/2.64G [06:25\u003c00:17, 5.48MB/s]\r 96%|█████████▋| 2.55G/2.64G [06:25\u003c00:16, 5.61MB/s]\n"}
,{"stream_name":"stderr","time":473.459822955,"data":"\r 96%|█████████▋| 2.55G/2.64G [06:25\u003c00:16, 5.61MB/s]\r 97%|█████████▋| 2.55G/2.64G [06:25\u003c00:16, 5.63MB/s]\n"}
,{"stream_name":"stderr","time":473.597627285,"data":"\r 97%|█████████▋| 2.55G/2.64G [06:25\u003c00:16, 5.63MB/s]\r 97%|█████████▋| 2.55G/2.64G [06:26\u003c00:15, 5.73MB/s]\n"}
,{"stream_name":"stderr","time":473.735302725,"data":"\r 97%|█████████▋| 2.55G/2.64G [06:26\u003c00:15, 5.73MB/s]\r 97%|█████████▋| 2.55G/2.64G [06:26\u003c00:15, 5.86MB/s]\n"}
,{"stream_name":"stderr","time":473.873805512,"data":"\r 97%|█████████▋| 2.55G/2.64G [06:26\u003c00:15, 5.86MB/s]\r 97%|█████████▋| 2.55G/2.64G [06:26\u003c00:15, 5.95MB/s]\n"}
,{"stream_name":"stderr","time":474.012392186,"data":"\r 97%|█████████▋| 2.55G/2.64G [06:26\u003c00:15, 5.95MB/s]\r 97%|█████████▋| 2.55G/2.64G [06:26\u003c00:14, 6.01MB/s]\n"}
,{"stream_name":"stderr","time":474.150487304,"data":"\r 97%|█████████▋| 2.55G/2.64G [06:26\u003c00:14, 6.01MB/s]\r 97%|█████████▋| 2.55G/2.64G [06:26\u003c00:15, 5.56MB/s]\n"}
,{"stream_name":"stderr","time":474.288846733,"data":"\r 97%|█████████▋| 2.55G/2.64G [06:26\u003c00:15, 5.56MB/s]\r 97%|█████████▋| 2.55G/2.64G [06:26\u003c00:17, 5.10MB/s]\n"}
,{"stream_name":"stderr","time":474.427176111,"data":"\r 97%|█████████▋| 2.55G/2.64G [06:26\u003c00:17, 5.10MB/s]\r 97%|█████████▋| 2.55G/2.64G [06:26\u003c00:18, 4.71MB/s]\n"}
,{"stream_name":"stderr","time":474.566494588,"data":"\r 97%|█████████▋| 2.55G/2.64G [06:26\u003c00:18, 4.71MB/s]\r 97%|█████████▋| 2.55G/2.64G [06:26\u003c00:19, 4.35MB/s]\n"}
,{"stream_name":"stderr","time":474.703639081,"data":"\r 97%|█████████▋| 2.55G/2.64G [06:26\u003c00:19, 4.35MB/s]\r 97%|█████████▋| 2.55G/2.64G [06:27\u003c00:21, 4.05MB/s]\n"}
,{"stream_name":"stderr","time":474.841180543,"data":"\r 97%|█████████▋| 2.55G/2.64G [06:27\u003c00:21, 4.05MB/s]\r 97%|█████████▋| 2.55G/2.64G [06:27\u003c00:22, 3.76MB/s]\n"}
,{"stream_name":"stderr","time":474.97937928,"data":"\r 97%|█████████▋| 2.55G/2.64G [06:27\u003c00:22, 3.76MB/s]\r 97%|█████████▋| 2.56G/2.64G [06:27\u003c00:23, 3.70MB/s]\n"}
,{"stream_name":"stderr","time":475.116885716,"data":"\r 97%|█████████▋| 2.56G/2.64G [06:27\u003c00:23, 3.70MB/s]\r 97%|█████████▋| 2.56G/2.64G [06:27\u003c00:23, 3.66MB/s]\n"}
,{"stream_name":"stderr","time":475.254474372,"data":"\r 97%|█████████▋| 2.56G/2.64G [06:27\u003c00:23, 3.66MB/s]\r 97%|█████████▋| 2.56G/2.64G [06:27\u003c00:23, 3.64MB/s]\n"}
,{"stream_name":"stderr","time":475.391866751,"data":"\r 97%|█████████▋| 2.56G/2.64G [06:27\u003c00:23, 3.64MB/s]\r 97%|█████████▋| 2.56G/2.64G [06:27\u003c00:23, 3.62MB/s]\n"}
,{"stream_name":"stderr","time":475.52957682,"data":"\r 97%|█████████▋| 2.56G/2.64G [06:27\u003c00:23, 3.62MB/s]\r 97%|█████████▋| 2.56G/2.64G [06:27\u003c00:23, 3.60MB/s]\n"}
,{"stream_name":"stderr","time":475.66734694,"data":"\r 97%|█████████▋| 2.56G/2.64G [06:27\u003c00:23, 3.60MB/s]\r 97%|█████████▋| 2.56G/2.64G [06:28\u003c00:22, 3.67MB/s]\n"}
,{"stream_name":"stderr","time":475.805399507,"data":"\r 97%|█████████▋| 2.56G/2.64G [06:28\u003c00:22, 3.67MB/s]\r 97%|█████████▋| 2.56G/2.64G [06:28\u003c00:22, 3.70MB/s]\n"}
,{"stream_name":"stderr","time":475.942895738,"data":"\r 97%|█████████▋| 2.56G/2.64G [06:28\u003c00:22, 3.70MB/s]\r 97%|█████████▋| 2.56G/2.64G [06:28\u003c00:22, 3.67MB/s]\n"}
,{"stream_name":"stderr","time":476.080221511,"data":"\r 97%|█████████▋| 2.56G/2.64G [06:28\u003c00:22, 3.67MB/s]\r 97%|█████████▋| 2.56G/2.64G [06:28\u003c00:21, 3.71MB/s]\n"}
,{"stream_name":"stderr","time":476.218372991,"data":"\r 97%|█████████▋| 2.56G/2.64G [06:28\u003c00:21, 3.71MB/s]\r 97%|█████████▋| 2.56G/2.64G [06:28\u003c00:21, 3.74MB/s]\n"}
,{"stream_name":"stderr","time":476.356049045,"data":"\r 97%|█████████▋| 2.56G/2.64G [06:28\u003c00:21, 3.74MB/s]\r 97%|█████████▋| 2.56G/2.64G [06:28\u003c00:21, 3.76MB/s]\n"}
,{"stream_name":"stderr","time":476.493535269,"data":"\r 97%|█████████▋| 2.56G/2.64G [06:28\u003c00:21, 3.76MB/s]\r 97%|█████████▋| 2.56G/2.64G [06:28\u003c00:21, 3.78MB/s]\n"}
,{"stream_name":"stderr","time":476.631081135,"data":"\r 97%|█████████▋| 2.56G/2.64G [06:28\u003c00:21, 3.78MB/s]\r 97%|█████████▋| 2.56G/2.64G [06:29\u003c00:20, 3.79MB/s]\n"}
,{"stream_name":"stderr","time":476.768733373,"data":"\r 97%|█████████▋| 2.56G/2.64G [06:29\u003c00:20, 3.79MB/s]\r 97%|█████████▋| 2.56G/2.64G [06:29\u003c00:20, 3.79MB/s]\n"}
,{"stream_name":"stderr","time":476.906908822,"data":"\r 97%|█████████▋| 2.56G/2.64G [06:29\u003c00:20, 3.79MB/s]\r 97%|█████████▋| 2.56G/2.64G [06:29\u003c00:20, 3.86MB/s]\n"}
,{"stream_name":"stderr","time":477.044462017,"data":"\r 97%|█████████▋| 2.56G/2.64G [06:29\u003c00:20, 3.86MB/s]\r 97%|█████████▋| 2.56G/2.64G [06:29\u003c00:20, 3.85MB/s]\n"}
,{"stream_name":"stderr","time":477.18206493,"data":"\r 97%|█████████▋| 2.56G/2.64G [06:29\u003c00:20, 3.85MB/s]\r 97%|█████████▋| 2.56G/2.64G [06:29\u003c00:20, 3.84MB/s]\n"}
,{"stream_name":"stderr","time":477.319462709,"data":"\r 97%|█████████▋| 2.56G/2.64G [06:29\u003c00:20, 3.84MB/s]\r 97%|█████████▋| 2.56G/2.64G [06:29\u003c00:19, 3.83MB/s]\n"}
,{"stream_name":"stderr","time":477.457403859,"data":"\r 97%|█████████▋| 2.56G/2.64G [06:29\u003c00:19, 3.83MB/s]\r 97%|█████████▋| 2.56G/2.64G [06:29\u003c00:19, 3.82MB/s]\n"}
,{"stream_name":"stderr","time":477.595948071,"data":"\r 97%|█████████▋| 2.56G/2.64G [06:29\u003c00:19, 3.82MB/s]\r 97%|█████████▋| 2.56G/2.64G [06:30\u003c00:19, 3.88MB/s]\n"}
,{"stream_name":"stderr","time":477.733373269,"data":"\r 97%|█████████▋| 2.56G/2.64G [06:30\u003c00:19, 3.88MB/s]\r 97%|█████████▋| 2.57G/2.64G [06:30\u003c00:19, 3.86MB/s]\n"}
,{"stream_name":"stderr","time":477.870682377,"data":"\r 97%|█████████▋| 2.57G/2.64G [06:30\u003c00:19, 3.86MB/s]\r 97%|█████████▋| 2.57G/2.64G [06:30\u003c00:19, 3.85MB/s]\n"}
,{"stream_name":"stderr","time":478.009357664,"data":"\r 97%|█████████▋| 2.57G/2.64G [06:30\u003c00:19, 3.85MB/s]\r 97%|█████████▋| 2.57G/2.64G [06:30\u003c00:19, 3.83MB/s]\n"}
,{"stream_name":"stderr","time":478.147047922,"data":"\r 97%|█████████▋| 2.57G/2.64G [06:30\u003c00:19, 3.83MB/s]\r 97%|█████████▋| 2.57G/2.64G [06:30\u003c00:19, 3.82MB/s]\n"}
,{"stream_name":"stderr","time":478.285023752,"data":"\r 97%|█████████▋| 2.57G/2.64G [06:30\u003c00:19, 3.82MB/s]\r 97%|█████████▋| 2.57G/2.64G [06:30\u003c00:19, 3.82MB/s]\n"}
,{"stream_name":"stderr","time":478.423063439,"data":"\r 97%|█████████▋| 2.57G/2.64G [06:30\u003c00:19, 3.82MB/s]\r 97%|█████████▋| 2.57G/2.64G [06:30\u003c00:18, 3.88MB/s]\n"}
,{"stream_name":"stderr","time":478.560142606,"data":"\r 97%|█████████▋| 2.57G/2.64G [06:30\u003c00:18, 3.88MB/s]\r 97%|█████████▋| 2.57G/2.64G [06:30\u003c00:18, 3.86MB/s]\n"}
,{"stream_name":"stderr","time":478.697543658,"data":"\r 97%|█████████▋| 2.57G/2.64G [06:30\u003c00:18, 3.86MB/s]\r 97%|█████████▋| 2.57G/2.64G [06:31\u003c00:18, 3.85MB/s]\n"}
,{"stream_name":"stderr","time":478.83512303,"data":"\r 97%|█████████▋| 2.57G/2.64G [06:31\u003c00:18, 3.85MB/s]\r 97%|█████████▋| 2.57G/2.64G [06:31\u003c00:18, 3.84MB/s]\n"}
,{"stream_name":"stderr","time":479.080520189,"data":"\r 97%|█████████▋| 2.57G/2.64G [06:31\u003c00:18, 3.84MB/s]\r 97%|█████████▋| 2.57G/2.64G [06:31\u003c00:18, 3.82MB/s]\n"}
,{"stream_name":"stderr","time":479.157758459,"data":"\r 97%|█████████▋| 2.57G/2.64G [06:31\u003c00:18, 3.82MB/s]\r 97%|█████████▋| 2.57G/2.64G [06:31\u003c00:21, 3.21MB/s]\n"}
,{"stream_name":"stderr","time":479.295371532,"data":"\r 97%|█████████▋| 2.57G/2.64G [06:31\u003c00:21, 3.21MB/s]\r 97%|█████████▋| 2.57G/2.64G [06:31\u003c00:22, 3.04MB/s]\n"}
,{"stream_name":"stderr","time":479.433843324,"data":"\r 97%|█████████▋| 2.57G/2.64G [06:31\u003c00:22, 3.04MB/s]\r 97%|█████████▋| 2.57G/2.64G [06:31\u003c00:24, 2.85MB/s]\n"}
,{"stream_name":"stderr","time":479.57159613,"data":"\r 97%|█████████▋| 2.57G/2.64G [06:31\u003c00:24, 2.85MB/s]\r 97%|█████████▋| 2.57G/2.64G [06:31\u003c00:26, 2.64MB/s]\n"}
,{"stream_name":"stderr","time":479.708744308,"data":"\r 97%|█████████▋| 2.57G/2.64G [06:31\u003c00:26, 2.64MB/s]\r 97%|█████████▋| 2.57G/2.64G [06:32\u003c00:27, 2.50MB/s]\n"}
,{"stream_name":"stderr","time":479.846731463,"data":"\r 97%|█████████▋| 2.57G/2.64G [06:32\u003c00:27, 2.50MB/s]\r 97%|█████████▋| 2.57G/2.64G [06:32\u003c00:29, 2.32MB/s]\n"}
,{"stream_name":"stderr","time":479.983934899,"data":"\r 97%|█████████▋| 2.57G/2.64G [06:32\u003c00:29, 2.32MB/s]\r 97%|█████████▋| 2.57G/2.64G [06:32\u003c00:30, 2.20MB/s]\n"}
,{"stream_name":"stderr","time":480.121668494,"data":"\r 97%|█████████▋| 2.57G/2.64G [06:32\u003c00:30, 2.20MB/s]\r 97%|█████████▋| 2.57G/2.64G [06:32\u003c00:31, 2.18MB/s]\n"}
,{"stream_name":"stderr","time":480.259465474,"data":"\r 97%|█████████▋| 2.57G/2.64G [06:32\u003c00:31, 2.18MB/s]\r 97%|█████████▋| 2.57G/2.64G [06:32\u003c00:30, 2.24MB/s]\n"}
,{"stream_name":"stderr","time":480.397471509,"data":"\r 97%|█████████▋| 2.57G/2.64G [06:32\u003c00:30, 2.24MB/s]\r 97%|█████████▋| 2.57G/2.64G [06:32\u003c00:30, 2.21MB/s]\n"}
,{"stream_name":"stderr","time":480.535627738,"data":"\r 97%|█████████▋| 2.57G/2.64G [06:32\u003c00:30, 2.21MB/s]\r 97%|█████████▋| 2.57G/2.64G [06:32\u003c00:29, 2.26MB/s]\n"}
,{"stream_name":"stderr","time":480.67293097,"data":"\r 97%|█████████▋| 2.57G/2.64G [06:32\u003c00:29, 2.26MB/s]\r 97%|█████████▋| 2.57G/2.64G [06:33\u003c00:29, 2.23MB/s]\n"}
,{"stream_name":"stderr","time":480.810805754,"data":"\r 97%|█████████▋| 2.57G/2.64G [06:33\u003c00:29, 2.23MB/s]\r 97%|█████████▋| 2.57G/2.64G [06:33\u003c00:29, 2.27MB/s]\n"}
,{"stream_name":"stderr","time":480.95007074,"data":"\r 97%|█████████▋| 2.57G/2.64G [06:33\u003c00:29, 2.27MB/s]\r 98%|█████████▊| 2.57G/2.64G [06:33\u003c00:28, 2.30MB/s]\n"}
,{"stream_name":"stderr","time":481.132844452,"data":"\r 98%|█████████▊| 2.57G/2.64G [06:33\u003c00:28, 2.30MB/s]\r 98%|█████████▊| 2.57G/2.64G [06:33\u003c00:31, 2.11MB/s]\n"}
,{"stream_name":"stderr","time":481.270756417,"data":"\r 98%|█████████▊| 2.57G/2.64G [06:33\u003c00:31, 2.11MB/s]\r 98%|█████████▊| 2.58G/2.64G [06:33\u003c00:29, 2.19MB/s]\n"}
,{"stream_name":"stderr","time":481.408673318,"data":"\r 98%|█████████▊| 2.58G/2.64G [06:33\u003c00:29, 2.19MB/s]\r 98%|█████████▊| 2.58G/2.64G [06:33\u003c00:31, 2.04MB/s]\n"}
,{"stream_name":"stderr","time":481.547083137,"data":"\r 98%|█████████▊| 2.58G/2.64G [06:33\u003c00:31, 2.04MB/s]\r 98%|█████████▊| 2.58G/2.64G [06:33\u003c00:32, 2.00MB/s]\n"}
,{"stream_name":"stderr","time":481.684542125,"data":"\r 98%|█████████▊| 2.58G/2.64G [06:33\u003c00:32, 2.00MB/s]\r 98%|█████████▊| 2.58G/2.64G [06:34\u003c00:32, 1.97MB/s]\n"}
,{"stream_name":"stderr","time":481.822282821,"data":"\r 98%|█████████▊| 2.58G/2.64G [06:34\u003c00:32, 1.97MB/s]\r 98%|█████████▊| 2.58G/2.64G [06:34\u003c00:32, 1.95MB/s]\n"}
,{"stream_name":"stderr","time":481.960042479,"data":"\r 98%|█████████▊| 2.58G/2.64G [06:34\u003c00:32, 1.95MB/s]\r 98%|█████████▊| 2.58G/2.64G [06:34\u003c00:31, 2.01MB/s]\n"}
,{"stream_name":"stderr","time":482.097661725,"data":"\r 98%|█████████▊| 2.58G/2.64G [06:34\u003c00:31, 2.01MB/s]\r 98%|█████████▊| 2.58G/2.64G [06:34\u003c00:32, 1.98MB/s]\n"}
,{"stream_name":"stderr","time":482.235713569,"data":"\r 98%|█████████▊| 2.58G/2.64G [06:34\u003c00:32, 1.98MB/s]\r 98%|█████████▊| 2.58G/2.64G [06:34\u003c00:31, 2.02MB/s]\n"}
,{"stream_name":"stderr","time":482.373224402,"data":"\r 98%|█████████▊| 2.58G/2.64G [06:34\u003c00:31, 2.02MB/s]\r 98%|█████████▊| 2.58G/2.64G [06:34\u003c00:30, 2.06MB/s]\n"}
,{"stream_name":"stderr","time":482.511123181,"data":"\r 98%|█████████▊| 2.58G/2.64G [06:34\u003c00:30, 2.06MB/s]\r 98%|█████████▊| 2.58G/2.64G [06:34\u003c00:30, 2.08MB/s]\n"}
,{"stream_name":"stderr","time":482.648946766,"data":"\r 98%|█████████▊| 2.58G/2.64G [06:34\u003c00:30, 2.08MB/s]\r 98%|█████████▊| 2.58G/2.64G [06:35\u003c00:29, 2.10MB/s]\n"}
,{"stream_name":"stderr","time":482.786996915,"data":"\r 98%|█████████▊| 2.58G/2.64G [06:35\u003c00:29, 2.10MB/s]\r 98%|█████████▊| 2.58G/2.64G [06:35\u003c00:28, 2.18MB/s]\n"}
,{"stream_name":"stderr","time":482.923848657,"data":"\r 98%|█████████▊| 2.58G/2.64G [06:35\u003c00:28, 2.18MB/s]\r 98%|█████████▊| 2.58G/2.64G [06:35\u003c00:28, 2.17MB/s]\n"}
,{"stream_name":"stderr","time":483.062646156,"data":"\r 98%|█████████▊| 2.58G/2.64G [06:35\u003c00:28, 2.17MB/s]\r 98%|█████████▊| 2.58G/2.64G [06:35\u003c00:27, 2.23MB/s]\n"}
,{"stream_name":"stderr","time":483.199051116,"data":"\r 98%|█████████▊| 2.58G/2.64G [06:35\u003c00:27, 2.23MB/s]\r 98%|█████████▊| 2.58G/2.64G [06:35\u003c00:27, 2.21MB/s]\n"}
,{"stream_name":"stderr","time":483.33680235,"data":"\r 98%|█████████▊| 2.58G/2.64G [06:35\u003c00:27, 2.21MB/s]\r 98%|█████████▊| 2.58G/2.64G [06:35\u003c00:26, 2.26MB/s]\n"}
,{"stream_name":"stderr","time":483.474262951,"data":"\r 98%|█████████▊| 2.58G/2.64G [06:35\u003c00:26, 2.26MB/s]\r 98%|█████████▊| 2.58G/2.64G [06:35\u003c00:26, 2.30MB/s]\n"}
,{"stream_name":"stderr","time":483.614784293,"data":"\r 98%|█████████▊| 2.58G/2.64G [06:35\u003c00:26, 2.30MB/s]\r 98%|█████████▊| 2.58G/2.64G [06:36\u003c00:27, 2.17MB/s]\n"}
,{"stream_name":"stderr","time":483.751856221,"data":"\r 98%|█████████▊| 2.58G/2.64G [06:36\u003c00:27, 2.17MB/s]\r 98%|█████████▊| 2.58G/2.64G [06:36\u003c00:28, 2.09MB/s]\n"}
,{"stream_name":"stderr","time":483.887654917,"data":"\r 98%|█████████▊| 2.58G/2.64G [06:36\u003c00:28, 2.09MB/s]\r 98%|█████████▊| 2.58G/2.64G [06:36\u003c00:30, 1.97MB/s]\n"}
,{"stream_name":"stderr","time":484.02562154,"data":"\r 98%|█████████▊| 2.58G/2.64G [06:36\u003c00:30, 1.97MB/s]\r 98%|█████████▊| 2.58G/2.64G [06:36\u003c00:30, 1.95MB/s]\n"}
,{"stream_name":"stderr","time":484.163310962,"data":"\r 98%|█████████▊| 2.58G/2.64G [06:36\u003c00:30, 1.95MB/s]\r 98%|█████████▊| 2.58G/2.64G [06:36\u003c00:30, 1.94MB/s]\n"}
,{"stream_name":"stderr","time":484.300780255,"data":"\r 98%|█████████▊| 2.58G/2.64G [06:36\u003c00:30, 1.94MB/s]\r 98%|█████████▊| 2.58G/2.64G [06:36\u003c00:30, 1.93MB/s]\n"}
,{"stream_name":"stderr","time":484.438646584,"data":"\r 98%|█████████▊| 2.58G/2.64G [06:36\u003c00:30, 1.93MB/s]\r 98%|█████████▊| 2.58G/2.64G [06:36\u003c00:30, 1.92MB/s]\n"}
,{"stream_name":"stderr","time":484.576142705,"data":"\r 98%|█████████▊| 2.58G/2.64G [06:36\u003c00:30, 1.92MB/s]\r 98%|█████████▊| 2.58G/2.64G [06:36\u003c00:29, 1.99MB/s]\n"}
,{"stream_name":"stderr","time":484.713828857,"data":"\r 98%|█████████▊| 2.58G/2.64G [06:36\u003c00:29, 1.99MB/s]\r 98%|█████████▊| 2.58G/2.64G [06:37\u003c00:28, 2.03MB/s]\n"}
,{"stream_name":"stderr","time":484.851533437,"data":"\r 98%|█████████▊| 2.58G/2.64G [06:37\u003c00:28, 2.03MB/s]\r 98%|█████████▊| 2.58G/2.64G [06:37\u003c00:28, 2.07MB/s]\n"}
,{"stream_name":"stderr","time":484.98934658,"data":"\r 98%|█████████▊| 2.58G/2.64G [06:37\u003c00:28, 2.07MB/s]\r 98%|█████████▊| 2.58G/2.64G [06:37\u003c00:27, 2.09MB/s]\n"}
,{"stream_name":"stderr","time":485.126799099,"data":"\r 98%|█████████▊| 2.58G/2.64G [06:37\u003c00:27, 2.09MB/s]\r 98%|█████████▊| 2.58G/2.64G [06:37\u003c00:27, 2.10MB/s]\n"}
,{"stream_name":"stderr","time":485.264619734,"data":"\r 98%|█████████▊| 2.58G/2.64G [06:37\u003c00:27, 2.10MB/s]\r 98%|█████████▊| 2.58G/2.64G [06:37\u003c00:26, 2.12MB/s]\n"}
,{"stream_name":"stderr","time":485.40293863,"data":"\r 98%|█████████▊| 2.58G/2.64G [06:37\u003c00:26, 2.12MB/s]\r 98%|█████████▊| 2.58G/2.64G [06:37\u003c00:25, 2.19MB/s]\n"}
,{"stream_name":"stderr","time":485.539464396,"data":"\r 98%|█████████▊| 2.58G/2.64G [06:37\u003c00:25, 2.19MB/s]\r 98%|█████████▊| 2.58G/2.64G [06:37\u003c00:25, 2.18MB/s]\n"}
,{"stream_name":"stderr","time":485.678041256,"data":"\r 98%|█████████▊| 2.58G/2.64G [06:37\u003c00:25, 2.18MB/s]\r 98%|█████████▊| 2.58G/2.64G [06:38\u003c00:25, 2.24MB/s]\n"}
,{"stream_name":"stderr","time":485.815300125,"data":"\r 98%|█████████▊| 2.58G/2.64G [06:38\u003c00:25, 2.24MB/s]\r 98%|█████████▊| 2.58G/2.64G [06:38\u003c00:24, 2.28MB/s]\n"}
,{"stream_name":"stderr","time":485.952660045,"data":"\r 98%|█████████▊| 2.58G/2.64G [06:38\u003c00:24, 2.28MB/s]\r 98%|█████████▊| 2.59G/2.64G [06:38\u003c00:24, 2.24MB/s]\n"}
,{"stream_name":"stderr","time":486.090125672,"data":"\r 98%|█████████▊| 2.59G/2.64G [06:38\u003c00:24, 2.24MB/s]\r 98%|█████████▊| 2.59G/2.64G [06:38\u003c00:24, 2.28MB/s]\n"}
,{"stream_name":"stderr","time":486.227583253,"data":"\r 98%|█████████▊| 2.59G/2.64G [06:38\u003c00:24, 2.28MB/s]\r 98%|█████████▊| 2.59G/2.64G [06:38\u003c00:23, 2.31MB/s]\n"}
,{"stream_name":"stderr","time":486.365313852,"data":"\r 98%|█████████▊| 2.59G/2.64G [06:38\u003c00:23, 2.31MB/s]\r 98%|█████████▊| 2.59G/2.64G [06:38\u003c00:23, 2.33MB/s]\n"}
,{"stream_name":"stderr","time":486.503737963,"data":"\r 98%|█████████▊| 2.59G/2.64G [06:38\u003c00:23, 2.33MB/s]\r 98%|█████████▊| 2.59G/2.64G [06:38\u003c00:23, 2.34MB/s]\n"}
,{"stream_name":"stderr","time":486.640636308,"data":"\r 98%|█████████▊| 2.59G/2.64G [06:38\u003c00:23, 2.34MB/s]\r 98%|█████████▊| 2.59G/2.64G [06:39\u003c00:23, 2.29MB/s]\n"}
,{"stream_name":"stderr","time":486.778008727,"data":"\r 98%|█████████▊| 2.59G/2.64G [06:39\u003c00:23, 2.29MB/s]\r 98%|█████████▊| 2.59G/2.64G [06:39\u003c00:23, 2.32MB/s]\n"}
,{"stream_name":"stderr","time":486.915761234,"data":"\r 98%|█████████▊| 2.59G/2.64G [06:39\u003c00:23, 2.32MB/s]\r 98%|█████████▊| 2.59G/2.64G [06:39\u003c00:22, 2.34MB/s]\n"}
,{"stream_name":"stderr","time":487.05423738,"data":"\r 98%|█████████▊| 2.59G/2.64G [06:39\u003c00:22, 2.34MB/s]\r 98%|█████████▊| 2.59G/2.64G [06:39\u003c00:22, 2.34MB/s]\n"}
,{"stream_name":"stderr","time":487.191479759,"data":"\r 98%|█████████▊| 2.59G/2.64G [06:39\u003c00:22, 2.34MB/s]\r 98%|█████████▊| 2.59G/2.64G [06:39\u003c00:22, 2.36MB/s]\n"}
,{"stream_name":"stderr","time":487.328388594,"data":"\r 98%|█████████▊| 2.59G/2.64G [06:39\u003c00:22, 2.36MB/s]\r 98%|█████████▊| 2.59G/2.64G [06:39\u003c00:22, 2.30MB/s]\n"}
,{"stream_name":"stderr","time":487.466328917,"data":"\r 98%|█████████▊| 2.59G/2.64G [06:39\u003c00:22, 2.30MB/s]\r 98%|█████████▊| 2.59G/2.64G [06:39\u003c00:22, 2.32MB/s]\n"}
,{"stream_name":"stderr","time":487.603675147,"data":"\r 98%|█████████▊| 2.59G/2.64G [06:39\u003c00:22, 2.32MB/s]\r 98%|█████████▊| 2.59G/2.64G [06:40\u003c00:22, 2.34MB/s]\n"}
,{"stream_name":"stderr","time":487.74178549,"data":"\r 98%|█████████▊| 2.59G/2.64G [06:40\u003c00:22, 2.34MB/s]\r 98%|█████████▊| 2.59G/2.64G [06:40\u003c00:21, 2.35MB/s]\n"}
,{"stream_name":"stderr","time":487.879546505,"data":"\r 98%|█████████▊| 2.59G/2.64G [06:40\u003c00:21, 2.35MB/s]\r 98%|█████████▊| 2.59G/2.64G [06:40\u003c00:21, 2.36MB/s]\n"}
,{"stream_name":"stderr","time":488.018022689,"data":"\r 98%|█████████▊| 2.59G/2.64G [06:40\u003c00:21, 2.36MB/s]\r 98%|█████████▊| 2.59G/2.64G [06:40\u003c00:21, 2.36MB/s]\n"}
,{"stream_name":"stderr","time":488.155180211,"data":"\r 98%|█████████▊| 2.59G/2.64G [06:40\u003c00:21, 2.36MB/s]\r 98%|█████████▊| 2.59G/2.64G [06:40\u003c00:21, 2.30MB/s]\n"}
,{"stream_name":"stderr","time":488.292435938,"data":"\r 98%|█████████▊| 2.59G/2.64G [06:40\u003c00:21, 2.30MB/s]\r 98%|█████████▊| 2.59G/2.64G [06:40\u003c00:21, 2.32MB/s]\n"}
,{"stream_name":"stderr","time":488.429993009,"data":"\r 98%|█████████▊| 2.59G/2.64G [06:40\u003c00:21, 2.32MB/s]\r 98%|█████████▊| 2.59G/2.64G [06:40\u003c00:21, 2.34MB/s]\n"}
,{"stream_name":"stderr","time":488.567990325,"data":"\r 98%|█████████▊| 2.59G/2.64G [06:40\u003c00:21, 2.34MB/s]\r 98%|█████████▊| 2.59G/2.64G [06:40\u003c00:20, 2.35MB/s]\n"}
,{"stream_name":"stderr","time":488.706414605,"data":"\r 98%|█████████▊| 2.59G/2.64G [06:40\u003c00:20, 2.35MB/s]\r 98%|█████████▊| 2.59G/2.64G [06:41\u003c00:20, 2.36MB/s]\n"}
,{"stream_name":"stderr","time":488.842322147,"data":"\r 98%|█████████▊| 2.59G/2.64G [06:41\u003c00:20, 2.36MB/s]\r 98%|█████████▊| 2.59G/2.64G [06:41\u003c00:21, 2.30MB/s]\n"}
,{"stream_name":"stderr","time":488.981545473,"data":"\r 98%|█████████▊| 2.59G/2.64G [06:41\u003c00:21, 2.30MB/s]\r 98%|█████████▊| 2.59G/2.64G [06:41\u003c00:20, 2.39MB/s]\n"}
,{"stream_name":"stderr","time":489.119523806,"data":"\r 98%|█████████▊| 2.59G/2.64G [06:41\u003c00:20, 2.39MB/s]\r 98%|█████████▊| 2.59G/2.64G [06:41\u003c00:20, 2.39MB/s]\n"}
,{"stream_name":"stderr","time":489.256752194,"data":"\r 98%|█████████▊| 2.59G/2.64G [06:41\u003c00:20, 2.39MB/s]\r 98%|█████████▊| 2.59G/2.64G [06:41\u003c00:19, 2.38MB/s]\n"}
,{"stream_name":"stderr","time":489.394228928,"data":"\r 98%|█████████▊| 2.59G/2.64G [06:41\u003c00:19, 2.38MB/s]\r 98%|█████████▊| 2.59G/2.64G [06:41\u003c00:19, 2.38MB/s]\n"}
,{"stream_name":"stderr","time":489.531530068,"data":"\r 98%|█████████▊| 2.59G/2.64G [06:41\u003c00:19, 2.38MB/s]\r 98%|█████████▊| 2.59G/2.64G [06:41\u003c00:19, 2.39MB/s]\n"}
,{"stream_name":"stderr","time":489.668664873,"data":"\r 98%|█████████▊| 2.59G/2.64G [06:41\u003c00:19, 2.39MB/s]\r 98%|█████████▊| 2.59G/2.64G [06:42\u003c00:19, 2.39MB/s]\n"}
,{"stream_name":"stderr","time":489.806689044,"data":"\r 98%|█████████▊| 2.59G/2.64G [06:42\u003c00:19, 2.39MB/s]\r 98%|█████████▊| 2.59G/2.64G [06:42\u003c00:18, 2.45MB/s]\n"}
,{"stream_name":"stderr","time":489.943440636,"data":"\r 98%|█████████▊| 2.59G/2.64G [06:42\u003c00:18, 2.45MB/s]\r 98%|█████████▊| 2.59G/2.64G [06:42\u003c00:18, 2.44MB/s]\n"}
,{"stream_name":"stderr","time":490.081611789,"data":"\r 98%|█████████▊| 2.59G/2.64G [06:42\u003c00:18, 2.44MB/s]\r 98%|█████████▊| 2.59G/2.64G [06:42\u003c00:18, 2.49MB/s]\n"}
,{"stream_name":"stderr","time":490.219770745,"data":"\r 98%|█████████▊| 2.59G/2.64G [06:42\u003c00:18, 2.49MB/s]\r 98%|█████████▊| 2.60G/2.64G [06:42\u003c00:17, 2.52MB/s]\n"}
,{"stream_name":"stderr","time":490.35699278,"data":"\r 98%|█████████▊| 2.60G/2.64G [06:42\u003c00:17, 2.52MB/s]\r 98%|█████████▊| 2.60G/2.64G [06:42\u003c00:17, 2.56MB/s]\n"}
,{"stream_name":"stderr","time":490.494672649,"data":"\r 98%|█████████▊| 2.60G/2.64G [06:42\u003c00:17, 2.56MB/s]\r 98%|█████████▊| 2.60G/2.64G [06:42\u003c00:17, 2.57MB/s]\n"}
,{"stream_name":"stderr","time":490.632647547,"data":"\r 98%|█████████▊| 2.60G/2.64G [06:42\u003c00:17, 2.57MB/s]\r 98%|█████████▊| 2.60G/2.64G [06:43\u003c00:16, 2.66MB/s]\n"}
,{"stream_name":"stderr","time":490.770237411,"data":"\r 98%|█████████▊| 2.60G/2.64G [06:43\u003c00:16, 2.66MB/s]\r 98%|█████████▊| 2.60G/2.64G [06:43\u003c00:16, 2.64MB/s]\n"}
,{"stream_name":"stderr","time":490.907942457,"data":"\r 98%|█████████▊| 2.60G/2.64G [06:43\u003c00:16, 2.64MB/s]\r 98%|█████████▊| 2.60G/2.64G [06:43\u003c00:16, 2.71MB/s]\n"}
,{"stream_name":"stderr","time":491.046559732,"data":"\r 98%|█████████▊| 2.60G/2.64G [06:43\u003c00:16, 2.71MB/s]\r 98%|█████████▊| 2.60G/2.64G [06:43\u003c00:15, 2.82MB/s]\n"}
,{"stream_name":"stderr","time":491.183857576,"data":"\r 98%|█████████▊| 2.60G/2.64G [06:43\u003c00:15, 2.82MB/s]\r 98%|█████████▊| 2.60G/2.64G [06:43\u003c00:15, 2.83MB/s]\n"}
,{"stream_name":"stderr","time":491.321226616,"data":"\r 98%|█████████▊| 2.60G/2.64G [06:43\u003c00:15, 2.83MB/s]\r 98%|█████████▊| 2.60G/2.64G [06:43\u003c00:14, 2.91MB/s]\n"}
,{"stream_name":"stderr","time":491.459062769,"data":"\r 98%|█████████▊| 2.60G/2.64G [06:43\u003c00:14, 2.91MB/s]\r 98%|█████████▊| 2.60G/2.64G [06:43\u003c00:14, 2.97MB/s]\n"}
,{"stream_name":"stderr","time":491.596677084,"data":"\r 98%|█████████▊| 2.60G/2.64G [06:43\u003c00:14, 2.97MB/s]\r 98%|█████████▊| 2.60G/2.64G [06:44\u003c00:13, 3.01MB/s]\n"}
,{"stream_name":"stderr","time":491.734339949,"data":"\r 98%|█████████▊| 2.60G/2.64G [06:44\u003c00:13, 3.01MB/s]\r 98%|█████████▊| 2.60G/2.64G [06:44\u003c00:13, 3.10MB/s]\n"}
,{"stream_name":"stderr","time":491.872427098,"data":"\r 98%|█████████▊| 2.60G/2.64G [06:44\u003c00:13, 3.10MB/s]\r 98%|█████████▊| 2.60G/2.64G [06:44\u003c00:12, 3.17MB/s]\n"}
,{"stream_name":"stderr","time":492.010069686,"data":"\r 98%|█████████▊| 2.60G/2.64G [06:44\u003c00:12, 3.17MB/s]\r 98%|█████████▊| 2.60G/2.64G [06:44\u003c00:12, 3.29MB/s]\n"}
,{"stream_name":"stderr","time":492.147557756,"data":"\r 98%|█████████▊| 2.60G/2.64G [06:44\u003c00:12, 3.29MB/s]\r 99%|█████████▊| 2.60G/2.64G [06:44\u003c00:11, 3.37MB/s]\n"}
,{"stream_name":"stderr","time":492.285340641,"data":"\r 99%|█████████▊| 2.60G/2.64G [06:44\u003c00:11, 3.37MB/s]\r 99%|█████████▊| 2.60G/2.64G [06:44\u003c00:11, 3.43MB/s]\n"}
,{"stream_name":"stderr","time":492.423198474,"data":"\r 99%|█████████▊| 2.60G/2.64G [06:44\u003c00:11, 3.43MB/s]\r 99%|█████████▊| 2.60G/2.64G [06:44\u003c00:10, 3.55MB/s]\n"}
,{"stream_name":"stderr","time":492.560625401,"data":"\r 99%|█████████▊| 2.60G/2.64G [06:44\u003c00:10, 3.55MB/s]\r 99%|█████████▊| 2.60G/2.64G [06:44\u003c00:10, 3.70MB/s]\n"}
,{"stream_name":"stderr","time":492.698242756,"data":"\r 99%|█████████▊| 2.60G/2.64G [06:44\u003c00:10, 3.70MB/s]\r 99%|█████████▊| 2.60G/2.64G [06:45\u003c00:09, 3.80MB/s]\n"}
,{"stream_name":"stderr","time":492.835660608,"data":"\r 99%|█████████▊| 2.60G/2.64G [06:45\u003c00:09, 3.80MB/s]\r 99%|█████████▊| 2.60G/2.64G [06:45\u003c00:09, 3.95MB/s]\n"}
,{"stream_name":"stderr","time":492.973636432,"data":"\r 99%|█████████▊| 2.60G/2.64G [06:45\u003c00:09, 3.95MB/s]\r 99%|█████████▊| 2.60G/2.64G [06:45\u003c00:08, 4.05MB/s]\n"}
,{"stream_name":"stderr","time":493.111251265,"data":"\r 99%|█████████▊| 2.60G/2.64G [06:45\u003c00:08, 4.05MB/s]\r 99%|█████████▊| 2.60G/2.64G [06:45\u003c00:08, 4.19MB/s]\n"}
,{"stream_name":"stderr","time":493.248631929,"data":"\r 99%|█████████▊| 2.60G/2.64G [06:45\u003c00:08, 4.19MB/s]\r 99%|█████████▊| 2.61G/2.64G [06:45\u003c00:07, 4.36MB/s]\n"}
,{"stream_name":"stderr","time":493.386669353,"data":"\r 99%|█████████▊| 2.61G/2.64G [06:45\u003c00:07, 4.36MB/s]\r 99%|█████████▊| 2.61G/2.64G [06:45\u003c00:07, 4.48MB/s]\n"}
,{"stream_name":"stderr","time":493.52459699999997,"data":"\r 99%|█████████▊| 2.61G/2.64G [06:45\u003c00:07, 4.48MB/s]\r 99%|█████████▊| 2.61G/2.64G [06:45\u003c00:07, 4.64MB/s]\n"}
,{"stream_name":"stderr","time":493.661798686,"data":"\r 99%|█████████▊| 2.61G/2.64G [06:45\u003c00:07, 4.64MB/s]\r 99%|█████████▉| 2.61G/2.64G [06:46\u003c00:06, 4.82MB/s]\n"}
,{"stream_name":"stderr","time":493.799662913,"data":"\r 99%|█████████▉| 2.61G/2.64G [06:46\u003c00:06, 4.82MB/s]\r 99%|█████████▉| 2.61G/2.64G [06:46\u003c00:06, 5.01MB/s]\n"}
,{"stream_name":"stderr","time":493.937981941,"data":"\r 99%|█████████▉| 2.61G/2.64G [06:46\u003c00:06, 5.01MB/s]\r 99%|█████████▉| 2.61G/2.64G [06:46\u003c00:05, 5.21MB/s]\n"}
,{"stream_name":"stderr","time":494.076013771,"data":"\r 99%|█████████▉| 2.61G/2.64G [06:46\u003c00:05, 5.21MB/s]\r 99%|█████████▉| 2.61G/2.64G [06:46\u003c00:05, 5.36MB/s]\n"}
,{"stream_name":"stderr","time":494.213809126,"data":"\r 99%|█████████▉| 2.61G/2.64G [06:46\u003c00:05, 5.36MB/s]\r 99%|█████████▉| 2.61G/2.64G [06:46\u003c00:05, 5.61MB/s]\n"}
,{"stream_name":"stderr","time":494.351392508,"data":"\r 99%|█████████▉| 2.61G/2.64G [06:46\u003c00:05, 5.61MB/s]\r 99%|█████████▉| 2.61G/2.64G [06:46\u003c00:04, 5.79MB/s]\n"}
,{"stream_name":"stderr","time":494.489551038,"data":"\r 99%|█████████▉| 2.61G/2.64G [06:46\u003c00:04, 5.79MB/s]\r 99%|█████████▉| 2.61G/2.64G [06:46\u003c00:04, 6.04MB/s]\n"}
,{"stream_name":"stderr","time":494.626754213,"data":"\r 99%|█████████▉| 2.61G/2.64G [06:46\u003c00:04, 6.04MB/s]\r 99%|█████████▉| 2.61G/2.64G [06:47\u003c00:04, 6.23MB/s]\n"}
,{"stream_name":"stderr","time":494.764312373,"data":"\r 99%|█████████▉| 2.61G/2.64G [06:47\u003c00:04, 6.23MB/s]\r 99%|█████████▉| 2.61G/2.64G [06:47\u003c00:03, 6.51MB/s]\n"}
,{"stream_name":"stderr","time":494.901574494,"data":"\r 99%|█████████▉| 2.61G/2.64G [06:47\u003c00:03, 6.51MB/s]\r 99%|█████████▉| 2.62G/2.64G [06:47\u003c00:03, 6.77MB/s]\n"}
,{"stream_name":"stderr","time":495.039205228,"data":"\r 99%|█████████▉| 2.62G/2.64G [06:47\u003c00:03, 6.77MB/s]\r 99%|█████████▉| 2.62G/2.64G [06:47\u003c00:03, 7.03MB/s]\n"}
,{"stream_name":"stderr","time":495.176646016,"data":"\r 99%|█████████▉| 2.62G/2.64G [06:47\u003c00:03, 7.03MB/s]\r 99%|█████████▉| 2.62G/2.64G [06:47\u003c00:03, 7.28MB/s]\n"}
,{"stream_name":"stderr","time":495.315004171,"data":"\r 99%|█████████▉| 2.62G/2.64G [06:47\u003c00:03, 7.28MB/s]\r 99%|█████████▉| 2.62G/2.64G [06:47\u003c00:02, 7.59MB/s]\n"}
,{"stream_name":"stderr","time":495.452541375,"data":"\r 99%|█████████▉| 2.62G/2.64G [06:47\u003c00:02, 7.59MB/s]\r 99%|█████████▉| 2.62G/2.64G [06:47\u003c00:02, 7.88MB/s]\n"}
,{"stream_name":"stderr","time":495.590299887,"data":"\r 99%|█████████▉| 2.62G/2.64G [06:47\u003c00:02, 7.88MB/s]\r 99%|█████████▉| 2.62G/2.64G [06:48\u003c00:02, 8.16MB/s]\n"}
,{"stream_name":"stderr","time":495.728198431,"data":"\r 99%|█████████▉| 2.62G/2.64G [06:48\u003c00:02, 8.16MB/s]\r 99%|█████████▉| 2.62G/2.64G [06:48\u003c00:02, 8.49MB/s]\n"}
,{"stream_name":"stderr","time":495.865721941,"data":"\r 99%|█████████▉| 2.62G/2.64G [06:48\u003c00:02, 8.49MB/s]\r 99%|█████████▉| 2.62G/2.64G [06:48\u003c00:01, 8.80MB/s]\n"}
,{"stream_name":"stderr","time":496.003831977,"data":"\r 99%|█████████▉| 2.62G/2.64G [06:48\u003c00:01, 8.80MB/s]\r 99%|█████████▉| 2.63G/2.64G [06:48\u003c00:01, 9.16MB/s]\n"}
,{"stream_name":"stderr","time":496.141291746,"data":"\r 99%|█████████▉| 2.63G/2.64G [06:48\u003c00:01, 9.16MB/s]\r 99%|█████████▉| 2.63G/2.64G [06:48\u003c00:01, 9.48MB/s]\n"}
,{"stream_name":"stderr","time":496.27896571,"data":"\r 99%|█████████▉| 2.63G/2.64G [06:48\u003c00:01, 9.48MB/s]\r100%|█████████▉| 2.63G/2.64G [06:48\u003c00:01, 9.85MB/s]\n"}
,{"stream_name":"stderr","time":496.419404793,"data":"\r100%|█████████▉| 2.63G/2.64G [06:48\u003c00:01, 9.85MB/s]\r100%|█████████▉| 2.63G/2.64G [06:48\u003c00:01, 9.19MB/s]\n"}
,{"stream_name":"stderr","time":496.60270002,"data":"\r100%|█████████▉| 2.63G/2.64G [06:48\u003c00:01, 9.19MB/s]\r100%|█████████▉| 2.63G/2.64G [06:49\u003c00:01, 7.74MB/s]\n"}
,{"stream_name":"stderr","time":496.740549228,"data":"\r100%|█████████▉| 2.63G/2.64G [06:49\u003c00:01, 7.74MB/s]\r100%|█████████▉| 2.63G/2.64G [06:49\u003c00:01, 7.24MB/s]\n"}
,{"stream_name":"stderr","time":496.878280516,"data":"\r100%|█████████▉| 2.63G/2.64G [06:49\u003c00:01, 7.24MB/s]\r100%|█████████▉| 2.63G/2.64G [06:49\u003c00:01, 6.74MB/s]\n"}
,{"stream_name":"stderr","time":497.016069505,"data":"\r100%|█████████▉| 2.63G/2.64G [06:49\u003c00:01, 6.74MB/s]\r100%|█████████▉| 2.63G/2.64G [06:49\u003c00:01, 6.50MB/s]\n"}
,{"stream_name":"stderr","time":497.154250932,"data":"\r100%|█████████▉| 2.63G/2.64G [06:49\u003c00:01, 6.50MB/s]\r100%|█████████▉| 2.63G/2.64G [06:49\u003c00:01, 6.27MB/s]\n"}
,{"stream_name":"stderr","time":497.29193024,"data":"\r100%|█████████▉| 2.63G/2.64G [06:49\u003c00:01, 6.27MB/s]\r100%|█████████▉| 2.63G/2.64G [06:49\u003c00:01, 6.17MB/s]\n"}
,{"stream_name":"stderr","time":497.430143387,"data":"\r100%|█████████▉| 2.63G/2.64G [06:49\u003c00:01, 6.17MB/s]\r100%|█████████▉| 2.63G/2.64G [06:49\u003c00:00, 6.17MB/s]\n"}
,{"stream_name":"stderr","time":497.56741066,"data":"\r100%|█████████▉| 2.63G/2.64G [06:49\u003c00:00, 6.17MB/s]\r100%|█████████▉| 2.64G/2.64G [06:49\u003c00:00, 6.11MB/s]\n"}
,{"stream_name":"stderr","time":497.705160289,"data":"\r100%|█████████▉| 2.64G/2.64G [06:49\u003c00:00, 6.11MB/s]\r100%|█████████▉| 2.64G/2.64G [06:50\u003c00:00, 6.13MB/s]\n"}
,{"stream_name":"stderr","time":497.8429808,"data":"\r100%|█████████▉| 2.64G/2.64G [06:50\u003c00:00, 6.13MB/s]\r100%|█████████▉| 2.64G/2.64G [06:50\u003c00:00, 6.15MB/s]\n"}
,{"stream_name":"stderr","time":497.981044499,"data":"\r100%|█████████▉| 2.64G/2.64G [06:50\u003c00:00, 6.15MB/s]\r100%|█████████▉| 2.64G/2.64G [06:50\u003c00:00, 6.22MB/s]\n"}
,{"stream_name":"stderr","time":498.118790347,"data":"\r100%|█████████▉| 2.64G/2.64G [06:50\u003c00:00, 6.22MB/s]\r100%|█████████▉| 2.64G/2.64G [06:50\u003c00:00, 6.22MB/s]\n"}
,{"stream_name":"stderr","time":498.256443164,"data":"\r100%|█████████▉| 2.64G/2.64G [06:50\u003c00:00, 6.22MB/s]\r100%|█████████▉| 2.64G/2.64G [06:50\u003c00:00, 6.28MB/s]\n"}
,{"stream_name":"stderr","time":498.3029737,"data":"\r100%|█████████▉| 2.64G/2.64G [06:50\u003c00:00, 6.28MB/s]\r100%|██████████| 2.64G/2.64G [06:50\u003c00:00, 6.43MB/s]\n"}
,{"stream_name":"stderr","time":498.318739716,"data":"\r100%|██████████| 2.64G/2.64G [06:50\u003c00:00, 6.43MB/s]\n"}
,{"stream_name":"stderr","time":498.318760857,"data":"\n"}
,{"stream_name":"stderr","time":498.318766396,"data":"\n"}
,{"stream_name":"stdout","time":553.413654308,"data":"Data loaded.\n"}
,{"stream_name":"stderr","time":557.949340971,"data":"/usr/local/lib/python3.12/dist-packages/open_clip/factory.py:450: UserWarning: QuickGELU mismatch between final model config (quick_gelu=False) and pretrained tag 'openai' (quick_gelu=True).\n"}
,{"stream_name":"stderr","time":557.949418439,"data":"  warnings.warn(\n"}
,{"stream_name":"stderr","time":557.949424993,"data":"\n"}
,{"stream_name":"stderr","time":557.949430317,"data":"/usr/local/lib/python3.12/dist-packages/open_clip/factory.py:450: UserWarning: QuickGELU mismatch between final model config (quick_gelu=False) and pretrained tag 'openai' (quick_gelu=True).\n"}
,{"stream_name":"stderr","time":557.949435075,"data":"  warnings.warn(\n"}
,{"stream_name":"stdout","time":560.08832951,"data":"Downloading: \"https://download.pytorch.org/models/resnet50-11ad3fa6.pth\" to /root/.cache/torch/hub/checkpoints/resnet50-11ad3fa6.pth\n"}
,{"stream_name":"stderr","time":560.089428785,"data":"\r  0%|          | 0.00/97.8M [00:00\u003c?, ?B/s]\n"}
,{"stream_name":"stderr","time":560.190226519,"data":"\r  0%|          | 0.00/97.8M [00:00\u003c?, ?B/s]\r  6%|▋         | 6.12M/97.8M [00:00\u003c00:01, 64.1MB/s]\n"}
,{"stream_name":"stderr","time":560.290869086,"data":"\r  6%|▋         | 6.12M/97.8M [00:00\u003c00:01, 64.1MB/s]\r 23%|██▎       | 22.5M/97.8M [00:00\u003c00:00, 127MB/s] \n"}
,{"stream_name":"stderr","time":560.391276458,"data":"\r 23%|██▎       | 22.5M/97.8M [00:00\u003c00:00, 127MB/s] \r 40%|███▉      | 38.9M/97.8M [00:00\u003c00:00, 147MB/s]\n"}
,{"stream_name":"stderr","time":560.490649672,"data":"\r 40%|███▉      | 38.9M/97.8M [00:00\u003c00:00, 147MB/s]\r 56%|█████▌    | 54.4M/97.8M [00:00\u003c00:00, 153MB/s]\n"}
,{"stream_name":"stderr","time":560.59102269,"data":"\r 56%|█████▌    | 54.4M/97.8M [00:00\u003c00:00, 153MB/s]\r 71%|███████▏  | 69.9M/97.8M [00:00\u003c00:00, 157MB/s]\n"}
,{"stream_name":"stderr","time":560.692073817,"data":"\r 71%|███████▏  | 69.9M/97.8M [00:00\u003c00:00, 157MB/s]\r 88%|████████▊ | 85.8M/97.8M [00:00\u003c00:00, 159MB/s]\n"}
,{"stream_name":"stderr","time":560.768723197,"data":"\r 88%|████████▊ | 85.8M/97.8M [00:00\u003c00:00, 159MB/s]\r100%|██████████| 97.8M/97.8M [00:00\u003c00:00, 151MB/s]\n"}
,{"stream_name":"stderr","time":560.790615021,"data":"\r100%|██████████| 97.8M/97.8M [00:00\u003c00:00, 151MB/s]\n"}
,{"stream_name":"stderr","time":560.790642689,"data":"\n"}
,{"stream_name":"stderr","time":560.790648302,"data":"\n"}
,{"stream_name":"stdout","time":562.143424905,"data":"Downloading: \"https://download.pytorch.org/models/vit_b_16-c867db91.pth\" to /root/.cache/torch/hub/checkpoints/vit_b_16-c867db91.pth\n"}
,{"stream_name":"stderr","time":562.144355532,"data":"\r  0%|          | 0.00/330M [00:00\u003c?, ?B/s]\n"}
,{"stream_name":"stderr","time":562.244739413,"data":"\r  0%|          | 0.00/330M [00:00\u003c?, ?B/s]\r  3%|▎         | 9.00M/330M [00:00\u003c00:03, 94.3MB/s]\n"}
,{"stream_name":"stderr","time":562.345609664,"data":"\r  3%|▎         | 9.00M/330M [00:00\u003c00:03, 94.3MB/s]\r  8%|▊         | 27.4M/330M [00:00\u003c00:02, 152MB/s] \n"}
,{"stream_name":"stderr","time":562.446128428,"data":"\r  8%|▊         | 27.4M/330M [00:00\u003c00:02, 152MB/s] \r 14%|█▎        | 44.6M/330M [00:00\u003c00:01, 165MB/s]\n"}
,{"stream_name":"stderr","time":562.546350777,"data":"\r 14%|█▎        | 44.6M/330M [00:00\u003c00:01, 165MB/s]\r 19%|█▊        | 61.5M/330M [00:00\u003c00:01, 169MB/s]\n"}
,{"stream_name":"stderr","time":562.647054602,"data":"\r 19%|█▊        | 61.5M/330M [00:00\u003c00:01, 169MB/s]\r 24%|██▎       | 78.4M/330M [00:00\u003c00:01, 172MB/s]\n"}
,{"stream_name":"stderr","time":562.746757778,"data":"\r 24%|██▎       | 78.4M/330M [00:00\u003c00:01, 172MB/s]\r 29%|██▉       | 95.5M/330M [00:00\u003c00:01, 174MB/s]\n"}
,{"stream_name":"stderr","time":562.847089163,"data":"\r 29%|██▉       | 95.5M/330M [00:00\u003c00:01, 174MB/s]\r 34%|███▍      | 112M/330M [00:00\u003c00:01, 175MB/s] \n"}
,{"stream_name":"stderr","time":562.947345156,"data":"\r 34%|███▍      | 112M/330M [00:00\u003c00:01, 175MB/s] \r 39%|███▉      | 129M/330M [00:00\u003c00:01, 175MB/s]\n"}
,{"stream_name":"stderr","time":563.048468529,"data":"\r 39%|███▉      | 129M/330M [00:00\u003c00:01, 175MB/s]\r 44%|████▍     | 146M/330M [00:00\u003c00:01, 176MB/s]\n"}
,{"stream_name":"stderr","time":563.148601011,"data":"\r 44%|████▍     | 146M/330M [00:00\u003c00:01, 176MB/s]\r 49%|████▉     | 163M/330M [00:01\u003c00:00, 177MB/s]\n"}
,{"stream_name":"stderr","time":563.248826903,"data":"\r 49%|████▉     | 163M/330M [00:01\u003c00:00, 177MB/s]\r 55%|█████▍    | 181M/330M [00:01\u003c00:00, 179MB/s]\n"}
,{"stream_name":"stderr","time":563.349301291,"data":"\r 55%|█████▍    | 181M/330M [00:01\u003c00:00, 179MB/s]\r 60%|██████    | 199M/330M [00:01\u003c00:00, 180MB/s]\n"}
,{"stream_name":"stderr","time":563.449964204,"data":"\r 60%|██████    | 199M/330M [00:01\u003c00:00, 180MB/s]\r 65%|██████▌   | 216M/330M [00:01\u003c00:00, 180MB/s]\n"}
,{"stream_name":"stderr","time":563.553009652,"data":"\r 65%|██████▌   | 216M/330M [00:01\u003c00:00, 180MB/s]\r 71%|███████   | 233M/330M [00:01\u003c00:00, 179MB/s]\n"}
,{"stream_name":"stderr","time":563.653005742,"data":"\r 71%|███████   | 233M/330M [00:01\u003c00:00, 179MB/s]\r 76%|███████▌  | 250M/330M [00:01\u003c00:00, 179MB/s]\n"}
,{"stream_name":"stderr","time":563.759632585,"data":"\r 76%|███████▌  | 250M/330M [00:01\u003c00:00, 179MB/s]\r 81%|████████  | 267M/330M [00:01\u003c00:00, 176MB/s]\n"}
,{"stream_name":"stderr","time":563.865208782,"data":"\r 81%|████████  | 267M/330M [00:01\u003c00:00, 176MB/s]\r 86%|████████▌ | 284M/330M [00:01\u003c00:00, 173MB/s]\n"}
,{"stream_name":"stderr","time":563.967185077,"data":"\r 86%|████████▌ | 284M/330M [00:01\u003c00:00, 173MB/s]\r 91%|█████████ | 301M/330M [00:01\u003c00:00, 173MB/s]\n"}
,{"stream_name":"stderr","time":564.067849722,"data":"\r 91%|█████████ | 301M/330M [00:01\u003c00:00, 173MB/s]\r 96%|█████████▌| 317M/330M [00:01\u003c00:00, 172MB/s]\n"}
,{"stream_name":"stderr","time":564.143155999,"data":"\r 96%|█████████▌| 317M/330M [00:01\u003c00:00, 172MB/s]\r100%|██████████| 330M/330M [00:01\u003c00:00, 173MB/s]\n"}
,{"stream_name":"stderr","time":564.167469483,"data":"\r100%|██████████| 330M/330M [00:01\u003c00:00, 173MB/s]\n"}
,{"stream_name":"stderr","time":564.167530554,"data":"\n"}
,{"stream_name":"stderr","time":564.167540018,"data":"\n"}
,{"stream_name":"stderr","time":564.638905359,"data":"Warning: You are sending unauthenticated requests to the HF Hub. Please set a HF_TOKEN to enable higher rate limits and faster downloads.\n"}
,{"stream_name":"stderr","time":564.640553201,"data":"\n"}
,{"stream_name":"stderr","time":564.640568326,"data":"Warning: You are sending unauthenticated requests to the HF Hub. Please set a HF_TOKEN to enable higher rate limits and faster downloads.\n"}
,{"stream_name":"stderr","time":564.640579062,"data":"WARNING:huggingface_hub.utils._http:Warning: You are sending unauthenticated requests to the HF Hub. Please set a HF_TOKEN to enable higher rate limits and faster downloads.\n"}
,{"stream_name":"stderr","time":564.640583873,"data":"\n"}
,{"stream_name":"stderr","time":564.640602295,"data":"WARNING:huggingface_hub.utils._http:Warning: You are sending unauthenticated requests to the HF Hub. Please set a HF_TOKEN to enable higher rate limits and faster downloads.\n"}
,{"stream_name":"stdout","time":585.385438569,"data":"resnet early stopping at epoch 17\n"}
,{"stream_name":"stdout","time":638.557942556,"data":"vit early stopping at epoch 16\n"}
,{"stream_name":"stdout","time":654.126541421,"data":"clip early stopping at epoch 11\n"}
,{"stream_name":"stdout","time":694.357980739,"data":"Downloading: \"https://download.pytorch.org/models/vgg19-dcbb9e9d.pth\" to /root/.cache/torch/hub/checkpoints/vgg19-dcbb9e9d.pth\n"}
,{"stream_name":"stderr","time":694.358946994,"data":"\r  0%|          | 0.00/548M [00:00\u003c?, ?B/s]\n"}
,{"stream_name":"stderr","time":694.460377529,"data":"\r  0%|          | 0.00/548M [00:00\u003c?, ?B/s]\r  2%|▏         | 9.25M/548M [00:00\u003c00:05, 96.5MB/s]\n"}
,{"stream_name":"stderr","time":694.56073073,"data":"\r  2%|▏         | 9.25M/548M [00:00\u003c00:05, 96.5MB/s]\r  6%|▌         | 31.6M/548M [00:00\u003c00:03, 177MB/s] \n"}
,{"stream_name":"stderr","time":694.660922969,"data":"\r  6%|▌         | 31.6M/548M [00:00\u003c00:03, 177MB/s] \r 10%|▉         | 53.8M/548M [00:00\u003c00:02, 202MB/s]\n"}
,{"stream_name":"stderr","time":694.761158257,"data":"\r 10%|▉         | 53.8M/548M [00:00\u003c00:02, 202MB/s]\r 14%|█▍        | 76.1M/548M [00:00\u003c00:02, 215MB/s]\n"}
,{"stream_name":"stderr","time":694.861133715,"data":"\r 14%|█▍        | 76.1M/548M [00:00\u003c00:02, 215MB/s]\r 18%|█▊        | 98.1M/548M [00:00\u003c00:02, 220MB/s]\n"}
,{"stream_name":"stderr","time":694.961536075,"data":"\r 18%|█▊        | 98.1M/548M [00:00\u003c00:02, 220MB/s]\r 22%|██▏       | 120M/548M [00:00\u003c00:02, 224MB/s] \n"}
,{"stream_name":"stderr","time":695.06155894,"data":"\r 22%|██▏       | 120M/548M [00:00\u003c00:02, 224MB/s] \r 26%|██▌       | 142M/548M [00:00\u003c00:01, 226MB/s]\n"}
,{"stream_name":"stderr","time":695.162027136,"data":"\r 26%|██▌       | 142M/548M [00:00\u003c00:01, 226MB/s]\r 30%|██▉       | 164M/548M [00:00\u003c00:01, 227MB/s]\n"}
,{"stream_name":"stderr","time":695.264003039,"data":"\r 30%|██▉       | 164M/548M [00:00\u003c00:01, 227MB/s]\r 34%|███▍      | 186M/548M [00:00\u003c00:01, 226MB/s]\n"}
,{"stream_name":"stderr","time":695.36398911,"data":"\r 34%|███▍      | 186M/548M [00:00\u003c00:01, 226MB/s]\r 38%|███▊      | 208M/548M [00:01\u003c00:01, 229MB/s]\n"}
,{"stream_name":"stderr","time":695.464157661,"data":"\r 38%|███▊      | 208M/548M [00:01\u003c00:01, 229MB/s]\r 42%|████▏     | 231M/548M [00:01\u003c00:01, 231MB/s]\n"}
,{"stream_name":"stderr","time":695.56438355,"data":"\r 42%|████▏     | 231M/548M [00:01\u003c00:01, 231MB/s]\r 46%|████▌     | 253M/548M [00:01\u003c00:01, 231MB/s]\n"}
,{"stream_name":"stderr","time":695.670340131,"data":"\r 46%|████▌     | 253M/548M [00:01\u003c00:01, 231MB/s]\r 50%|█████     | 275M/548M [00:01\u003c00:01, 227MB/s]\n"}
,{"stream_name":"stderr","time":695.775891161,"data":"\r 50%|█████     | 275M/548M [00:01\u003c00:01, 227MB/s]\r 54%|█████▍    | 296M/548M [00:01\u003c00:01, 223MB/s]\n"}
,{"stream_name":"stderr","time":695.876098223,"data":"\r 54%|█████▍    | 296M/548M [00:01\u003c00:01, 223MB/s]\r 58%|█████▊    | 318M/548M [00:01\u003c00:01, 224MB/s]\n"}
,{"stream_name":"stderr","time":695.976142366,"data":"\r 58%|█████▊    | 318M/548M [00:01\u003c00:01, 224MB/s]\r 62%|██████▏   | 340M/548M [00:01\u003c00:00, 228MB/s]\n"}
,{"stream_name":"stderr","time":696.076130833,"data":"\r 62%|██████▏   | 340M/548M [00:01\u003c00:00, 228MB/s]\r 66%|██████▋   | 363M/548M [00:01\u003c00:00, 231MB/s]\n"}
,{"stream_name":"stderr","time":696.176258381,"data":"\r 66%|██████▋   | 363M/548M [00:01\u003c00:00, 231MB/s]\r 70%|███████   | 386M/548M [00:01\u003c00:00, 232MB/s]\n"}
,{"stream_name":"stderr","time":696.276755006,"data":"\r 70%|███████   | 386M/548M [00:01\u003c00:00, 232MB/s]\r 74%|███████▍  | 408M/548M [00:01\u003c00:00, 232MB/s]\n"}
,{"stream_name":"stderr","time":696.393054939,"data":"\r 74%|███████▍  | 408M/548M [00:01\u003c00:00, 232MB/s]\r 78%|███████▊  | 430M/548M [00:02\u003c00:00, 222MB/s]\n"}
,{"stream_name":"stderr","time":696.493269219,"data":"\r 78%|███████▊  | 430M/548M [00:02\u003c00:00, 222MB/s]\r 83%|████████▎ | 452M/548M [00:02\u003c00:00, 225MB/s]\n"}
,{"stream_name":"stderr","time":696.593363092,"data":"\r 83%|████████▎ | 452M/548M [00:02\u003c00:00, 225MB/s]\r 87%|████████▋ | 475M/548M [00:02\u003c00:00, 229MB/s]\n"}
,{"stream_name":"stderr","time":696.693401756,"data":"\r 87%|████████▋ | 475M/548M [00:02\u003c00:00, 229MB/s]\r 91%|█████████ | 498M/548M [00:02\u003c00:00, 231MB/s]\n"}
,{"stream_name":"stderr","time":696.795437909,"data":"\r 91%|█████████ | 498M/548M [00:02\u003c00:00, 231MB/s]\r 95%|█████████▍| 520M/548M [00:02\u003c00:00, 230MB/s]\n"}
,{"stream_name":"stderr","time":696.896714048,"data":"\r 95%|█████████▍| 520M/548M [00:02\u003c00:00, 230MB/s]\r 99%|█████████▉| 542M/548M [00:02\u003c00:00, 229MB/s]\n"}
,{"stream_name":"stderr","time":696.924545011,"data":"\r 99%|█████████▉| 542M/548M [00:02\u003c00:00, 229MB/s]\r100%|██████████| 548M/548M [00:02\u003c00:00, 224MB/s]\n"}
,{"stream_name":"stderr","time":697.256608611,"data":"\r100%|██████████| 548M/548M [00:02\u003c00:00, 224MB/s]\n"}
,{"stream_name":"stderr","time":697.256668238,"data":"\n"}
,{"stream_name":"stderr","time":697.256675079,"data":"\n"}
,{"stream_name":"stdout","time":4480.738002082,"data":"Translating 0px\n"}
,{"stream_name":"stdout","time":4491.122228085,"data":"Translating 8px\n"}
,{"stream_name":"stdout","time":4533.421542171,"data":"Translating 16px\n"}
,{"stream_name":"stdout","time":4575.773842955,"data":"Translating 32px\n"}
,{"stream_name":"stderr","time":4674.332882903,"data":"/usr/local/lib/python3.12/dist-packages/umap/umap_.py:1952: UserWarning: n_jobs value 1 overridden to 1 by setting random_state. Use no seed for parallelism.\n"}
,{"stream_name":"stderr","time":4674.332951556,"data":"  warn(\n"}
,{"stream_name":"stderr","time":4674.332958389,"data":"\n"}
,{"stream_name":"stderr","time":4674.332963066,"data":"/usr/local/lib/python3.12/dist-packages/umap/umap_.py:1952: UserWarning: n_jobs value 1 overridden to 1 by setting random_state. Use no seed for parallelism.\n"}
,{"stream_name":"stderr","time":4674.332967891,"data":"  warn(\n"}
,{"stream_name":"stderr","time":4696.948150651,"data":"/usr/local/lib/python3.12/dist-packages/umap/umap_.py:1952: UserWarning: n_jobs value 1 overridden to 1 by setting random_state. Use no seed for parallelism.\n"}
,{"stream_name":"stderr","time":4696.948194681,"data":"  warn(\n"}
,{"stream_name":"stderr","time":4696.948201066,"data":"\n"}
,{"stream_name":"stderr","time":4696.948205781,"data":"/usr/local/lib/python3.12/dist-packages/umap/umap_.py:1952: UserWarning: n_jobs value 1 overridden to 1 by setting random_state. Use no seed for parallelism.\n"}
,{"stream_name":"stderr","time":4696.948210916,"data":"  warn(\n"}
,{"stream_name":"stderr","time":4703.505563357,"data":"/usr/local/lib/python3.12/dist-packages/umap/umap_.py:1952: UserWarning: n_jobs value 1 overridden to 1 by setting random_state. Use no seed for parallelism.\n"}
,{"stream_name":"stderr","time":4703.505595212,"data":"  warn(\n"}
,{"stream_name":"stderr","time":4703.505600877,"data":"\n"}
,{"stream_name":"stderr","time":4703.505605284,"data":"/usr/local/lib/python3.12/dist-packages/umap/umap_.py:1952: UserWarning: n_jobs value 1 overridden to 1 by setting random_state. Use no seed for parallelism.\n"}
,{"stream_name":"stderr","time":4703.505609816,"data":"  warn(\n"}
,{"stream_name":"stdout","time":4707.18205368,"data":"Cleaned up.\n"}
,{"stream_name":"stderr","time":4713.19863216,"data":"/usr/local/lib/python3.12/dist-packages/mistune.py:435: SyntaxWarning: invalid escape sequence '\\|'\n"}
,{"stream_name":"stderr","time":4713.198665516,"data":"  cells[i][c] = re.sub('\\\\\\\\\\|', '|', cell)\n"}
,{"stream_name":"stderr","time":4713.368409806,"data":"/usr/local/lib/python3.12/dist-packages/nbconvert/filters/filter_links.py:36: SyntaxWarning: invalid escape sequence '\\_'\n"}
,{"stream_name":"stderr","time":4713.368436227,"data":"  text = re.sub(r'_', '\\_', text) # Escape underscores in display text\n"}
,{"stream_name":"stderr","time":4713.996861055,"data":"[NbConvertApp] Converting notebook __notebook__.ipynb to notebook\n"}
,{"stream_name":"stderr","time":4714.799291842,"data":"[NbConvertApp] Writing 1654514 bytes to __notebook__.ipynb\n"}
,{"stream_name":"stderr","time":4717.134551941,"data":"[NbConvertApp] Converting notebook __notebook__.ipynb to html\n"}
,{"stream_name":"stderr","time":4718.137466182,"data":"[NbConvertApp] Support files will be in __results___files/\n"}
,{"stream_name":"stderr","time":4718.137496904,"data":"[NbConvertApp] Making directory __results___files\n"}
,{"stream_name":"stderr","time":4718.138378658,"data":"[NbConvertApp] Making directory __results___files\n"}
,{"stream_name":"stderr","time":4718.138711764,"data":"[NbConvertApp] Writing 679185 bytes to __results__.html\n"}
]